section,name,type,title,go-to-url,go-to-title,,,,,,,,,
Coupons-Store-Carousel,section6,catagory-carousel-no-text,Find the Best Deals Online,,All Stores,items,,,,,,,,
,,,,,,name,image-url,url,,,,,,
,,,,,,Zalora Code,https://a.ipricegroup.com/store/zalora-hk.jpg,https://iprice.hk/coupons/zalora,,,,,,
,,,,,,KKday Promo Code,https://a.ipricegroup.com/store/kkday-hk.jpg,https://iprice.hk/coupons/kkday,,,,,,
,,,,,,Klook Promo Code,https://a.ipricegroup.com/store/klook-hk.jpg,https://iprice.hk/coupons/klook,,,,,,
,,,,,,Trip com Promo Code,https://a.ipricegroup.com/store/tripcom-hk.jpg,https://iprice.hk/coupons/tripcom/,,,,,,
,,,,,,Nike Sale,https://a.ipricegroup.com/store/nike-hk.jpg,https://iprice.hk/coupons/nike,,,,,,
,,,,,,Zuji Code,https://a.ipricegroup.com/store/zuji-hk.jpg,https://iprice.hk/coupons/zuji,,,,,,
,,,,,,Iherb Code,https://a.ipricegroup.com/store/iherb-hk.jpg,https://iprice.hk/coupons/iherb,,,,,,
,,,,,,Expedia Code,https://a.ipricegroup.com/store/expedia-hk.jpg,https://iprice.hk/coupons/expedia/,,,,,,
,,,,,,Agoda Discount Code,https://a.ipricegroup.com/store/agoda-hk.jpg,https://iprice.hk/coupons/agoda,,,,,,
,,,,,,Wing on Travel Promotion Code,https://a.ipricegroup.com/store/wing-on-travel-hk.jpg,https://iprice.hk/coupons/wing-on-travel/,,,,,,
,,,,,,Charles and Keith Promo Code,https://a.ipricegroup.com/store/charles-keith-sg.jpg,https://iprice.hk/coupons/charles-keith/,,,,,,
,,,,,,Amazon,https://a.ipricegroup.com/store/amazoncom.jpg,https://iprice.hk/coupons/amazon,,,,,,
,,,,,,Booking.com Promotion Code,https://a.ipricegroup.com/store/bookingcom-hk.jpg,https://iprice.hk/coupons/bookingcom/,,,,,,
,,,,,,Yoox Promo Code,https://a.ipricegroup.com/store/yoox-hk.jpg,https://iprice.hk/coupons/yoox,,,,,,
,,,,,,Farfetch Promo Code,https://a.ipricegroup.com/store/farfetch-hk.jpg,https://iprice.hk/coupons/farfetch,,,,,,
,,,,,,ParknShop Coupon,https://a.ipricegroup.com/store/parknshop-hk.jpg,https://iprice.hk/coupons/parknshop/,,,,,,
PLP-EL-BrandCategory-Carousel,section3,catagory-carousel,Compare the Best Prices in Electronics,,,items,,,,,,,,
,,,,,,brand-name,name,image-url,url,,,,,
,,,,,,Xiaomi,Appliances,https://p.ipricegroup.com/uploaded_cbd48280ca24e9a211b112f0713892d1.jpg,https://iprice.hk/xiaomi/appliances/,,,,,
,,,,,,Xiaomi,"TV, Video & DVD",https://p.ipricegroup.com/63d6167f2d6895b67c19a96d27651a617cdaec02_0.jpg,https://iprice.hk/xiaomi/tv-video-dvd/,,,,,
,,,,,,Nikon,Camera Products HK,https://p.ipricegroup.com/uploaded_edce51c5829949f8a7f5a1990747910c.jpg,https://iprice.hk/nikon/camera-photo/,,,,,
,,,,,,DJI,Drones,https://p.ipricegroup.com/uploaded_37e5310e6e0c294cb804589dceee5ba2.jpg,https://iprice.hk/dji/camera-photo/drones/,,,,,
,,,,,,GoPro,Camera Products HK,https://p.ipricegroup.com/uploaded_84faaba157680891772f31aacc30957d.jpg,https://iprice.hk/gopro/camera-photo/,,,,,
,,,,,,Yamaha,Audio & Hi Fi,https://p.ipricegroup.com/cb18a62519fa7a935040f16fec4dbbea4de60f3b_0.jpg,https://iprice.hk/yamaha/audio-hi-fi/,,,,,
,,,,,,Huawei,Phones & Tablets,https://p.ipricegroup.com/uploaded_1f19cab54ae9c7f0174e5aff16b5fd7d.jpg,https://iprice.hk/huawei/phones-tablets/,,,,,
,,,,,,Xiaomi,Laptops,https://p.ipricegroup.com/uploaded_a49d8ad86cb404859512c10d444b689e.jpg,https://iprice.hk/xiaomi/computing/laptops/,,,,,
,,,,,,Canon,DSLRs,https://p.ipricegroup.com/uploaded_907600789702416f4ce5bf4b08189f4d.jpg,https://iprice.hk/canon/camera-photo/dslrs/,,,,,
,,,,,,Xiaomi,Phones & Tablets,https://p.ipricegroup.com/uploaded_63693db0cc273f6174079cfa6f7a0e85.jpg,https://iprice.hk/xiaomi/phones-tablets/,,,,,
,,,,,,Casio,Calculators,https://p.ipricegroup.com/15051369_0.jpg,https://iprice.hk/casio/stationery/calculators/,,,,,
,,,,,,Xiaomi,Smartwatches,https://p.ipricegroup.com/uploaded_6cb3a29a07147a89b08233c3df1f5705.jpg,https://iprice.hk/xiaomi/phones-tablets/smartwatches/,,,,,
,,,,,,Fujifilm,Camera Products HK,https://p.ipricegroup.com/uploaded_c722ee18e86016e80f35c7dc3f2060aa.jpg,https://iprice.hk/fujifilm/camera-photo/,,,,,
,,,,,,Yamaha,Amplifiers,https://p.ipricegroup.com/8d31e4524254efea98de4cb68f27eec564426404_0.jpg,https://iprice.hk/yamaha/audio-hi-fi/amplifiers/,,,,,
,,,,,,HP,Laptops,https://p.ipricegroup.com/4e968797881183aac612dca71df9727854f56d81_0.jpg,https://iprice.hk/hp/computing/laptops/,,,,,
,,,,,,Canon,Camera Lenses,https://p.ipricegroup.com/uploaded_7da45f16260adc86ffe9e2ad525e9ae3.jpg,https://iprice.hk/canon/camera-photo/lenses/,,,,,
,,,,,,Samsung,Smartwatches,https://p.ipricegroup.com/uploaded_65fa4ed95ecdfd18ef0285c81d0950d7.jpg,https://iprice.hk/samsung/phones-tablets/smartwatches/,,,,,
,,,,,,ASUS,Mobile Phones,https://p.ipricegroup.com/uploaded_0890a6d934b6a4bd4f7811b13bba89c4.jpg,https://iprice.hk/asus/phones-tablets/smartphones/,,,,,
,,,,,,Jaybird,Headphones,https://p.ipricegroup.com/uploaded_26e1ca584407bdf540704f46b49ae50c.jpg,https://iprice.hk/jaybird/audio-hi-fi/headphones/,,,,,
PLP-EL-Brand-Carousel,section3_brand,catagory-carousel-no-text,,,,items,,,,,,,,
,,,,,,name,image-url,url,,,,,,
,,,,,,Acer,https://a.ipricegroup.com/media/acer.png,https://iprice.hk/acer/,,,,,,
,,,,,,Apple,https://a.ipricegroup.com/media/apple_2.png,https://iprice.hk/apple/,,,,,,
,,,,,,Dell,https://a.ipricegroup.com/media/dell.png,https://iprice.hk/dell/,,,,,,
,,,,,,Asus,https://a.ipricegroup.com/media/asus.png,https://iprice.hk/asus/,,,,,,
,,,,,,Lenovo,https://a.ipricegroup.com/media/lenovos.png,https://iprice.hk/lenovo/,,,,,,
,,,,,,Samsung,https://a.ipricegroup.com/brand/samsung.jpg,https://iprice.hk/samsung/,,,,,,
,,,,,,Huawei,https://a.ipricegroup.com/media/huawei.png,https://iprice.hk/huawei/,,,,,,
,,,,,,Nokia,https://a.ipricegroup.com/brand/nokia.jpg,https://iprice.hk/nokia/,,,,,,
,,,,,,Samsung,https://a.ipricegroup.com/brand/samsung.jpg,https://iprice.hk/samsung/,,,,,,
,,,,,,LG,https://a.ipricegroup.com/media/lg.png,https://iprice.hk/lg/,,,,,,
,,,,,,HTC,https://a.ipricegroup.com/media/htc_2.png,https://iprice.hk/htc/,,,,,,
,,,,,,BenQ,https://a.ipricegroup.com/brand/benq.jpg,https://iprice.hk/benq/,,,,,,
,,,,,,Hp,https://a.ipricegroup.com/brand/hp.jpg,https://iprice.hk/hp/,,,,,,
,,,,,,Microsoft,https://a.ipricegroup.com/media/microsoft_2.png,https://iprice.hk/microsoft/,,,,,,
,,,,,,Olympus,https://a.ipricegroup.com/media/olympus.png,https://iprice.hk/olympus/,,,,,,
,,,,,,Nikon,https://a.ipricegroup.com/media/nikon.png,https://iprice.hk/nikon/,,,,,,
,,,,,,Canon,https://a.ipricegroup.com/media/canon_2.png,https://iprice.hk/canon/,,,,,,
,,,,,,Panasonic,https://a.ipricegroup.com/media/panasonic.png,https://iprice.hk/panasonic/,,,,,,
,,,,,,Sony,https://a.ipricegroup.com/media/sony.png,https://iprice.hk/sony/,,,,,,
,,,,,,LG,https://a.ipricegroup.com/media/lg.png,https://iprice.hk/lg/,,,,,,
,,,,,,Philips,https://a.ipricegroup.com/media/philips_2.png,https://iprice.hk/philips/,,,,,,
,,,,,,,https://a.ipricegroup.com/media/homepage/EN_allbrands.jpg,https://iprice.hk/brands/,,,,,,
PLP-EL-Category-Carousel,section11,product-carousel,,,,items,,,,,,,,
,,,,,,name,image-url,url,,,,,,
,,,,,,Computer,https://a.ipricegroup.com/media/homepage/Icon_v2/Computers.png,https://iprice.hk/computing,items1,,,,,
,,,,,,,,,name,url,,,,
,,,,,,,,,Laptops,https://iprice.hk/computing/laptops/,,,,
,,,,,,,,,Desktop PCs,https://iprice.hk/computing/desktop-pcs/,,,,
,,,,,,,,,Webcams,https://iprice.hk/computing/webcams/,,,,
,,,,,,,,,Computing Software,https://iprice.hk/computing/software/,,,,
,,,,,,,,,Printers,https://iprice.hk/computing/printers/,,,,
,,,,,,,,,Hardware,https://iprice.hk/computing/hardware/,,,,
,,,,,,,,,Computing Accessories,https://iprice.hk/computing/accessories/,,,,
,,,,,,,,,External Storage,https://iprice.hk/computing/external-storage/,,,,
,,,,,,,,,Network Gear,https://iprice.hk/computing/network-gear/,,,,
,,,,,,Phones & Tablets,https://a.ipricegroup.com/media/homepage/Icon_v2/Tablets_and_Phones.png,https://iprice.hk/phones-tablets/,items1,,,,,
,,,,,,,,,name,url,,,,
,,,,,,,,,Mobile Phones,https://iprice.hk/phones-tablets/smartphones/,,,,
,,,,,,,,,Tablets,https://iprice.hk/phones-tablets/tablets/,,,,
,,,,,,,,,Smartwatches,https://iprice.hk/phones-tablets/smartwatches/,,,,
,,,,,,,,,Bluetooth Headsets,https://iprice.hk/phones-tablets/bluetooth-headsets/,,,,
,,,,,,,,,Basic Phones,https://iprice.hk/phones-tablets/basic-phones/,,,,
,,,,,,,,,Upcoming Mobile Phones,https://iprice.hk/upcoming-products/smartphones/,,,,
,,,,,,Gaming,https://a.ipricegroup.com/media/homepage/Icon_v2/Gaming.png,https://iprice.hk/gaming/,items1,,,,,
,,,,,,,,,name,url,,,,
,,,,,,,,,Playstation,https://iprice.hk/gaming/playstation/,,,,
,,,,,,,,,Xbox,https://iprice.hk/gaming/xbox/,,,,
,,,,,,,,,Gaming Games,https://iprice.hk/gaming/games/,,,,
,,,,,,,,,Gaming Controllers,https://iprice.hk/gaming/controllers/,,,,
,,,,,,,,,Nintendo Consoles,https://iprice.hk/gaming/nintendo/,,,,
,,,,,,,,,Gaming Accessories,https://iprice.hk/gaming/accessories/,,,,
,,,,,,,,,Games,https://iprice.hk/gaming/mobile/,,,,
,,,,,,,,,Other Consoles,https://iprice.hk/gaming/other-consoles/,,,,
,,,,,,Camera & Photo,https://a.ipricegroup.com/media/homepage/Icon_v2/Cameras.png,https://iprice.hk/camera-photo/,items1,,,,,
,,,,,,,,,name,url,,,,
,,,,,,,,,DSLRs,https://iprice.hk/camera-photo/dslrs/,,,,
,,,,,,,,,Camcorders,https://iprice.hk/camera-photo/camcorders/,,,,
,,,,,,,,,Polaroid,https://iprice.hk/camera-photo/polaroid/,,,,
,,,,,,,,,Drones,https://iprice.hk/camera-photo/drones/,,,,
,,,,,,,,,CCTV Cameras,https://iprice.hk/camera-photo/cctv/,,,,
,,,,,,,,,Action Cameras,https://iprice.hk/camera-photo/action/,,,,
,,,,,,,,,Mirrorless,https://iprice.hk/camera-photo/mirrorless/,,,,
,,,,,,,,,Underwater,https://iprice.hk/camera-photo/underwater/,,,,
,,,,,,,,,Compact Cameras,https://iprice.hk/camera-photo/compact/,,,,
,,,,,,"TV, Video & DVD",https://a.ipricegroup.com/media/homepage/Icon_v2/Tv__DVD.png,https://iprice.hk/tv-video-dvd/,items1,,,,,
,,,,,,,,,name,url,,,,
,,,,,,,,,Media Players,https://iprice.hk/tv-video-dvd/media-players/,,,,
,,,,,,,,,Blu-Ray,https://iprice.hk/tv-video-dvd/blu-ray/,,,,
,,,,,,,,,DVD Players,https://iprice.hk/tv-video-dvd/dvd-players/,,,,
,,,,,,,,,LED TV,https://iprice.hk/tv-video-dvd/led/,,,,
,,,,,,,,,"TV, Video & DVD Accessories",https://iprice.hk/tv-video-dvd/accessories/,,,,
,,,,,,,,,Streaming Media Players,https://iprice.hk/tv-video-dvd/streaming-media-players/,,,,
,,,,,,Appliances,https://a.ipricegroup.com/media/homepage/Icon_v2/Appliances.png,https://iprice.hk/appliances/,items1,,,,,
,,,,,,,,,name,url,,,,
,,,,,,,,,Fans,https://iprice.hk/appliances/fans/,,,,
,,,,,,,,,Refrigerators,https://iprice.hk/appliances/refrigerators/,,,,
,,,,,,,,,Vacuum Cleaners,https://iprice.hk/appliances/vacuum-cleaners/,,,,
,,,,,,,,,Air Conditioners,https://iprice.hk/appliances/air-conditioners/,,,,
,,,,,,,,,Coffee Machines,https://iprice.hk/appliances/coffee-machines/,,,,
,,,,,,,,,Dishwashers,https://iprice.hk/appliances/dishwashers/,,,,
,,,,,,,,,Cookers,https://iprice.hk/appliances/cookers/,,,,
,,,,,,,,,Ovens,https://iprice.hk/appliances/ovens/,,,,
,,,,,,,,,Mixers,https://iprice.hk/appliances/mixers/,,,,
PDP-EL-Carousel,section1,product-carousel,,,,items,,,,,,,,
,,,,,,name,price,store-count,image-url,url,,,,
,,,,,,Apple iPhone X,,0,https://p.ipricegroup.com/39267531_0.jpg,https://iprice.hk/compare/apple-iphone-x/,,,,
,,,,,,Google Pixel 3,"HK$ 6,686.22",2,https://p.ipricegroup.com/uploaded_e3266a6ea7d269c417a4255a9e8ebe26.jpg,https://iprice.hk/compare/google-pixel-3/,,,,
,,,,,,Samsung Galaxy Note 9,"HK$ 8,303.40",1,https://p.ipricegroup.com/uploaded_bb1bce368ede246eea885da93c3dec09.jpg,https://iprice.hk/compare/samsung-galaxy-note-9/,,,,
,,,,,,Apple iPhone Xs,"HK$ 8,599.00",2,https://p.ipricegroup.com/uploaded_115eee91d2a015b327d715953d07ccda.jpg,https://iprice.hk/compare/apple-iphone-xs/,,,,
,,,,,,Apple iPhone Xs Max,"HK$ 9,499.00",2,https://p.ipricegroup.com/uploaded_7a112c8df1d36e5d65816a11f82af551.jpg,https://iprice.hk/compare/apple-iphone-xs-max/,,,,
,,,,,,Huawei P20 Pro,"HK$ 5,137.01",4,https://p.ipricegroup.com/uploaded_88e4d17a7d7a4c2da082f059c7c67b92.jpg,https://iprice.hk/compare/huawei-p20-pro/,,,,
,,,,,,Apple iPhone 8 Plus,"HK$ 7,013.51",3,https://p.ipricegroup.com/uploaded_d5a811a2a5010fb1b5ea05c19a764300.jpg,https://iprice.hk/compare/apple-iphone-8-plus/,,,,
,,,,,,Samsung Galaxy S9 Plus,"HK$ 6,574.69",1,https://p.ipricegroup.com/uploaded_5a7a7266284c2891d6463dc2dc8d2e17.jpg,https://iprice.hk/compare/samsung-galaxy-s9-plus/,,,,
,,,,,,Apple iPhone 7,"HK$ 3,899.00",2,https://p.ipricegroup.com/uploaded_dea2a1a61d2e16e71fd0ef988a900d67.jpg,https://iprice.hk/compare/apple-iphone-7/,,,,
,,,,,,Samsung Galaxy S9,"HK$ 5,264.21",2,https://p.ipricegroup.com/uploaded_33fe3d58160bf852a96ac6ee2c747ed8.jpg,https://iprice.hk/compare/samsung-galaxy-s9/,,,,
,,,,,,Apple iPhone 7 Plus,"HK$ 4,899.00",1,https://p.ipricegroup.com/uploaded_dee720e7e03b30a7d8f5a058d6c97cce.jpg,https://iprice.hk/compare/apple-iphone-7-plus/,,,,
,,,,,,Huawei P20,"HK$ 3,477.20",2,https://p.ipricegroup.com/uploaded_be15a1d2f9ff3e960fd0eae8a7f1a4c0.jpg,https://iprice.hk/compare/huawei-p20/,,,,
,,,,,,Apple iPhone 6,"HK$ 2,559.61",1,https://p.ipricegroup.com/uploaded_8fedeedccef59f3c2fba21f8541299c5.jpg,https://iprice.hk/compare/apple-iphone-6/,,,,
,,,,,,Apple iPhone Xr,"HK$ 6,499.00",3,https://p.ipricegroup.com/uploaded_31ecdef0ef7fb7cd83a766426fbb7c8b.jpg,https://iprice.hk/compare/apple-iphone-xr/,,,,
,,,,,,Apple iPhone 8,"HK$ 5,877.39",3,https://p.ipricegroup.com/uploaded_e5d7f7e0ad3ac2e36394a8ed955ee3bc.jpg,https://iprice.hk/compare/apple-iphone-8/,,,,
,,,,,,Apple iPhone 6s,"HK$ 2,354.90",1,https://p.ipricegroup.com/uploaded_99a1ce3f2307fb6a0417cfcd6ce33f08.jpg,https://iprice.hk/compare/apple-iphone-6s/,,,,
,,,,,,OnePlus 6,"HK$ 4,662.77",3,https://p.ipricegroup.com/uploaded_e56a154d9b20c198b1f6d40f9b5e09f2.jpg,https://iprice.hk/compare/oneplus-6/,,,,
,,,,,,Xiaomi Pocophone F1,"HK$ 2,728.97",2,https://p.ipricegroup.com/uploaded_63693db0cc273f6174079cfa6f7a0e85.jpg,https://iprice.hk/compare/xiaomi-pocophone-f1/,,,,
,,,,,,Apple Watch Series 3,"HK$ 2,399.00",3,https://p.ipricegroup.com/uploaded_0a1ffd4bbd2d863056654de5b13a64fc.jpg,https://iprice.hk/compare/apple-watch-series-3/,,,,
,,,,,,Huawei Mate 20 Pro,"HK$ 6,633.18",2,https://p.ipricegroup.com/uploaded_1f19cab54ae9c7f0174e5aff16b5fd7d.jpg,https://iprice.hk/compare/huawei-mate-20-pro/,,,,
PDP-EL-SeeMore,section1_link,link,,,,items,,,,,,,,
,,,,,,name,image-url,url,,,,,,
,,,,,,Huawei nova 3i,https://p.ipricegroup.com/uploaded_fd7668273d19cd800b4db31da9ed2373.jpg,https://iprice.hk/compare/huawei-nova-3i/,,,,,,
,,,,,,Huawei Mate 20 Lite,https://p.ipricegroup.com/59347788_0.jpg,https://iprice.hk/compare/huawei-mate-20-lite/,,,,,,
,,,,,,Asus ROG Phone,https://p.ipricegroup.com/uploaded_3cd3d3b79944ccff1bf639e6d76f7bf0.jpg,https://iprice.hk/compare/asus-rog-phone/,,,,,,
,,,,,,Apple iPhone 6s Plus,https://p.ipricegroup.com/29761156_0.jpg,https://iprice.hk/compare/apple-iphone-6s-plus/,,,,,,
,,,,,,Microsoft Surface Pro 4,https://p.ipricegroup.com/30448716_0.jpg,https://iprice.hk/compare/microsoft-surface-pro-4/,,,,,,
,,,,,,Apple AirPods,https://p.ipricegroup.com/uploaded_97beee046754c9b7adeb5a918ebbfb19.jpg,https://iprice.hk/compare/apple-airpods/,,,,,,
,,,,,,Apple iPhone X 256GB Space Grey,https://a.ipricegroup.com/img/variant/img-not-found-large.png,https://iprice.hk/compare/apple-iphone-x-256gb-space-grey/,,,,,,
,,,,,,Samsung Galaxy A9 Pro,https://p.ipricegroup.com/35779232_0.jpg,https://iprice.hk/compare/samsung-galaxy-a9-pro/,,,,,,
,,,,,,Nintendo Switch,https://p.ipricegroup.com/uploaded_42745d47eb637d1baa994d74cd949ce3.jpg,https://iprice.hk/compare/nintendo-switch/,,,,,,
,,,,,,Samsung Galaxy Note 8,https://p.ipricegroup.com/37945995_0.jpg,https://iprice.hk/compare/samsung-galaxy-note-8/,,,,,,
,,,,,,Samsung Galaxy S8,https://p.ipricegroup.com/uploaded_6500144d6ba42e670a1004d3dcb33a8d.jpg,https://iprice.hk/compare/samsung-galaxy-s8/,,,,,,
,,,,,,Apple iPhone SE,https://p.ipricegroup.com/31506077_0.jpg,https://iprice.hk/compare/apple-iphone-se/,,,,,,
,,,,,,Apple iPad Pro,https://p.ipricegroup.com/uploaded_1b5fd9cee7bc495c16dc22c4642cf44f.jpg,https://iprice.hk/compare/apple-ipad-pro/,,,,,,
,,,,,,Samsung Galaxy A9,https://p.ipricegroup.com/32981819_0.jpg,https://iprice.hk/compare/samsung-galaxy-a9/,,,,,,
,,,,,,Apple MacBook Pro 15-inch,https://p.ipricegroup.com/uploaded_a9eed68c3f3d1e1d464a0e433f1e9ff0.jpg,https://iprice.hk/compare/apple-macbook-pro-15-inch/,,,,,,
,,,,,,Google Pixel 3 XL,https://p.ipricegroup.com/uploaded_b97b872590ddd56e15d70d6eec610892.jpg,https://iprice.hk/compare/google-pixel-3-xl/,,,,,,
,,,,,,Xiaomi Redmi Note 5 Pro,https://p.ipricegroup.com/uploaded_7e1629a39cb5520258045daffd46031d.jpg,https://iprice.hk/compare/xiaomi-redmi-note-5-pro/,,,,,,
,,,,,,Oppo F9,https://a.ipricegroup.com/img/variant/img-not-found-large.png,https://iprice.hk/compare/oppo-f9/,,,,,,
,,,,,,Samsung Galaxy J7 Pro,https://p.ipricegroup.com/47183603_0.jpg,https://iprice.hk/compare/samsung-galaxy-j7-pro/,,,,,,
,,,,,,Google Pixel 2 XL,https://p.ipricegroup.com/uploaded_bb5972d31bf16988f48b9d9ba0c8cb34.jpg,https://iprice.hk/compare/google-pixel-2-xl/,,,,,,
PLP-FA-BrandCategory-Men-Carousel,section4,fashion-panel,Shop Men's Fashion,https://iprice.hk/clothing/men/,,image-url,,label,type,,,,,
,,,,,,https://a.ipricegroup.com/media/homepage/SGHK_men-min.jpg,,1234,category-carousel,items,,,,
,,,,,,,,,,brand-name,name,url,image-url,main-url
,,,,,,,,,TRUE,Tumi,Bags,https://iprice.hk/tumi/bags/men/,https://p.ipricegroup.com/7d6160716991798fccaec24871428891a8b17a76_0.jpg,https://iprice.hk/tumi/bags/
,,,,,,,,,TRUE,Dr. Martens,Shoes,https://iprice.hk/dr-martens/shoes/men/,https://p.ipricegroup.com/d2e816e988e6e3db64f3c1ef339b747e6a7ae4a9_0.jpg,https://iprice.hk/dr-martens/shoes/
,,,,,,,,,TRUE,Paco Rabanne,Perfumes in Hong Kong,https://iprice.hk/paco-rabanne/perfume/men/,https://p.ipricegroup.com/58fa81c791ed2d712a71a38c3bcd17c77f049627_0.jpg,https://iprice.hk/paco-rabanne/perfume/
,,,,,,,,,TRUE,FILA,Shoes,https://iprice.hk/fila/shoes/men/,https://p.ipricegroup.com/1bb7c3b136e7c5b8defebd94b4d268ea8ee79d72_0.jpg,https://iprice.hk/fila/shoes/
,,,,,,,,,TRUE,Lara,Bags,https://iprice.hk/lara/bags/men/,https://p.ipricegroup.com/77edb9c76a0d42624e2f9cac354f6c79d7155140_0.jpg,https://iprice.hk/lara/bags/
,,,,,,,,,TRUE,TOMS,Shoes,https://iprice.hk/toms/shoes/men/,https://p.ipricegroup.com/2c471050db8eb3f325a0d10ac2d2b2dbf1d05e31_0.jpg,https://iprice.hk/toms/shoes/
,,,,,,,,,TRUE,Yeezy,Shoes,https://iprice.hk/yeezy/shoes/men/,https://p.ipricegroup.com/a177960c0248b9e0d2cfd5a26e00513a13b5e180_0.jpg,https://iprice.hk/yeezy/shoes/
,,,,,,,,,TRUE,Puma,Shoes,https://iprice.hk/puma/shoes/men/,https://p.ipricegroup.com/0fead6ef28a163dd3271cf7aa22c3fac5f80c044_0.jpg,https://iprice.hk/puma/shoes/
,,,,,,,,,TRUE,Adidas,Bags,https://iprice.hk/adidas/bags/men/,https://p.ipricegroup.com/b11766b4437e96f1fcf485106619960cb669c66e_0.jpg,https://iprice.hk/adidas/bags/
,,,,,,,,,TRUE,Adidas,Shoes,https://iprice.hk/adidas/shoes/men/,https://p.ipricegroup.com/3d4b52c18e3095679e9b884ddc1b64d38e01f3e8_0.jpg,https://iprice.hk/adidas/shoes/
,,,,,,,,,TRUE,Seiko,Watches,https://iprice.hk/seiko/watches/men/,https://p.ipricegroup.com/e15a7da941f40537bd3860b957c5095a0b56b0ce_0.jpg,https://iprice.hk/seiko/watches/
,,,,,,,,,FALSE,Anello,Bags,,,https://iprice.hk/anello/bags/
,,,,,,,,,FALSE,Céline,Bags,,,https://iprice.hk/celine/bags/
,,,,,,,,,TRUE,TOM FORD,Perfumes in Hong Kong,https://iprice.hk/tom-ford/perfume/men/,https://p.ipricegroup.com/e888e20e8b1ca63c6ec0e2272169f0034b721c01_0.jpg,https://iprice.hk/tom-ford/perfume/
,,,,,,,,,TRUE,Furla,Bags,https://iprice.hk/furla/bags/men/,https://p.ipricegroup.com/9af4bc526ebeae99e61ac79fe47b6991996db0cb_0.jpg,https://iprice.hk/furla/bags/
,,,,,,,,,TRUE,Citizen,Watches,https://iprice.hk/citizen/watches/men/,https://p.ipricegroup.com/c8161f34b37e2f6a6a89a3db9fe1272478064cc8_0.jpg,https://iprice.hk/citizen/watches/
,,,,,,,,,FALSE,Longchamp,Bags,,,https://iprice.hk/longchamp/bags/
,,,,,,,,,TRUE,Panerai,Watches,https://iprice.hk/panerai/watches/men/,https://p.ipricegroup.com/a1e29627f0b1634e52533498cb4986fd0f20fff4_0.jpg,https://iprice.hk/panerai/watches/
,,,,,,,,,TRUE,Birkenstock,Shoes,https://iprice.hk/birkenstock/shoes/men/,https://p.ipricegroup.com/5929a9ab1d2b280816ecb1f54f6547a63e71d25d_0.jpg,https://iprice.hk/birkenstock/shoes/
,,,,,,,,,TRUE,Nike,Shoes,https://iprice.hk/nike/shoes/men/,https://p.ipricegroup.com/d9082342dec2285f522ae26cb5a1f120aadf5c67_0.jpg,https://iprice.hk/nike/shoes/
PLP-FA-BrandCategory-Women-Carousel,section5,fashion-panel,Shop Women's Fashion,https://iprice.hk/clothing/women/,,image-url,url,label,type,,,,,
,,,,,,https://a.ipricegroup.com/media/homepage/SGHK_women-min.jpg,,1234,category-carousel,items,,,,
,,,,,,,,,,brand-name,name,url,image-url,main-url
,,,,,,,,,TRUE,Tumi,Bags,https://iprice.hk/tumi/bags/women/,https://p.ipricegroup.com/eb97c231d8b52f823fb2f15e73f670d4c4e18acf_0.jpg,https://iprice.hk/tumi/bags/
,,,,,,,,,TRUE,Dr. Martens,Shoes,https://iprice.hk/dr-martens/shoes/women/,https://p.ipricegroup.com/53c97ebba4ab3fb31793ebe5f4fd74e46701e3b7_0.jpg,https://iprice.hk/dr-martens/shoes/
,,,,,,,,,TRUE,Paco Rabanne,Perfumes in Hong Kong,https://iprice.hk/paco-rabanne/perfume/women/,https://p.ipricegroup.com/3da3fd04477670040e93f8c1e85659fadaed1618_0.jpg,https://iprice.hk/paco-rabanne/perfume/
,,,,,,,,,TRUE,FILA,Shoes,https://iprice.hk/fila/shoes/women/,https://p.ipricegroup.com/9b34bb5924fe7a3b5296b359a365b601f1295249_0.jpg,https://iprice.hk/fila/shoes/
,,,,,,,,,TRUE,Lara,Bags,https://iprice.hk/lara/bags/women/,https://p.ipricegroup.com/845c0a3125e59dc6ffe3809984b12b6c5d0390a8_0.jpg,https://iprice.hk/lara/bags/
,,,,,,,,,TRUE,TOMS,Shoes,https://iprice.hk/toms/shoes/women/,https://p.ipricegroup.com/6d29789490be37c4f56c75549a2faf123e70350d_0.jpg,https://iprice.hk/toms/shoes/
,,,,,,,,,TRUE,Yeezy,Shoes,https://iprice.hk/yeezy/shoes/women/,https://p.ipricegroup.com/bb147ff8c4175f2873269317454c1845e3eaef1b_0.jpg,https://iprice.hk/yeezy/shoes/
,,,,,,,,,TRUE,Puma,Shoes,https://iprice.hk/puma/shoes/women/,https://p.ipricegroup.com/8c65009ae506e99ad23d46744f336c64472e22da_0.jpg,https://iprice.hk/puma/shoes/
,,,,,,,,,TRUE,Adidas,Bags,https://iprice.hk/adidas/bags/women/,https://p.ipricegroup.com/3e43de24a85907f1a75f0db3702dd4c6798e7bde_0.jpg,https://iprice.hk/adidas/bags/
,,,,,,,,,TRUE,Adidas,Shoes,https://iprice.hk/adidas/shoes/women/,https://p.ipricegroup.com/ed378d81c366fa2bb1cbe2fff90ae09adb40292f_0.jpg,https://iprice.hk/adidas/shoes/
,,,,,,,,,TRUE,Seiko,Watches,https://iprice.hk/seiko/watches/women/,https://p.ipricegroup.com/955d8d81f40a78f75ed8e0669ac96373fe18e6c9_0.jpg,https://iprice.hk/seiko/watches/
,,,,,,,,,TRUE,Anello,Bags,https://iprice.hk/anello/bags/women/,https://p.ipricegroup.com/af87571709ef838a79908458a5bcacca4f60353c_0.jpg,https://iprice.hk/anello/bags/
,,,,,,,,,TRUE,Céline,Bags,https://iprice.hk/celine/bags/women/,https://p.ipricegroup.com/92a433cfadf8f6ff98ff118d92cf3092d5639514_0.jpg,https://iprice.hk/celine/bags/
,,,,,,,,,TRUE,TOM FORD,Perfumes in Hong Kong,https://iprice.hk/tom-ford/perfume/women/,https://p.ipricegroup.com/2f826e28a5fc1d81b10ae727bfe21ab0d3426658_0.jpg,https://iprice.hk/tom-ford/perfume/
,,,,,,,,,TRUE,Furla,Bags,https://iprice.hk/furla/bags/women/,https://p.ipricegroup.com/0cd39777dac7b896331eae259a57c1488c730a21_0.jpg,https://iprice.hk/furla/bags/
,,,,,,,,,TRUE,Citizen,Watches,https://iprice.hk/citizen/watches/women/,https://p.ipricegroup.com/ab2be69ab3749890c971d80a1d5df50fd50bc2fc_0.jpg,https://iprice.hk/citizen/watches/
,,,,,,,,,TRUE,Longchamp,Bags,https://iprice.hk/longchamp/bags/women/,https://p.ipricegroup.com/bc909c23643c90fda63d1be983076c17911b8c6d_0.jpg,https://iprice.hk/longchamp/bags/
,,,,,,,,,FALSE,Panerai,Watches,,,https://iprice.hk/panerai/watches/
,,,,,,,,,TRUE,Birkenstock,Shoes,https://iprice.hk/birkenstock/shoes/women/,https://p.ipricegroup.com/064de6c07b6b431a02231fff1bff21b0ced38b85_0.jpg,https://iprice.hk/birkenstock/shoes/
,,,,,,,,,TRUE,Nike,Shoes,https://iprice.hk/nike/shoes/women/,https://p.ipricegroup.com/e0a425fb1f2be028a9c34fad5637639372f5c1e9_0.jpg,https://iprice.hk/nike/shoes/
PLP-FA-Brand-Carousel,section5_brand,link,Popular Fashion Brands,,,items,,,,,,,,
,,,,,,name,image-url,url,,,,,,
,,,,,,The North Face,https://a.ipricegroup.com/brand/the-north-face.jpg,https://iprice.hk/the-north-face/,,,,,,
,,,,,,Burberry,https://a.ipricegroup.com/brand/burberry.jpg,https://iprice.hk/burberry/,,,,,,
,,,,,,Kate Spade New York,https://a.ipricegroup.com/media/Zach__2_/kate-spade.png,https://iprice.hk/kate-spade-new-york/,,,,,,
,,,,,,Vans,https://a.ipricegroup.com/brand/vans.jpg,https://iprice.hk/vans/,,,,,,
,,,,,,FILA,https://a.ipricegroup.com/brand/fila.jpg,https://iprice.hk/fila/,,,,,,
,,,,,,Crocs,https://a.ipricegroup.com/brand/crocs.jpg,https://iprice.hk/crocs/,,,,,,
,,,,,,Clarks,https://a.ipricegroup.com/brand/clarks.jpg,https://iprice.hk/clarks/,,,,,,
,,,,,,PUMA,https://a.ipricegroup.com/media/Zach__2_/puma.png,https://iprice.hk/puma/,,,,,,
,,,,,,Converse,https://a.ipricegroup.com/media/Zach__2_/converse.png,https://iprice.hk/converse/,,,,,,
,,,,,,Reebok,https://a.ipricegroup.com/brand/reebok.jpg,https://iprice.hk/reebok/,,,,,,
,,,,,,Dr. Martens,https://a.ipricegroup.com/brand/dr-martens.jpg,https://iprice.hk/dr-martens/,,,,,,
,,,,,,ASICS,https://a.ipricegroup.com/brand/asics.jpg,https://iprice.hk/asics/,,,,,,
,,,,,,Under Armour,https://a.ipricegroup.com/brand/under-armour.jpg,https://iprice.hk/under-armour/,,,,,,
,,,,,,Tommy Hilfiger,https://a.ipricegroup.com/brand/tommy-hilfiger.jpg,https://iprice.hk/tommy-hilfiger/,,,,,,
,,,,,,UGG,https://a.ipricegroup.com/brand/ugg.jpg,https://iprice.hk/ugg/,,,,,,
,,,,,,New Balance,https://a.ipricegroup.com/brand/new-balance.jpg,https://iprice.hk/new-balance/,,,,,,
,,,,,,Gucci,https://a.ipricegroup.com/media/Zach__2_/gucci.png,https://iprice.hk/gucci/,,,,,,
,,,,,,Champion,https://a.ipricegroup.com/brand/champion.jpg,https://iprice.hk/champion/,,,,,,
,,,,,,Tory Burch,https://a.ipricegroup.com/brand/tory-burch.jpg,https://iprice.hk/tory-burch/,,,,,,
,,,,,,Louis Vuitton,https://a.ipricegroup.com/media/Zach__2_/louis-vuitton.png,https://iprice.hk/louis-vuitton/,,,,,,
,,,,,,,https://a.ipricegroup.com/media/homepage/EN_allbrands.jpg,https://iprice.hk/brands/,,,,,,
PLP-FA-Category-Carousel,section12,product-carousel,,,,,,,,,,,,
,,,,,,items,,,,,,,,
,,,,,,name,image-url,url,,,,,,
,,,,,,Womens' Clothing,https://a.ipricegroup.com/media/homepage/Icon_v2/Womens_Clothing.png,https://iprice.hk/clothing/women/,items1,,,,,
,,,,,,,,,name,url,,,,
,,,,,,,,,Dresses,https://iprice.hk/clothing/women/dresses/,,,,
,,,,,,,,,Tops,https://iprice.hk/clothing/women/tops/,,,,
,,,,,,,,,Jeans,https://iprice.hk/clothing/women/jeans/,,,,
,,,,,,,,,Jumpsuits,https://iprice.hk/clothing/women/jumpsuits/,,,,
,,,,,,,,,Shirts,https://iprice.hk/clothing/women/shirts/,,,,
,,,,,,,,,Skirts,https://iprice.hk/clothing/women/skirts/,,,,
,,,,,,,,,Pants,https://iprice.hk/clothing/women/pants/,,,,
,,,,,,,,,Swimwear,https://iprice.hk/clothing/women/swimwear/,,,,
,,,,,,,,,Shorts,https://iprice.hk/clothing/women/shorts/,,,,
,,,,,,,,,Sportswear,https://iprice.hk/clothing/women/sportswear/,,,,
,,,,,,,,,T-Shirts,https://iprice.hk/clothing/women/t-shirts/,,,,
,,,,,,,,,Formal Wear,https://iprice.hk/clothing/women/formal-wear/,,,,
,,,,,,,,,Polo Shirts,https://iprice.hk/clothing/women/polo-shirts/,,,,
,,,,,,,,,Sunglasses,https://iprice.hk/clothing/women/sunglasses/,,,,
,,,,,,Womens' shoes,https://a.ipricegroup.com/media/homepage/Icon_v2/Womens_Shoes.png,https://iprice.hk/shoes/women,items1,,,,,
,,,,,,,,,name,url,,,,
,,,,,,,,,Boots,https://iprice.hk/shoes/women/boots/,,,,
,,,,,,,,,Flats,https://iprice.hk/shoes/women/flats/,,,,
,,,,,,,,,High Heels,https://iprice.hk/shoes/women/high-heels/,,,,
,,,,,,,,,Sneakers,https://iprice.hk/shoes/women/sneakers/,,,,
,,,,,,,,,Sports,https://iprice.hk/shoes/women/sports/,,,,
,,,,,,,,,Boat,https://iprice.hk/shoes/women/boat/,,,,
,,,,,,,,,Sandals,https://iprice.hk/shoes/women/sandals/,,,,
,,,,,,,,,Brogues,https://iprice.hk/shoes/women/brogues/,,,,
,,,,,,,,,Wedges,https://iprice.hk/shoes/women/wedges/,,,,
,,,,,,Mens' clothing,https://a.ipricegroup.com/media/homepage/Icon_v2/Mans_Clothing.png,https://iprice.hk/clothing/men/,items1,,,,,
,,,,,,,,,name,url,,,,
,,,,,,,,,Tops,https://iprice.hk/clothing/men/tops/,,,,
,,,,,,,,,Jeans,https://iprice.hk/clothing/men/jeans/,,,,
,,,,,,,,,Shirts,https://iprice.hk/clothing/men/shirts/,,,,
,,,,,,,,,Pants,https://iprice.hk/clothing/men/pants/,,,,
,,,,,,,,,Swimwear,https://iprice.hk/clothing/men/swimwear/,,,,
,,,,,,,,,Shorts,https://iprice.hk/clothing/men/shorts/,,,,
,,,,,,,,,Sportswear,https://iprice.hk/clothing/men/sportswear/,,,,
,,,,,,,,,T-Shirts,https://iprice.hk/clothing/men/t-shirts/,,,,
,,,,,,,,,Formal Wear,https://iprice.hk/clothing/men/formal-wear/,,,,
,,,,,,,,,Polo Shirts,https://iprice.hk/clothing/men/polo-shirts/,,,,
,,,,,,,,,Sunglasses,https://iprice.hk/clothing/men/sunglasses/,,,,
,,,,,,Mens' shoes,https://a.ipricegroup.com/media/homepage/Icon_v2/Mans_Shoes.png,https://iprice.hk/shoes/men/,items1,,,,,
,,,,,,,,,name,url,,,,
,,,,,,,,,Boots,https://iprice.hk/shoes/men/boots/,,,,
,,,,,,,,,Sneakers,https://iprice.hk/shoes/men/sneakers/,,,,
,,,,,,,,,Loafers,https://iprice.hk/shoes/men/loafers/,,,,
,,,,,,,,,Flip Flops,https://iprice.hk/shoes/men/flip-flops/,,,,
,,,,,,,,,Sports,https://iprice.hk/shoes/men/sports/,,,,
,,,,,,,,,Boat,https://iprice.hk/shoes/men/boat/,,,,
,,,,,,,,,Sandals,https://iprice.hk/shoes/men/sandals/,,,,
,,,,,,,,,Brogues,https://iprice.hk/shoes/men/brogues/,,,,
,,,,,,Bags,https://a.ipricegroup.com/media/homepage/Icon_v2/Bags.png,https://iprice.hk/bags/,items1,,,,,
,,,,,,,,,name,url,,,,
,,,,,,,,,Backpacks,https://iprice.hk/bags/backpacks/,,,,
,,,,,,,,,Wallets,https://iprice.hk/bags/wallets/,,,,
,,,,,,,,,Tote Bags,https://iprice.hk/bags/handbags/tote/,,,,
,,,,,,,,,Clutch Bag,https://iprice.hk/bags/handbags/clutches/,,,,
,,,,,,,,,Sling Bags,https://iprice.hk/bags/sling/,,,,
,,,,,,,,,Handbags,https://iprice.hk/bags/women/handbags/,,,,
,,,,,,,,,Duffel Bags,https://iprice.hk/bags/duffel/,,,,
,,,,,,,,,Briefcases,https://iprice.hk/bags/briefcases/,,,,
,,,,,,,,,Luggage Bags,https://iprice.hk/bags/travel/luggage/,,,,
,,,,,,,,,Waist Bags,https://iprice.hk/bags/waist/,,,,
,,,,,,Jewellery,https://a.ipricegroup.com/media/homepage/Icon_v2/Jewellery.png,https://iprice.hk/jewellery/,items1,,,,,
,,,,,,,,,name,url,,,,
,,,,,,,,,Rings,https://iprice.hk/jewellery/rings/,,,,
,,,,,,,,,Bracelets,https://iprice.hk/jewellery/bracelets/,,,,
,,,,,,,,,Jewellery Charms,https://iprice.hk/jewellery/charms/,,,,
,,,,,,,,,Necklaces,https://iprice.hk/jewellery/necklaces/,,,,
,,,,,,,,,Earrings,https://iprice.hk/jewellery/earrings/,,,,
,,,,,,,,,Cufflinks,https://iprice.hk/jewellery/cufflinks/,,,,
,,,,,,,,,Beads,https://iprice.hk/jewellery/beads/,,,,
,,,,,,,,,Brooches,https://iprice.hk/jewellery/brooches/,,,,
,,,,,,,,,Jewellery Sets,https://iprice.hk/jewellery/sets/,,,,
,,,,,,,,,Jewellery Accessories,https://iprice.hk/jewellery/accessories/,,,,
,,,,,,Watches,https://a.ipricegroup.com/media/homepage/Icon_v2/Watches_v2.png,https://iprice.hk/watches/,items1,,,,,
,,,,,,,,,name,url,,,,
,,,,,,,,,Sport Watches,https://iprice.hk/watches/sports/,,,,
,,,,,,,,,Digital Watches,https://iprice.hk/watches/digital/,,,,
,,,,,,,,,Chronograph Watches,https://iprice.hk/watches/chronograph/,,,,
,,,,,,,,,Analogue Watches,https://iprice.hk/watches/analogue/,,,,
,,,,,,,,,Luxury Watches,https://iprice.hk/watches/luxury/,,,,
PLP-HB-BrandCategory-Carousel,section13,fashion-panel,Shop Health & Beauty,,,items,,,,,,,,
,,,,,,brand-name,name,image-url,url,,,,,
,,,,,,CHANEL,Perfumes in Hong Kong,https://p.ipricegroup.com/1e6573362ec2cdb10c30656bd4c55507f4706854_0.jpg,https://iprice.hk/chanel/perfume/,,,,,
,,,,,,CHANEL,Makeup Online Shop in Hong Kong,https://p.ipricegroup.com/5270155a6e72800f8441600b355677db6876c626_0.jpg,https://iprice.hk/chanel/makeup/,,,,,
,,,,,,Dior,Perfumes in Hong Kong,https://p.ipricegroup.com/e1533f790cf16ba70d7ef52fac5568ba9586a8af_0.jpg,https://iprice.hk/dior/perfume/,,,,,
,,,,,,Dior,Makeup Online Shop in Hong Kong,https://p.ipricegroup.com/a30734b1d65b2f2b07dfded7ea539832c6dbb8fb_0.jpg,https://iprice.hk/dior/makeup/,,,,,
,,,,,,TOM FORD,Perfumes in Hong Kong,https://p.ipricegroup.com/2f826e28a5fc1d81b10ae727bfe21ab0d3426658_0.jpg,https://iprice.hk/tom-ford/perfume/,,,,,
,,,,,,BVLGARI,Perfumes in Hong Kong,https://p.ipricegroup.com/0067723d60fbc21d025030f383982afe1ee3d7d8_0.jpg,https://iprice.hk/bvlgari/perfume/,,,,,
,,,,,,HUGO BOSS,Perfumes in Hong Kong,https://p.ipricegroup.com/86e205f2ba2b48bf13fad839453b33691756fedb_0.jpg,https://iprice.hk/hugo-boss/perfume/,,,,,
,,,,,,Nature Republic,Skin Care,https://p.ipricegroup.com/3899e3f2e7d131590617875b3ee21b04f356a3c1_0.jpg,https://iprice.hk/nature-republic/skin-care/,,,,,
,,,,,,Gucci,Perfumes in Hong Kong,https://p.ipricegroup.com/bfd0eb72daf291acf869847dc316c6f3f74cc401_0.jpg,https://iprice.hk/gucci/perfume/,,,,,
,,,,,,Calvin Klein,Perfumes in Hong Kong,https://p.ipricegroup.com/2ff7a314fd5653afc4fc5f5261406100a5c30a9c_0.jpg,https://iprice.hk/calvin-klein/perfume/,,,,,
,,,,,,CHANEL,Skin Care,https://p.ipricegroup.com/70355cc6e3dc012e3897c0aa1d52423cd6d8d059_0.jpg,https://iprice.hk/chanel/skin-care/,,,,,
,,,,,,Shiseido,Hair Care,https://p.ipricegroup.com/9d69d068de815ec985edbbef1b754f1fec1cb39b_0.jpg,https://iprice.hk/shiseido/hair-care/,,,,,
,,,,,,Jo Malone,Perfumes in Hong Kong,https://p.ipricegroup.com/c59d2fe732e04450558342ad18e8a45ac8b16cd3_0.jpg,https://iprice.hk/jo-malone/perfume/,,,,,
,,,,,,Burberry,Perfumes in Hong Kong,https://p.ipricegroup.com/efe345daf4e0eaf148c72b796ea68174af452aa3_0.jpg,https://iprice.hk/burberry/perfume/,,,,,
,,,,,,Chloé,Perfumes in Hong Kong,https://p.ipricegroup.com/a5860d82df336f696bd9a7612fd2cbe911f6cb16_0.jpg,https://iprice.hk/chloe/perfume/,,,,,
,,,,,,Versace,Perfumes in Hong Kong,https://p.ipricegroup.com/767c93e42b702e9c0c6f70137224667f46e5cbb5_0.jpg,https://iprice.hk/versace/perfume/,,,,,
,,,,,,Marc Jacobs,Perfumes in Hong Kong,https://p.ipricegroup.com/b713d7a02642a431168a3aa12b2f401a49bd71a5_0.jpg,https://iprice.hk/marc-jacobs/perfume/,,,,,
,,,,,,Diptyque,Perfumes in Hong Kong,https://p.ipricegroup.com/9e8e19377adec6347dc7b928588e1ddac770049d_0.jpg,https://iprice.hk/diptyque/perfume/,,,,,
,,,,,,Shiseido,Makeup Online Shop in Hong Kong,https://p.ipricegroup.com/3da2375b900fecd64df5bc580b4dfef2c4b736e7_0.jpg,https://iprice.hk/shiseido/makeup/,,,,,
PLP-HB-Brand-Carousel,section13_brand,link,,,,items,,,,,,,,
,,,,,,name,image-url,url,,,,,,
,,,,,,Nature Republic,https://a.ipricegroup.com/brand/nature-republic.jpg,https://iprice.hk/nature-republic/,,,,,,
,,,,,,Paco Rabanne,https://a.ipricegroup.com/brand/paco-rabanne.jpg,https://iprice.hk/paco-rabanne/,,,,,,
,,,,,,Jo Malone,https://a.ipricegroup.com/brand/jo-malone.jpg,https://iprice.hk/jo-malone/,,,,,,
,,,,,,Stussy,https://a.ipricegroup.com/brand/stussy.jpg,https://iprice.hk/stussy/,,,,,,
,,,,,,Too Faced,https://a.ipricegroup.com/brand/too-faced.jpg,https://iprice.hk/too-faced/,,,,,,
,,,,,,L'OCCITANE,https://a.ipricegroup.com/brand/loccitane.jpg,https://iprice.hk/loccitane/,,,,,,
,,,,,,3CE,https://a.ipricegroup.com/brand/3ce.jpg,https://iprice.hk/3ce/,,,,,,
,,,,,,Mac,https://a.ipricegroup.com/brand/mac.jpg,https://iprice.hk/mac/,,,,,,
,,,,,,FENTY BEAUTY,https://a.ipricegroup.com/brand/fenty-beauty.jpg,https://iprice.hk/fenty-beauty/,,,,,,
,,,,,,LANEIGE,https://a.ipricegroup.com/brand/laneige.jpg,https://iprice.hk/laneige/,,,,,,
,,,,,,Marc Jacobs,https://a.ipricegroup.com/brand/marc-jacobs.jpg,https://iprice.hk/marc-jacobs/,,,,,,
,,,,,,Aveda,https://a.ipricegroup.com/brand/aveda.jpg,https://iprice.hk/aveda/,,,,,,
,,,,,,Etude House,https://a.ipricegroup.com/brand/etude-house.jpg,https://iprice.hk/etude-house/,,,,,,
,,,,,,TONYMOLY,https://a.ipricegroup.com/brand/tonymoly.jpg,https://iprice.hk/tonymoly/,,,,,,
,,,,,,ISSEY MIYAKE,https://a.ipricegroup.com/brand/issey-miyake.jpg,https://iprice.hk/issey-miyake/,,,,,,
,,,,,,Missha,https://a.ipricegroup.com/brand/missha.jpg,https://iprice.hk/missha/,,,,,,
,,,,,,Montblanc,https://a.ipricegroup.com/brand/montblanc.jpg,https://iprice.hk/montblanc/,,,,,,
,,,,,,FANCL,https://a.ipricegroup.com/brand/fancl.jpg,https://iprice.hk/fancl/,,,,,,
,,,,,,Dr. Jart+,https://a.ipricegroup.com/brand/dr-jart.jpg,https://iprice.hk/dr-jart/,,,,,,
,,,,,,Laura mercier,https://a.ipricegroup.com/brand/laura-mercier.jpg,https://iprice.hk/laura-mercier/,,,,,,
,,,,,,,https://a.ipricegroup.com/media/homepage/EN_allbrands.jpg,https://iprice.hk/brands/,,,,,,
PLP-HB-Category-Carousel,section14,product-carousel,,,,,,,,,,,,
,,,,,,items,,,,,,,,
,,,,,,name,image-url,url,,,,,,
,,,,,,Skin Care,https://a.ipricegroup.com/media/homepage/Icon_v2/Skin_Care.png,https://iprice.hk/skin-care/,items1,,,,,
,,,,,,,,,name,url,,,,
,,,,,,,,,Face,https://iprice.hk/skin-care/face/,,,,
,,,,,,,,,Skin Care Hand,https://iprice.hk/skin-care/hand/,,,,
,,,,,,,,,Skin Care Eyes,https://iprice.hk/skin-care/eyes/,,,,
,,,,,,,,,Skin Care Foot,https://iprice.hk/skin-care/foot/,,,,
,,,,,,Eyecare,https://a.ipricegroup.com/media/homepage/Icon_v2/Eye_Care.png,https://iprice.hk/eyecare/,items1,,,,,
,,,,,,,,,name,url,,,,
,,,,,,,,,Glasses,https://iprice.hk/eyecare/glasses/,,,,
,,,,,,,,,Contact Lenses,https://iprice.hk/eyecare/contact-lenses/,,,,
,,,,,,,,,Eye Drops,https://iprice.hk/eyecare/eye-drops/,,,,
,,,,,,Dental Care,https://a.ipricegroup.com/media/homepage/Icon_v2/Dental_Care.png,https://iprice.hk/dental-care/,items1,,,,,
,,,,,,,,,name,url,,,,
,,,,,,,,,Toothbrushes,https://iprice.hk/dental-care/toothbrushes/,,,,
,,,,,,,,,Toothpastes,https://iprice.hk/dental-care/toothpastes/,,,,
,,,,,,,,,Flosses,https://iprice.hk/dental-care/flosses/,,,,
,,,,,,,,,Mouthwash,https://iprice.hk/dental-care/mouthwash/,,,,
,,,,,,,,,Accessories,https://iprice.hk/dental-care/accessories/,,,,
,,,,,,Makeup,https://a.ipricegroup.com/media/homepage/Icon_v2/Make_Up.png,https://iprice.hk/makeup/,items1,,,,,
,,,,,,,,,name,url,,,,
,,,,,,,,,Lip Makeups,https://iprice.hk/makeup/lips/,,,,
,,,,,,,,,Face Makeups,https://iprice.hk/makeup/face/,,,,
,,,,,,,,,Makeup Accessories,https://iprice.hk/makeup/accessories/,,,,
,,,,,,,,,Eye Makeups,https://iprice.hk/makeup/eyes/,,,,
,,,,,,,,,Hair Wig Price in Hong Kong,https://iprice.hk/makeup/wigs/,,,,
,,,,,,,,,Set,https://iprice.hk/makeup/set/,,,,
,,,,,,,,,Setting Sprays,https://iprice.hk/makeup/setting-sprays/,,,,
,,,,,,,,,Removers,https://iprice.hk/makeup/removers/,,,,
,,,,,,,,,Makeup Sets,https://iprice.hk/makeup/sets/,,,,
,,,,,,Perfume,https://a.ipricegroup.com/media/homepage/Icon_v2/Perfume.png,https://iprice.hk/perfume/,items1,,,,,
,,,,,,,,,name,url,,,,
,,,,,,,,,Eau De Toilette,https://iprice.hk/perfume/eau-de-toilette/,,,,
,,,,,,,,,Eau De Parfum,https://iprice.hk/perfume/eau-de-parfum/,,,,
,,,,,,,,,Eau De Cologne,https://iprice.hk/perfume/eau-de-cologne/,,,,
,,,,,,Hair Care,https://a.ipricegroup.com/media/homepage/Icon_v2/Hair_Care.png,https://iprice.hk/hair-care/,items1,,,,,
,,,,,,,,,name,url,,,,
,,,,,,,,,Hair Styling,https://iprice.hk/hair-care/styling/,,,,
,,,,,,,,,Hair Treatments,https://iprice.hk/hair-care/treatments/,,,,
,,,,,,,,,Hair Colours,https://iprice.hk/hair-care/colouring/,,,,
,,,,,,,,,Shampoos,https://iprice.hk/hair-care/shampoos/,,,,
,,,,,,,,,Hair Conditioners,https://iprice.hk/hair-care/conditioners/,,,,
,,,,,,Bath & Body,https://a.ipricegroup.com/media/homepage/Icon_v2/Bath_and_Body_.png,https://iprice.hk/bath-body/,items1,,,,,
,,,,,,,,,name,url,,,,
,,,,,,,,,Body Oils,https://iprice.hk/bath-body/oils/,,,,
,,,,,,,,,Body Lotions,https://iprice.hk/bath-body/lotions/,,,,
,,,,,,,,,Shower,https://iprice.hk/bath-body/shower/,,,,
,,,,,,,,,Body Mists,https://iprice.hk/bath-body/mists/,,,,
,,,,,,,,,Hair Removal,https://iprice.hk/bath-body/hair-removal/,,,,
,,,,,,,,,Body Massagers,https://iprice.hk/bath-body/massagers/,,,,
,,,,,,,,,Deodorants,https://iprice.hk/bath-body/deodorants/,,,,
,,,,,,,,,Bath & Body Accessories,https://iprice.hk/bath-body/accessories/,,,,
,,,,,,,,,Slimming,https://iprice.hk/bath-body/slimming/,,,,
,,,,,,,,,Slimming,https://iprice.hk/bath-body/slimming/,,,,
,,,,,,,,,Feminine Hygiene,https://iprice.hk/bath-body/feminine-hygiene/,,,,
,,,,,,,,,Massage Chairs,https://iprice.hk/bath-body/massage-chairs/,,,,
,,,,,,Supplements,https://a.ipricegroup.com/media/homepage/Icon_v2/Supplement.png,https://iprice.hk/supplements/,items1,,,,,
,,,,,,,,,name,url,,,,
,,,,,,,,,Vitamins,https://iprice.hk/supplements/vitamins/,,,,
,,,,,,,,,Dietary Supplements,https://iprice.hk/supplements/dietary/,,,,
,,,,,,,,,Chia Seeds,https://iprice.hk/supplements/chia-seeds/,,,,
,,,,,,,,,Collagen,https://iprice.hk/supplements/collagen/,,,,
,,,,,,,,,Minerals Supplements,https://iprice.hk/supplements/minerals/,,,,
,,,,,,,,,Antioxidants Supplements,https://iprice.hk/supplements/antioxidants/,,,,
,,,,,,,,,Weight Loss Supplements,https://iprice.hk/supplements/weight-loss/,,,,
,,,,,,Shaving Supplies,https://a.ipricegroup.com/media/homepage/Icon_v2/Shaving_Supplies.png,https://iprice.hk/shaving-supplies/,items1,,,,,
,,,,,,,,,name,url,,,,
,,,,,,,,,Trimmers & Clippers,https://iprice.hk/shaving-supplies/trimmers-clippers/,,,,
,,,,,,,,,After Shave,https://iprice.hk/shaving-supplies/after-shave/,,,,
,,,,,,,,,Shaving Creams,https://iprice.hk/shaving-supplies/creams/,,,,
,,,,,,,,,Razor Blades,https://iprice.hk/shaving-supplies/razor-blades/,,,,
,,,,,,,,,Razors,https://iprice.hk/shaving-supplies/razors/,,,,
,,,,,,,,,Shaving Gels,https://iprice.hk/shaving-supplies/gels/,,,,
,,,,,,Medical Supplies,https://a.ipricegroup.com/media/homepage/Icon_v2/Medical_Supplies.png,https://iprice.hk/medical-supplies/,items1,,,,,
,,,,,,,,,name,url,,,,
,,,,,,,,,Weighing Scales,https://iprice.hk/medical-supplies/scale/,,,,
,,,,,,,,,Blood Pressure,https://iprice.hk/medical-supplies/blood-pressure/,,,,
,,,,,,,,,Lumbar Support,https://iprice.hk/medical-supplies/lumbar-support/,,,,
,,,,,,,,,First Aid,https://iprice.hk/medical-supplies/first-aid/,,,,
,,,,,,,,,Injury Support,https://iprice.hk/medical-supplies/injury-support/,,,,
,,,,,,,,,Personal Pleasure,https://iprice.hk/medical-supplies/personal-pleasure/,,,,
,,,,,,,,,Thermometers,https://iprice.hk/medical-supplies/thermometers/,,,,
,,,,,,,,,Blood Glucose,https://iprice.hk/medical-supplies/blood-glucose/,,,,
,,,,,,,,,Wheel Chairs,https://iprice.hk/medical-supplies/wheel-chairs/,,,,
,,,,,,,,,Body Fat Analyzers,https://iprice.hk/medical-supplies/body-fat-analyzers/,,,,
,,,,,,,,,Nebulizers & Aspirators,https://iprice.hk/medical-supplies/nebulizers-aspirators/,,,,
,,,,,,,,,Commode Chairs,https://iprice.hk/medical-supplies/commode-chairs/,,,,
,,,,,,,,,Fertility Tests,https://iprice.hk/medical-supplies/fertility-tests/,,,,
,,,,,,,,,Medical Beds,https://iprice.hk/medical-supplies/medical-beds/,,,,
PDP-HB-Carousel,section2,product-carousel,,,,items,,,,,,,,
,,,,,,name,price,store-count,image-url,url,,,,
,,,,,,Maybelline Superstay 24hr Foundation,HK$ 103.95,3,https://p.ipricegroup.com/39d28eed864aaeaa7b9de8cf86a174f6ea84a8f9_0.jpg,https://iprice.hk/compare/maybelline-superstay-24hr-foundation/,,,,
,,,,,,Kiehl's Clearly Corrective Dark Spot Solution,HK$ 639.00,2,https://p.ipricegroup.com/ee7262bac511aa5d42f10e68ced9dce2071b7706_0.jpg,https://iprice.hk/compare/kiehls-clearly-corrective-dark-spot-solution/,,,,
,,,,,,Nature Republic Aloe Vera 92% Soothing Gel,HK$ 24.65,5,https://p.ipricegroup.com/uploaded_d18d940e3220b4b2d05b7449c2eacf8e.jpg,https://iprice.hk/compare/nature-republic-aloe-vera-92-soothing-gel/,,,,
,,,,,,Chanel Coco Mademoiselle,HK$ 863.49,1,https://p.ipricegroup.com/1e6573362ec2cdb10c30656bd4c55507f4706854_0.jpg,https://iprice.hk/compare/chanel-coco-mademoiselle/,,,,
,,,,,,LANEIGE Water Sleeping Mask,HK$ 28.02,3,https://p.ipricegroup.com/uploaded_ce9a80bbc9c4fbca299292e483ca7ca8.jpg,https://iprice.hk/compare/laneige-water-sleeping-mask/,,,,
,,,,,,SK-II Facial Treatment Essence,HK$ 80.67,6,https://p.ipricegroup.com/7dc310dcdaca65df9329b83b9154e03e723f0be8_0.jpg,https://iprice.hk/compare/sk-ii-facial-treatment-essence/,,,,
,,,,,,Philips Sonicare DiamondClean Sonic electric toothbrush,,0,https://p.ipricegroup.com/19612941_0.jpg,https://iprice.hk/compare/philips-sonicare-diamondclean-sonic-electric-toothbrush/,,,,
,,,,,,M.A.C Matte Lipstick,HK$ 196.17,2,https://p.ipricegroup.com/uploaded_b74672cbcfc7107400ee9e06e2b781f3.jpg,https://iprice.hk/compare/mac-matte-lipstick/,,,,
,,,,,,Nature Republic Aloe Vera,HK$ 44.15,4,https://p.ipricegroup.com/3899e3f2e7d131590617875b3ee21b04f356a3c1_0.jpg,https://iprice.hk/compare/nature-republic-aloe-vera/,,,,
,,,,,,Urban Decay Naked,HK$ 395.40,1,https://p.ipricegroup.com/uploaded_31d303ebff53c14e8fdf46bc41aa0d7c.jpg,https://iprice.hk/compare/urban-decay-naked/,,,,
,,,,,,banila co. Clean it Zero,HK$ 157.47,1,https://p.ipricegroup.com/1e106462664257ac3918e483874b4cf1afb126bb_0.jpg,https://iprice.hk/compare/banila-co-clean-it-zero/,,,,
,,,,,,Philips Lumea Prestige IPL,"HK$ 5,410.75",4,https://p.ipricegroup.com/uploaded_c60a84b42b6e857a7e0d5a7b5e13c3d4.jpg,https://iprice.hk/compare/philips-lumea-prestige-ipl/,,,,
,,,,,,IOPE Bio Essence Intensive Conditioning,HK$ 219.80,2,https://p.ipricegroup.com/c4fab23c71b15d0d8af5b55a3506cac0ce1da188_0.jpg,https://iprice.hk/compare/iope-bio-essence-intensive-conditioning/,,,,
,,,,,,APRILSKIN Magic Snow Cushion White,,0,https://a.ipricegroup.com/img/variant/img-not-found-large.png,https://iprice.hk/compare/aprilskin-magic-snow-cushion-white/,,,,
,,,,,,Urban Decay Eyeshadow Primer Potion,HK$ 98.85,1,https://p.ipricegroup.com/a8cf5a36562471099f773f1193470d7303875445_0.jpg,https://iprice.hk/compare/urban-decay-eyeshadow-primer-potion/,,,,
,,,,,,Fenty Beauty Gloss Bomb,HK$ 180.00,2,https://p.ipricegroup.com/uploaded_8e980244fc7bc11c5269e4e9497a2223.jpg,https://iprice.hk/compare/fenty-beauty-gloss-bomb/,,,,
,,,,,,Laura Mercier Foundation Primer,HK$ 196.25,4,https://p.ipricegroup.com/bf047219bd28cb6c80d499a179f710700c2382a7_0.jpg,https://iprice.hk/compare/laura-mercier-foundation-primer/,,,,
,,,,,,3CE Lip Lacquer,HK$ 89.72,3,https://p.ipricegroup.com/221d0acffd1c66ac0f424bfae2652c8feef57d45_0.jpg,https://iprice.hk/compare/3ce-lip-lacquer/,,,,
,,,,,,Hourglass Ambient Lighting Blush,HK$ 364.19,2,https://p.ipricegroup.com/14b6f8d2ce3f3a2f19ddb83ff5e8aae829609335_0.jpg,https://iprice.hk/compare/hourglass-ambient-lighting-blush/,,,,
,,,,,,IOPE Air Cushion Natural Glow,HK$ 99.46,3,https://p.ipricegroup.com/uploaded_08be41acc8934aceadb67a18ae9ad812.jpg,https://iprice.hk/compare/iope-air-cushion-natural-glow/,,,,
PDP-HB-SeeMore,section2,product-carousel,,,,items,,,,,,,,
,,,,,,name,image-url,url,,,,,,
,,,,,,LANEIGE Lip Sleeping Mask,https://p.ipricegroup.com/uploaded_35f0b52a9e2158029fb2dd07954857ab.jpg,https://iprice.hk/compare/laneige-lip-sleeping-mask/,,,,,,
,,,,,,Laneige Water Base CC Cream,https://p.ipricegroup.com/03feef9949a9ae5742ac1bead880ac7be59bbcf3_0.jpg,https://iprice.hk/compare/laneige-water-base-cc-cream/,,,,,,
,,,,,,Innisfree It's Real Squeeze Mask,https://p.ipricegroup.com/12d5e82ec101caf81516d306db036e2794cefd98_0.jpg,https://iprice.hk/compare/innisfree-its-real-squeeze-mask/,,,,,,
,,,,,,Kiehl's Ultra Facial Cream,https://p.ipricegroup.com/54a433574bc8769582866f7041ad16253a341644_0.jpg,https://iprice.hk/compare/kiehls-ultra-facial-cream/,,,,,,
,,,,,,Skinfood Black Sugar Mask Wash Off,https://p.ipricegroup.com/f92fc981ad4d8103fd02cafe158d645b2db3b784_0.jpg,https://iprice.hk/compare/skinfood-black-sugar-mask-wash-off/,,,,,,
,,,,,,Nature Republic Aloe Vera Aloe Vera,https://a.ipricegroup.com/img/variant/img-not-found-large.png,https://iprice.hk/compare/nature-republic-aloe-vera-aloe-vera/,,,,,,
,,,,,,Versace Bright Crystal Absolu,https://p.ipricegroup.com/17acfd93b2340c6339165c645caa18aba598f35a_0.jpg,https://iprice.hk/compare/versace-bright-crystal-absolu/,,,,,,
,,,,,,Estée Lauder Advanced Night Repair Synchronized Recovery Complex II,https://p.ipricegroup.com/f8e2536ff7a2ac979d763bd570cd8219d69bbdb2_0.jpg,https://iprice.hk/compare/estee-lauder-advanced-night-repair-synchronized-recovery-complex-ii/,,,,,,
,,,,,,Kat Von D Tattoo Liner,https://p.ipricegroup.com/9a2d7aaf78d89f8d04bfa55dc5d8783fbbcd43ba_0.jpg,https://iprice.hk/compare/kat-von-d-tattoo-liner/,,,,,,
,,,,,,IOPE Air Cushion Matte Longwear,https://p.ipricegroup.com/b66e64b1c8c0021682769d6480af357d57e1bf70_0.jpg,https://iprice.hk/compare/iope-air-cushion-matte-longwear/,,,,,,
PDP-PLP-SeeMore,section10,link,More Products,1234,1234,items,,,,,,,,
,,,,,,name,image-url,url,,,,,,
,,,,,,Gucci,https://p.ipricegroup.com/c67341f826c2f26e1a93b7573d92108c8339ac83_0.jpg,https://iprice.hk/gucci/,,,,,,
,,,,,,Taobao,https://a.ipricegroup.com/store/taobao-hk.jpg,https://iprice.hk/coupons/taobao/,,,,,,
,,,,,,Vans,https://p.ipricegroup.com/7272063f82bb0af58223180f710652307b09c1d0_0.jpg,https://iprice.hk/vans/,,,,,,
,,,,,,ASOS,https://p.ipricegroup.com/a37f086a0c8c189da7e2ef626f7643b6606226de_0.jpg,https://iprice.hk/asos/,,,,,,
,,,,,,Apple,https://p.ipricegroup.com/uploaded_31ecdef0ef7fb7cd83a766426fbb7c8b.jpg,https://iprice.hk/apple/,,,,,,
,,,,,,Burberry,https://p.ipricegroup.com/97dc6988a30075f8aded79a440097183981e6244_0.jpg,https://iprice.hk/burberry/,,,,,,
,,,,,,Tory Burch,https://p.ipricegroup.com/0a7f47d27a0cd62ec4f85d804f48f36b43702e14_0.jpg,https://iprice.hk/tory-burch/,,,,,,
,,,,,,Coach Bags,https://p.ipricegroup.com/1c73bddfbaa499b984c298e8161f3fcc52129d60_0.jpg,https://iprice.hk/coach/bags/,,,,,,
,,,,,,RIMOWA,https://p.ipricegroup.com/b8e7f4b2982a506a231d098260147834c31a8771_0.jpg,https://iprice.hk/rimowa/,,,,,,
,,,,,,Champion,https://p.ipricegroup.com/45461e3bd0e35446ee48e491042673418cc4e5ec_0.jpg,https://iprice.hk/champion/,,,,,,
,,,,,,FILA,https://p.ipricegroup.com/9b34bb5924fe7a3b5296b359a365b601f1295249_0.jpg,https://iprice.hk/fila/,,,,,,
,,,,,,Kate Spade New York,https://p.ipricegroup.com/9e49faf1b6827a98c3cd0353e900bc168803e25b_0.jpg,https://iprice.hk/kate-spade-new-york/,,,,,,
,,,,,,Sephora HK Promo Code ‌ ‌,https://a.ipricegroup.com/store/sephora-hk.jpg,https://iprice.hk/coupons/sephora/,,,,,,
,,,,,,Groupon,https://a.ipricegroup.com/store/groupon-hk.jpg,https://iprice.hk/coupons/groupon/,,,,,,
,,,,,,Trivago,https://a.ipricegroup.com/store/trivago-hk.jpg,https://iprice.hk/coupons/trivago/,,,,,,
,,,,,,Pull & Bear,https://p.ipricegroup.com/71aec16ca12232cb8eeccb07694a94bd888e30b8_0.jpg,https://iprice.hk/pull-bear/,,,,,,
,,,,,,Louis Vuitton,https://p.ipricegroup.com/8b79ecc5143de596f6faa89548314b43fa758215_0.jpg,https://iprice.hk/louis-vuitton/,,,,,,
End,,,,,,,,,,,,,,