section,name,type,title,go-to-url,go-to-title,,,,,,,,,
Coupons-Store-Carousel,section6,catagory-carousel-no-text,Find the Best Deals Online,,All Stores,items,,,,,,,,
,,,,,,name,image-url,url,,,,,,
,,,,,,Ezbuy,https://a.ipricegroup.com/store/ezbuy-sg.jpg,https://iprice.sg/coupons/ezbuy/,,,,,,
,,,,,,Lazada Promo Code,https://a.ipricegroup.com/store/lazada-sg.jpg,https://iprice.sg/coupons/lazada/,,,,,,
,,,,,,Zuji,https://a.ipricegroup.com/store/zuji-sg.jpg,https://iprice.sg/coupons/zuji/,,,,,,
,,,,,,Klook Promo Code,https://a.ipricegroup.com/store/klook-sg.jpg,https://iprice.sg/coupons/klook/,,,,,,
,,,,,,Shopee Promo Code,https://a.ipricegroup.com/store/shopee-sg.jpg,https://iprice.sg/coupons/shopee/,,,,,,
,,,,,,Grabfood Promo Code,https://a.ipricegroup.com/store/grabfood-sg.jpg,https://iprice.sg/coupons/grabfood/,,,,,,
,,,,,,Redmart Promo Code,https://a.ipricegroup.com/store/redmart-sg.jpg,https://iprice.sg/coupons/redmart/,,,,,,
,,,,,,Agoda Promo Code,https://a.ipricegroup.com/store/agoda-sg.jpg,https://iprice.sg/coupons/agoda/,,,,,,
,,,,,,Qatar Airways,https://a.ipricegroup.com/store/qatar-airways.jpg,https://iprice.sg/coupons/qatar-airways/,,,,,,
,,,,,,Zalora Promo Code,https://a.ipricegroup.com/store/zalora-sg.jpg,https://iprice.sg/coupons/zalora/,,,,,,
,,,,,,KKday Promo Code,https://a.ipricegroup.com/store/kkday-sg.jpg,https://iprice.sg/coupons/kkday/,,,,,,
,,,,,,Qoo10 Coupon,https://a.ipricegroup.com/store/qoo10-sg.jpg,https://iprice.sg/coupons/qoo10/,,,,,,
,,,,,,Hotels.com Promo Code,https://a.ipricegroup.com/store/hotelscom-sg.jpg,https://iprice.sg/coupons/hotelscom/,,,,,,
,,,,,,Trazy,https://a.ipricegroup.com/store/trazycom-sg.jpg,https://iprice.sg/coupons/trazy/,,,,,,
,,,,,,Farfetch Promo Code,https://a.ipricegroup.com/store/farfetch-sg.jpg,https://iprice.sg/coupons/farfetch/,,,,,,
,,,,,,Yoox Promo Code,https://a.ipricegroup.com/store/yoox-sg.jpg,https://iprice.sg/coupons/yoox/,,,,,,
PLP-EL-BrandCategory-Carousel,section3,catagory-carousel,Compare the Best Prices in Electronics,,,items,,,,,,,,
,,,,,,brand-name,name,image-url,url,,,,,
,,,,,,Fuji Xerox,Printers,https://p.ipricegroup.com/uploaded_cdcd52ded8594b2164da85846fd44d6e.jpg,https://iprice.sg/fuji-xerox/computing/printers/,,,,,
,,,,,,OPPO,Phones & Tablets,https://p.ipricegroup.com/uploaded_c4819eeb58d65cffb59265a10e0ff1de.jpg,https://iprice.sg/oppo/phones-tablets/,,,,,
,,,,,,Hitachi,Refrigerators,https://p.ipricegroup.com/72c60e780a9c9abd1d995ee49be368a40044eb88_0.jpg,https://iprice.sg/hitachi/appliances/refrigerators/,,,,,
,,,,,,Ariston,Water Heater in Singapore,https://p.ipricegroup.com/36382170_0.jpg,https://iprice.sg/ariston/bathroom/water-heaters/,,,,,
,,,,,,Dyson,Vacuum Cleaners,https://p.ipricegroup.com/uploaded_3897f18330d861754027b296a21440c5.jpg,https://iprice.sg/dyson/appliances/vacuum-cleaners/,,,,,
,,,,,,Sharp,Calculators,https://p.ipricegroup.com/8545457_0.jpg,https://iprice.sg/sharp/stationery/calculators/,,,,,
,,,,,,Sony,LED TVs,https://p.ipricegroup.com/uploaded_8833e209f956ffc3162eff1794d21bfd.jpg,https://iprice.sg/sony/tv-video-dvd/led/,,,,,
,,,,,,Apple,Laptops,https://p.ipricegroup.com/uploaded_f427b46bc66db75e776936abf32c9e2e.jpg,https://iprice.sg/apple/computing/laptops/,,,,,
,,,,,,Canon,DSLR Cameras,https://p.ipricegroup.com/37288942_0.jpg,https://iprice.sg/canon/camera-photo/dslrs/,,,,,
,,,,,,Dell,Laptops,https://p.ipricegroup.com/uploaded_56590596ea8db816a7a6383468dce1f5.jpg,https://iprice.sg/dell/computing/laptops/,,,,,
,,,,,,Panasonic,LED TVs,https://p.ipricegroup.com/570527ab15b25c04492f8f3a82ac8eeac8264c1b_0.jpg,https://iprice.sg/panasonic/tv-video-dvd/led/,,,,,
,,,,,,Xiaomi,Smartwatches,https://p.ipricegroup.com/uploaded_1ded63ed57e7eeede5ad25e76f21c561.jpg,https://iprice.sg/xiaomi/phones-tablets/smartwatches/,,,,,
,,,,,,ASUS,Gaming Laptops,https://p.ipricegroup.com/uploaded_f6979add1ea16988f93bb77ce1ac0a2a.jpg,https://iprice.sg/asus/computing/laptops/gaming/,,,,,
,,,,,,LG,Washing,https://p.ipricegroup.com/uploaded_1ae9418c25fea2cbdbc7e1cb3aaaf890.jpg,https://iprice.sg/lg/appliances/laundry-machines/washing/,,,,,
,,,,,,Samsung,Laptops,https://p.ipricegroup.com/uploaded_f1b42bdd46698e69d95b2c048fda6d49.jpg,https://iprice.sg/samsung/computing/laptops/,,,,,
,,,,,,Nikon,Camera Lenses,https://p.ipricegroup.com/3131113_0.jpg,https://iprice.sg/nikon/camera-photo/lenses/,,,,,
,,,,,,Epson,Projectors,https://p.ipricegroup.com/37845459_0.jpg,https://iprice.sg/epson/computing/office-supplies/projectors/,,,,,
,,,,,,Samsung,Refrigerators,https://p.ipricegroup.com/uploaded_34747b8366abe84e14429387eddbaf98.jpg,https://iprice.sg/samsung/appliances/refrigerators/,,,,,
,,,,,,Midea,Air Conditioner Singapore,https://p.ipricegroup.com/c9f4bcd22040825821f9a206c359150dcdf2fd95_0.jpg,https://iprice.sg/midea/appliances/air-conditioners/,,,,,
PLP-EL-Brand-Carousel,section3_brand,catagory-carousel-no-text,,,,items,,,,,,,,
,,,,,,name,image-url,url,,,,,,
,,,,,,Philips,https://a.ipricegroup.com/media/Zach__2_/philips.png,https://iprice.sg/philips/,,,,,,
,,,,,,Dell,https://a.ipricegroup.com/media/Zach__2_/dell.png,https://iprice.sg/dell/,,,,,,
,,,,,,Lenovo,https://a.ipricegroup.com/media/Zach__2_/lenovo.png,https://iprice.sg/lenovo/,,,,,,
,,,,,,Xiaomi,https://a.ipricegroup.com/brand/xiaomi.jpg,https://iprice.sg/xiaomi/,,,,,,
,,,,,,Apple,https://a.ipricegroup.com/media/Zach__2_/apple.png,https://iprice.sg/apple/,,,,,,
,,,,,,Samsung,https://a.ipricegroup.com/brand/samsung.jpg,https://iprice.sg/samsung/,,,,,,
,,,,,,Huawei,https://a.ipricegroup.com/media/Zach__2_/huawei.png,https://iprice.sg/huawei/,,,,,,
,,,,,,Sony,https://a.ipricegroup.com/media/Zach__2_/sony.png,https://iprice.sg/sony/,,,,,,
,,,,,,Acer,https://a.ipricegroup.com/media/Zach__2_/acer.png,https://iprice.sg/acer/,,,,,,
,,,,,,KDK,https://a.ipricegroup.com/brand/kdk.jpg,https://iprice.sg/kdk/,,,,,,
,,,,,,OPPO,https://a.ipricegroup.com/brand/oppo.jpg,https://iprice.sg/oppo/,,,,,,
,,,,,,ASUS,https://a.ipricegroup.com/media/Zach__2_/asus.png,https://iprice.sg/asus/,,,,,,
,,,,,,Bose,https://a.ipricegroup.com/brand/bose.jpg,https://iprice.sg/bose/,,,,,,
,,,,,,Nikon,https://a.ipricegroup.com/media/Zach__2_/nikon.png,https://iprice.sg/nikon/,,,,,,
,,,,,,Canon,https://a.ipricegroup.com/media/Zach__2_/canon.png,https://iprice.sg/canon/,,,,,,
,,,,,,JBL,https://a.ipricegroup.com/brand/jbl.jpg,https://iprice.sg/jbl/,,,,,,
,,,,,,JOVEN,https://a.ipricegroup.com/brand/joven.jpg,https://iprice.sg/joven/,,,,,,
,,,,,,KINDLE,https://a.ipricegroup.com/brand/kindle.jpg,https://iprice.sg/kindle/,,,,,,
,,,,,,Vivo,https://a.ipricegroup.com/brand/vivo.jpg,https://iprice.sg/vivo/,,,,,,
,,,,,,Fujifilm,https://a.ipricegroup.com/brand/fujifilm.jpg,https://iprice.sg/fujifilm/,,,,,,
,,,,,,,https://a.ipricegroup.com/media/homepage/EN_allbrands.jpg,https://iprice.sg/brands/,,,,,,
PLP-EL-Category-Carousel,section11,product-carousel,,,,items,,,,,,,,
,,,,,,name,image-url,url,,,,,,
,,,,,,Computer,https://a.ipricegroup.com/media/homepage/Icon_v2/Computers.png,https://iprice.sg/computing/,items1,,,,,
,,,,,,,,,name,url,,,,
,,,,,,,,,Laptops,https://iprice.sg/computing/laptops/,,,,
,,,,,,,,,Desktop PCs,https://iprice.sg/computing/desktop-pcs/,,,,
,,,,,,,,,Webcams,https://iprice.sg/computing/webcams/,,,,
,,,,,,,,,Software,https://iprice.sg/computing/software/,,,,
,,,,,,,,,Printers,https://iprice.sg/computing/printers/,,,,
,,,,,,,,,Hardware,https://iprice.sg/computing/hardware/,,,,
,,,,,,,,,Computing Accessories,https://iprice.sg/computing/accessories/,,,,
,,,,,,,,,External Storage,https://iprice.sg/computing/external-storage/,,,,
,,,,,,,,,Network Gear,https://iprice.sg/computing/network-gear/,,,,
,,,,,,Phones & Tablets,https://a.ipricegroup.com/media/homepage/Icon_v2/Tablets_and_Phones.png,https://iprice.sg/phones-tablets/,items1,,,,,
,,,,,,,,,name,url,,,,
,,,,,,,,,Smartphones,https://iprice.sg/phones-tablets/smartphones/,,,,
,,,,,,,,,Tablets,https://iprice.sg/phones-tablets/tablets/,,,,
,,,,,,,,,Smartwatches,https://iprice.sg/phones-tablets/smartwatches/,,,,
,,,,,,,,,Bluetooth Headsets,https://iprice.sg/phones-tablets/bluetooth-headsets/,,,,
,,,,,,,,,Basic Phones,https://iprice.sg/phones-tablets/basic-phones/,,,,
,,,,,,,,,Upcoming Mobile Phones,https://iprice.sg/upcoming-products/smartphones/,,,,
,,,,,,Gaming,https://a.ipricegroup.com/media/homepage/Icon_v2/Gaming.png,https://iprice.sg/gaming/,items1,,,,,
,,,,,,,,,name,url,,,,
,,,,,,,,,Playstation,https://iprice.sg/gaming/playstation/,,,,
,,,,,,,,,Xbox,https://iprice.sg/gaming/xbox/,,,,
,,,,,,,,,Games,https://iprice.sg/gaming/games/,,,,
,,,,,,,,,Gaming Controllers,https://iprice.sg/gaming/controllers/,,,,
,,,,,,,,,Nintendo Consoles,https://iprice.sg/gaming/nintendo/,,,,
,,,,,,,,,Gaming Accessories,https://iprice.sg/gaming/accessories/,,,,
,,,,,,,,,Mobile Games,https://iprice.sg/gaming/mobile/,,,,
,,,,,,,,,Other Consoles,https://iprice.sg/gaming/other-consoles/,,,,
,,,,,,Camera & Photo,https://a.ipricegroup.com/media/homepage/Icon_v2/Cameras.png,https://iprice.sg/camera-photo/,items1,,,,,
,,,,,,,,,name,url,,,,
,,,,,,,,,DSLR Cameras,https://iprice.sg/camera-photo/dslrs/,,,,
,,,,,,,,,Camcorders,https://iprice.sg/camera-photo/camcorders/,,,,
,,,,,,,,,Polaroid Cameras,https://iprice.sg/camera-photo/polaroid/,,,,
,,,,,,,,,Drone Cameras,https://iprice.sg/camera-photo/drones/,,,,
,,,,,,,,,CCTV,https://iprice.sg/camera-photo/cctv/,,,,
,,,,,,,,,Action Cameras in Singapore,https://iprice.sg/camera-photo/action/,,,,
,,,,,,,,,Mirrorless Cameras,https://iprice.sg/camera-photo/mirrorless/,,,,
,,,,,,,,,Underwater Cameras,https://iprice.sg/camera-photo/underwater/,,,,
,,,,,,,,,Compact Cameras,https://iprice.sg/camera-photo/compact/,,,,
,,,,,,"TV, Video & DVD",https://a.ipricegroup.com/media/homepage/Icon_v2/Tv__DVD.png,https://iprice.sg/tv-video-dvd/,items1,,,,,
,,,,,,,,,name,url,,,,
,,,,,,,,,Media Players,https://iprice.sg/tv-video-dvd/media-players/,,,,
,,,,,,,,,Blu-Ray,https://iprice.sg/tv-video-dvd/blu-ray/,,,,
,,,,,,,,,DVD Players,https://iprice.sg/tv-video-dvd/dvd-players/,,,,
,,,,,,,,,LED TVs,https://iprice.sg/tv-video-dvd/led/,,,,
,,,,,,,,,"TV, Video & DVD Accessories",https://iprice.sg/tv-video-dvd/accessories/,,,,
,,,,,,,,,Streaming Media Players,https://iprice.sg/tv-video-dvd/streaming-media-players/,,,,
,,,,,,Appliances,https://a.ipricegroup.com/media/homepage/Icon_v2/Appliances.png,https://iprice.sg/appliances/,items1,,,,,
,,,,,,,,,name,url,,,,
,,,,,,,,,Fans,https://iprice.sg/appliances/fans/,,,,
,,,,,,,,,Refrigerators,https://iprice.sg/appliances/refrigerators/,,,,
,,,,,,,,,Vacuum Cleaners,https://iprice.sg/appliances/vacuum-cleaners/,,,,
,,,,,,,,,Air Conditioner Singapore,https://iprice.sg/appliances/air-conditioners/,,,,
,,,,,,,,,Coffee Machines,https://iprice.sg/appliances/coffee-machines/,,,,
,,,,,,,,,Dishwashers,https://iprice.sg/appliances/dishwashers/,,,,
,,,,,,,,,Cookers,https://iprice.sg/appliances/cookers/,,,,
,,,,,,,,,Ovens,https://iprice.sg/appliances/ovens/,,,,
,,,,,,,,,Mixers,https://iprice.sg/appliances/mixers/,,,,
PDP-EL-Carousel,section1,product-carousel,,,,items,,,,,,,,
,,,,,,name,price,store-count,image-url,url,,,,
,,,,,,Huawei P20 Pro Twilight,S$ 770.00,5,https://p.ipricegroup.com/uploaded_7744e268a4f6a4c510f98ae02d76f2fc.jpg,https://iprice.sg/compare/huawei-p20-pro-twilight/,,,,
,,,,,,Apple iPhone Xs,"S$ 1,388.00",5,https://p.ipricegroup.com/uploaded_17b5dd294ea1ded8504d74fca7a10279.jpg,https://iprice.sg/compare/apple-iphone-xs/,,,,
,,,,,,Xiaomi Mi 8 128GB Black,S$ 558.00,2,https://p.ipricegroup.com/uploaded_1c3630322dc6dc4d7bb3f17410f5afcb.jpg,https://iprice.sg/compare/xiaomi-mi-8-128gb-black/,,,,
,,,,,,Apple iPhone Xs Max,"S$ 1,435.00",5,https://p.ipricegroup.com/uploaded_d739b4fee0a22e9f77087d7d16eeccb8.jpg,https://iprice.sg/compare/apple-iphone-xs-max/,,,,
,,,,,,OnePlus 6 64GB Midnight Black,S$ 691.00,1,https://p.ipricegroup.com/uploaded_ddc7e2ddeba278e84d89ec8763c49ab6.jpg,https://iprice.sg/compare/oneplus-6-64gb-midnight-black/,,,,
,,,,,,Apple AirPods,S$ 218.00,6,https://p.ipricegroup.com/uploaded_8eab43a855d3b74e99cb1a1120221fc9.jpg,https://iprice.sg/compare/apple-airpods/,,,,
,,,,,,Google Pixel 3 XL,S$ 980.06,5,https://p.ipricegroup.com/uploaded_ddcd2f5f474685e9d332b32c562bc1b1.jpg,https://iprice.sg/compare/google-pixel-3-xl/,,,,
,,,,,,Xiaomi Redmi Note 5 Pro Black,S$ 349.00,2,https://p.ipricegroup.com/uploaded_6f03e7f7c7fdfd0a8c941a8583d2fe6c.jpg,https://iprice.sg/compare/xiaomi-redmi-note-5-pro-black/,,,,
,,,,,,Samsung Galaxy A7,S$ 211.30,3,https://p.ipricegroup.com/uploaded_205540235693e153b09f821826e47dc3.jpg,https://iprice.sg/compare/samsung-galaxy-a7/,,,,
,,,,,,Apple iPhone X,"S$ 1,209.00",2,https://p.ipricegroup.com/uploaded_149fd591353013eb0adad5ae2ac51dcf.jpg,https://iprice.sg/compare/apple-iphone-x/,,,,
,,,,,,Google Pixel 3,S$ 929.00,3,https://p.ipricegroup.com/uploaded_af620173baa1a05620024c768c8fb843.jpg,https://iprice.sg/compare/google-pixel-3/,,,,
,,,,,,Samsung Galaxy S8,S$ 499.90,4,https://p.ipricegroup.com/uploaded_c9d27e115928859ce037665d8409492b.jpg,https://iprice.sg/compare/samsung-galaxy-s8/,,,,
,,,,,,Apple iPhone 6,S$ 439.55,1,https://p.ipricegroup.com/uploaded_8fedeedccef59f3c2fba21f8541299c5.jpg,https://iprice.sg/compare/apple-iphone-6/,,,,
,,,,,,Apple iPhone 8 Plus,"S$ 1,149.00",4,https://p.ipricegroup.com/uploaded_d5a811a2a5010fb1b5ea05c19a764300.jpg,https://iprice.sg/compare/apple-iphone-8-plus/,,,,
,,,,,,Apple iPhone 8,S$ 888.00,5,https://p.ipricegroup.com/uploaded_724d9e8a2309f7d7b3b5678aed75d8e8.jpg,https://iprice.sg/compare/apple-iphone-8/,,,,
,,,,,,Samsung Galaxy A7 (2018),S$ 401.00,3,https://p.ipricegroup.com/uploaded_31c66599a6d47c3d0f11c981495aeccb.jpg,https://iprice.sg/compare/samsung-galaxy-a7-2018/,,,,
,,,,,,Apple iPhone 6s,,0,https://p.ipricegroup.com/29761206_0.jpg,https://iprice.sg/compare/apple-iphone-6s/,,,,
,,,,,,Apple iPhone 7,S$ 521.10,4,https://p.ipricegroup.com/uploaded_ed03e9488084327d852e1eeb2234dbb5.jpg,https://iprice.sg/compare/apple-iphone-7/,,,,
,,,,,,Samsung Galaxy Note 8,S$ 616.00,5,https://p.ipricegroup.com/uploaded_f0e78e2652de7de88931325edc745dd5.jpg,https://iprice.sg/compare/samsung-galaxy-note-8/,,,,
PDP-EL-SeeMore,section1_link,link,,,,items,,,,,,,,
,,,,,,name,image-url,url,,,,,,
,,,,,,Huawei P20,https://p.ipricegroup.com/uploaded_be15a1d2f9ff3e960fd0eae8a7f1a4c0.jpg,https://iprice.sg/compare/huawei-p20/,,,,,,
,,,,,,Oppo R17,https://p.ipricegroup.com/uploaded_c4819eeb58d65cffb59265a10e0ff1de.jpg,https://iprice.sg/compare/oppo-r17/,,,,,,
,,,,,,Apple Watch,https://p.ipricegroup.com/29916038_0.jpg,https://iprice.sg/compare/apple-watch/,,,,,,
,,,,,,OPPO R15,https://p.ipricegroup.com/uploaded_ff6fdeed5e76b7a67a1f0b39499f5a7d.jpg,https://iprice.sg/compare/oppo-r15/,,,,,,
,,,,,,Xiaomi Redmi Note 5 Pro,https://p.ipricegroup.com/uploaded_befb6e41aa2ebcaba6b30be764b26050.jpg,https://iprice.sg/compare/xiaomi-redmi-note-5-pro/,,,,,,
,,,,,,Xiaomi Redmi 6A,https://p.ipricegroup.com/uploaded_28e407cd8305a8ecef4a7a958c11c810.jpg,https://iprice.sg/compare/xiaomi-redmi-6a/,,,,,,
,,,,,,Samsung Galaxy S9 Plus 128GB Midnight Black,https://p.ipricegroup.com/uploaded_ad2a244af1099cbc53d1ced7b31532a0.jpg,https://iprice.sg/compare/samsung-galaxy-s9-plus-128gb-midnight-black/,,,,,,
,,,,,,Samsung Galaxy Tab S4 10.5,https://p.ipricegroup.com/uploaded_44cfd2121b8ec0837ffa845641f3b429.jpg,https://iprice.sg/compare/samsung-galaxy-tab-s4-105/,,,,,,
,,,,,,Xiaomi Redmi 5A,https://p.ipricegroup.com/uploaded_1dea796fc12a0991bef6a46e235ecebc.jpg,https://iprice.sg/compare/xiaomi-redmi-5a/,,,,,,
,,,,,,Apple iPhone 6 Plus,https://p.ipricegroup.com/25179747_0.jpg,https://iprice.sg/compare/apple-iphone-6-plus/,,,,,,
,,,,,,Vivo V9,https://p.ipricegroup.com/uploaded_084310ff7b6e8b27be1ab02acbeea6d1.jpg,https://iprice.sg/compare/vivo-v9/,,,,,,
,,,,,,Sony PlayStation 4,https://p.ipricegroup.com/uploaded_b6d06c6ffb2cd3c914ce426c6b35e7f6.jpg,https://iprice.sg/compare/sony-playstation-4/,,,,,,
,,,,,,Apple iPhone SE,https://p.ipricegroup.com/31506077_0.jpg,https://iprice.sg/compare/apple-iphone-se/,,,,,,
,,,,,,Xiaomi Mi A2 Lite,https://p.ipricegroup.com/uploaded_5c047cb4df8d512f261bec2d4e3b1920.jpg,https://iprice.sg/compare/xiaomi-mi-a2-lite/,,,,,,
,,,,,,Apple iPhone 6s Plus,https://p.ipricegroup.com/29761156_0.jpg,https://iprice.sg/compare/apple-iphone-6s-plus/,,,,,,
,,,,,,Samsung Galaxy S7 edge,https://p.ipricegroup.com/uploaded_8a8bff8f2d9ab790557ffbdd22da4e45.jpg,https://iprice.sg/compare/samsung-galaxy-s7-edge/,,,,,,
,,,,,,Samsung Galaxy S8 Plus,https://p.ipricegroup.com/uploaded_4d8a4ed4148bd1b78c3d0c10b2ba8ac6.jpg,https://iprice.sg/compare/samsung-galaxy-s8-plus/,,,,,,
,,,,,,Huawei Honor 8X Max,https://p.ipricegroup.com/uploaded_27f49ca88c5a2752721bf8677ee7fc84.jpg,https://iprice.sg/compare/huawei-honor-8x-max/,,,,,,
,,,,,,Samsung Galaxy A7 (2017),https://p.ipricegroup.com/uploaded_5bed50828db1b209f13a984f9672e880.jpg,https://iprice.sg/compare/samsung-galaxy-a7-2017/,,,,,,
,,,,,,Samsung Galaxy J7 Pro,https://p.ipricegroup.com/uploaded_da732f38545c3d117c512339fe9d9558.jpg,https://iprice.sg/compare/samsung-galaxy-j7-pro/,,,,,,
PLP-FA-BrandCategory-Men-Carousel,section4,fashion-panel,Shop Men's Fashion,https://iprice.sg/clothing/men/,,image-url,,label,type,,,,,
,,,,,,https://a.ipricegroup.com/media/homepage/SGHK_men-min.jpg,,1234,category-carousel,items,,,,
,,,,,,,,,,brand-name,name,url,image-url,main-url
,,,,,,,,,FALSE,Charles & Keith,Bags,,,https://iprice.sg/charles-keith/bags/
,,,,,,,,,TRUE,Alexandre Christie,Watches,https://iprice.sg/alexandre-christie/watches/men/,https://p.ipricegroup.com/0b56c0d3029d7388985ebf0396c05f2683c3ec57_0.jpg,https://iprice.sg/alexandre-christie/watches/
,,,,,,,,,FALSE,Longchamp,Bags,,,https://iprice.sg/longchamp/bags/
,,,,,,,,,TRUE,FILA,Shoes,https://iprice.sg/fila/shoes/men/,https://p.ipricegroup.com/7c2904977524625790d611889452a03c02cf01e7_0.jpg,https://iprice.sg/fila/shoes/
,,,,,,,,,TRUE,Coach,Bags,https://iprice.sg/coach/bags/men/,https://p.ipricegroup.com/67a070eff722310e57d9b15d9932b158b9658c6b_0.jpg,https://iprice.sg/coach/bags/
,,,,,,,,,FALSE,Kate Spade New York,Bags,,,https://iprice.sg/kate-spade-new-york/bags/
,,,,,,,,,TRUE,Puma,Shoes,https://iprice.sg/puma/shoes/men/,https://p.ipricegroup.com/0fead6ef28a163dd3271cf7aa22c3fac5f80c044_0.jpg,https://iprice.sg/puma/shoes/
,,,,,,,,,TRUE,Swarovski,Jewellery,https://iprice.sg/swarovski/jewellery/men/,https://p.ipricegroup.com/1dddd589ea838198b99e7cc8cd9d55b8dcd9ad07_0.jpg,https://iprice.sg/swarovski/jewellery/
,,,,,,,,,TRUE,MCM,Bags,https://iprice.sg/mcm/bags/men/,https://p.ipricegroup.com/9d8f93f5842db1a922aa65a406219f596f7edab7_0.jpg,https://iprice.sg/mcm/bags/
,,,,,,,,,TRUE,BAPE,Clothing,https://iprice.sg/search/&term=bape+clothing&gender=1,,https://iprice.sg/bape/clothing/
,,,,,,,,,TRUE,Prada,Wallets,https://iprice.sg/prada/bags/men/wallets/,https://p.ipricegroup.com/20834bf69933bd69ed4de5b2da59206b711ffd0b_0.jpg,https://iprice.sg/prada/bags/wallets/
,,,,,,,,,TRUE,Adidas,Bags,https://iprice.sg/adidas/bags/men/,https://p.ipricegroup.com/0a7411743cb86a16dd9fb04aff7a8eaa698c375c_0.jpg,https://iprice.sg/adidas/bags/
,,,,,,,,,TRUE,Champion,Clothing,https://iprice.sg/champion/clothing/men/,https://p.ipricegroup.com/c73afe2ebcf9183078e83196653a718461f1d892_0.jpg,https://iprice.sg/champion/clothing/
,,,,,,,,,TRUE,Seiko,Watches,https://iprice.sg/seiko/watches/men/,https://p.ipricegroup.com/de5a856083ef98b3d64c6c2db38247077c8f0459_0.jpg,https://iprice.sg/seiko/watches/
,,,,,,,,,FALSE,MINISO,Bags,,,https://iprice.sg/miniso/bags/
,,,,,,,,,FALSE,Anello,Bags,,,https://iprice.sg/anello/bags/
,,,,,,,,,FALSE,LOJEL,Luggage,,,https://iprice.sg/lojel/bags/travel/luggage/
,,,,,,,,,TRUE,Lara,Bags,https://iprice.sg/lara/bags/men/,https://p.ipricegroup.com/4b38791bb4c3e9f72c3118877476eca760d2fed6_0.jpg,https://iprice.sg/lara/bags/
,,,,,,,,,TRUE,FILA,Clothing,https://iprice.sg/fila/clothing/men/,https://p.ipricegroup.com/b2de1bd4d25a5ebc24bfdb39694e7d649ae1e3d5_0.jpg,https://iprice.sg/fila/clothing/
,,,,,,,,,FALSE,Taka Jewellery,Jewellery,,,https://iprice.sg/taka-jewellery/jewellery/
PLP-FA-BrandCategory-Women-Carousel,section5,fashion-panel,Shop Women's Fashion,https://iprice.sg/clothing/women/,,image-url,url,label,type,,,,,
,,,,,,https://a.ipricegroup.com/media/homepage/SGHK_women-min.jpg,,1234,category-carousel,items,,,,
,,,,,,,,,,brand-name,name,url,image-url,main-url
,,,,,,,,,FALSE,Charles & Keith,Bags,,,
,,,,,,,,,TRUE,Alexandre Christie,Watches,https://iprice.sg/alexandre-christie/watches/women/,https://p.ipricegroup.com/e8f7cbae7c961eb2c245f510f3eab797535b5570_0.jpg,
,,,,,,,,,TRUE,Longchamp,Bags,https://iprice.sg/longchamp/bags/women/,https://p.ipricegroup.com/e214332da306cce6343ad765b80ebd2e67d0717c_0.jpg,
,,,,,,,,,TRUE,FILA,Shoes,https://iprice.sg/fila/shoes/women/,https://p.ipricegroup.com/9b34bb5924fe7a3b5296b359a365b601f1295249_0.jpg,
,,,,,,,,,TRUE,Coach,Bags,https://iprice.sg/coach/bags/women/,https://p.ipricegroup.com/51448f6db533d2a520f74c3a2e2223e338c71491_0.jpg,
,,,,,,,,,TRUE,Kate Spade New York,Bags,https://iprice.sg/kate-spade-new-york/bags/women/,https://p.ipricegroup.com/dc322f2c9c6f34914745bf98dc750df43dfba4d6_0.jpg,
,,,,,,,,,TRUE,Puma,Shoes,https://iprice.sg/puma/shoes/women/,https://p.ipricegroup.com/fc3bb3b87a21f83d8980eafacbdc3c17ff63ab0b_0.jpg,
,,,,,,,,,TRUE,Swarovski,Jewellery,https://iprice.sg/swarovski/jewellery/women/,https://p.ipricegroup.com/6185578fc8f645d70b5c529d3e4b880e53ea0fcd_0.jpg,
,,,,,,,,,TRUE,MCM,Bags,https://iprice.sg/mcm/bags/women/,https://p.ipricegroup.com/f78e15b6ffab71eec385bf53a3c9a68ec6c1298a_0.jpg,
,,,,,,,,,FALSE,BAPE,Clothing,,,
,,,,,,,,,TRUE,Prada,Wallets,https://iprice.sg/prada/bags/women/wallets/,https://p.ipricegroup.com/bbdbacdcef6b32c6e2afa032c8e0bb4521feac5f_0.jpg,
,,,,,,,,,TRUE,Adidas,Bags,https://iprice.sg/adidas/bags/women/,https://p.ipricegroup.com/91ae482d045e2ccc87dd6d4bd0a9cb61a6a612a4_0.jpg,
,,,,,,,,,TRUE,Champion,Clothing,https://iprice.sg/champion/clothing/women/,https://p.ipricegroup.com/67dc2dfaf8fb31e8c34573f2aa9ef6ce03fd3b28_0.jpg,
,,,,,,,,,TRUE,Seiko,Watches,https://iprice.sg/seiko/watches/women/,https://p.ipricegroup.com/2efa161f5db3e32b7ab5742dec4993e6a69e9777_0.jpg,
,,,,,,,,,FALSE,MINISO,Bags,,,
,,,,,,,,,TRUE,Anello,Bags,https://iprice.sg/anello/bags/women/,https://p.ipricegroup.com/00ec8bb02cbc89d098820e4b51b6935747e72853_0.jpg,
,,,,,,,,,FALSE,LOJEL,Luggage,,,
,,,,,,,,,TRUE,Lara,Bags,https://iprice.sg/lara/bags/women/,https://p.ipricegroup.com/c93751f768d087cc39b0073355433eeb3dd263e6_0.jpg,
,,,,,,,,,TRUE,FILA,Clothing,https://iprice.sg/fila/clothing/women/,https://p.ipricegroup.com/3b05e446e753554ad04447b05ee7b837c678ac39_0.jpg,
PLP-FA-Brand-Carousel,section5_brand,link,Popular Fashion Brands,,,items,,,FALSE,Taka Jewellery,Jewellery,,,
,,,,,,name,image-url,url,,,,,,
,,,,,,ZALORA,https://a.ipricegroup.com/brand/zalora.jpg,https://iprice.sg/zalora/,,,,,,
,,,,,,Nike,https://a.ipricegroup.com/media/Zach__2_/nike.png,https://iprice.sg/nike/,,,,,,
,,,,,,Adidas,https://a.ipricegroup.com/media/Zach__2_/adidas.png,https://iprice.sg/adidas/,,,,,,
,,,,,,Timberland,https://a.ipricegroup.com/brand/timberland.jpg,https://iprice.sg/timberland/,,,,,,
,,,,,,Crocs,https://a.ipricegroup.com/brand/crocs.jpg,https://iprice.sg/crocs/,,,,,,
,,,,,,ASOS,https://a.ipricegroup.com/brand/asos.jpg,https://iprice.sg/asos/,,,,,,
,,,,,,PANDORA,https://a.ipricegroup.com/media/Zach__2_/pandora.png,https://iprice.sg/pandora/,,,,,,
,,,,,,Pedro,https://a.ipricegroup.com/brand/pedro.jpg,https://iprice.sg/pedro/,,,,,,
,,,,,,ASICS,https://a.ipricegroup.com/brand/asics.jpg,https://iprice.sg/asics/,,,,,,
,,,,,,SK Jewellery,https://a.ipricegroup.com/brand/sk-jewellery.jpg,https://iprice.sg/sk-jewellery/,,,,,,
,,,,,,Converse,https://a.ipricegroup.com/media/Zach__2_/converse.png,https://iprice.sg/converse/,,,,,,
,,,,,,Crumpler,https://a.ipricegroup.com/brand/crumpler.jpg,https://iprice.sg/crumpler/,,,,,,
,,,,,,Samsonite,https://a.ipricegroup.com/brand/samsonite.jpg,https://iprice.sg/samsonite/,,,,,,
,,,,,,Pull & Bear,https://a.ipricegroup.com/brand/pull-bear.jpg,https://iprice.sg/pull-bear/,,,,,,
,,,,,,Carlo Rino,https://a.ipricegroup.com/brand/carlo-rino.jpg,https://iprice.sg/carlo-rino/,,,,,,
,,,,,,Naraya,https://a.ipricegroup.com/brand/naraya.jpg,https://iprice.sg/naraya/,,,,,,
,,,,,,Obermain,https://a.ipricegroup.com/brand/obermain.jpg,https://iprice.sg/obermain/,,,,,,
,,,,,,Ray-Ban,https://a.ipricegroup.com/brand/ray-ban.jpg,https://iprice.sg/ray-ban/,,,,,,
,,,,,,BONIA,https://a.ipricegroup.com/brand/bonia.jpg,https://iprice.sg/bonia/,,,,,,
,,,,,,Havaianas,https://a.ipricegroup.com/brand/havaianas.jpg,https://iprice.sg/havaianas/,,,,,,
,,,,,,,https://a.ipricegroup.com/media/homepage/EN_allbrands.jpg,https://iprice.sg/brands/,,,,,,
PLP-FA-Category-Carousel,section12,product-carousel,,,,,,,,,,,,
,,,,,,items,,,,,,,,
,,,,,,name,image-url,url,,,,,,
,,,,,,Womens' Clothing,https://a.ipricegroup.com/media/homepage/Icon_v2/Womens_Clothing.png,https://iprice.sg/clothing/women/,items1,,,,,
,,,,,,,,,name,url,,,,
,,,,,,,,,Dresses,https://iprice.sg/clothing/women/dresses/,,,,
,,,,,,,,,Tops,https://iprice.sg/clothing/women/tops/,,,,
,,,,,,,,,Jeans,https://iprice.sg/clothing/women/jeans/,,,,
,,,,,,,,,Jumpsuits,https://iprice.sg/clothing/women/jumpsuits/,,,,
,,,,,,,,,Shirts,https://iprice.sg/clothing/women/shirts/,,,,
,,,,,,,,,Skirts,https://iprice.sg/clothing/women/skirts/,,,,
,,,,,,,,,Pants,https://iprice.sg/clothing/women/pants/,,,,
,,,,,,,,,Swimwear,https://iprice.sg/clothing/women/swimwear/,,,,
,,,,,,,,,Shorts,https://iprice.sg/clothing/women/shorts/,,,,
,,,,,,,,,Sportswear,https://iprice.sg/clothing/women/sportswear/,,,,
,,,,,,,,,T-Shirts,https://iprice.sg/clothing/women/t-shirts/,,,,
,,,,,,,,,Formal Wear,https://iprice.sg/clothing/women/formal-wear/,,,,
,,,,,,,,,Polo Shirts,https://iprice.sg/clothing/women/polo-shirts/,,,,
,,,,,,,,,Sunglasses,https://iprice.sg/clothing/women/sunglasses/,,,,
,,,,,,Womens' shoes,https://a.ipricegroup.com/media/homepage/Icon_v2/Womens_Shoes.png,https://iprice.sg/shoes/women/,items1,,,,,
,,,,,,,,,name,url,,,,
,,,,,,,,,Boots,https://iprice.sg/shoes/women/boots/,,,,
,,,,,,,,,Flats,https://iprice.sg/shoes/women/flats/,,,,
,,,,,,,,,High Heels,https://iprice.sg/shoes/women/high-heels/,,,,
,,,,,,,,,Sneakers,https://iprice.sg/shoes/women/sneakers/,,,,
,,,,,,,,,Sports,https://iprice.sg/shoes/women/sports/,,,,
,,,,,,,,,Boat,https://iprice.sg/shoes/women/boat/,,,,
,,,,,,,,,Sandals,https://iprice.sg/shoes/women/sandals/,,,,
,,,,,,,,,Brogues,https://iprice.sg/shoes/women/brogues/,,,,
,,,,,,,,,Wedges,https://iprice.sg/shoes/women/wedges/,,,,
,,,,,,Mens' clothing,https://a.ipricegroup.com/media/homepage/Icon_v2/Mans_Clothing.png,https://iprice.sg/clothing/men/,items1,,,,,
,,,,,,,,,name,url,,,,
,,,,,,,,,Tops,https://iprice.sg/clothing/men/tops/,,,,
,,,,,,,,,Jeans,https://iprice.sg/clothing/men/jeans/,,,,
,,,,,,,,,Shirts,https://iprice.sg/clothing/men/shirts/,,,,
,,,,,,,,,Pants,https://iprice.sg/clothing/men/pants/,,,,
,,,,,,,,,Swimwear,https://iprice.sg/clothing/men/swimwear/,,,,
,,,,,,,,,Shorts,https://iprice.sg/clothing/men/shorts/,,,,
,,,,,,,,,Sportswear,https://iprice.sg/clothing/men/sportswear/,,,,
,,,,,,,,,T-Shirts,https://iprice.sg/clothing/men/t-shirts/,,,,
,,,,,,,,,Formal Wear,https://iprice.sg/clothing/men/formal-wear/,,,,
,,,,,,,,,Polo Shirts,https://iprice.sg/clothing/men/polo-shirts/,,,,
,,,,,,,,,Sunglasses,https://iprice.sg/clothing/men/sunglasses/,,,,
,,,,,,Mens' shoes,https://a.ipricegroup.com/media/homepage/Icon_v2/Mans_Shoes.png,https://iprice.sg/shoes/men/,items1,,,,,
,,,,,,,,,name,url,,,,
,,,,,,,,,Boots,https://iprice.sg/shoes/men/boots/,,,,
,,,,,,,,,Sneakers,https://iprice.sg/shoes/men/sneakers/,,,,
,,,,,,,,,Loafers,https://iprice.sg/shoes/men/loafers/,,,,
,,,,,,,,,Flip Flops,https://iprice.sg/shoes/men/flip-flops/,,,,
,,,,,,,,,Sports,https://iprice.sg/shoes/men/sports/,,,,
,,,,,,,,,Boat,https://iprice.sg/shoes/men/boat/,,,,
,,,,,,,,,Sandals,https://iprice.sg/shoes/men/sandals/,,,,
,,,,,,,,,Brogues,https://iprice.sg/shoes/men/brogues/,,,,
,,,,,,Bags,https://a.ipricegroup.com/media/homepage/Icon_v2/Bags.png,https://iprice.sg/bags/,items1,,,,,
,,,,,,,,,name,url,,,,
,,,,,,,,,Backpacks,https://iprice.sg/bags/backpacks/,,,,
,,,,,,,,,Wallets,https://iprice.sg/bags/wallets/,,,,
,,,,,,,,,Tote Bags,https://iprice.sg/bags/handbags/tote/,,,,
,,,,,,,,,Clutch Bag,https://iprice.sg/bags/handbags/clutches/,,,,
,,,,,,,,,Sling Bags,https://iprice.sg/bags/sling/,,,,
,,,,,,,,,Handbags,https://iprice.sg/bags/women/handbags/,,,,
,,,,,,,,,Duffel Bags,https://iprice.sg/bags/duffel/,,,,
,,,,,,,,,Briefcases,https://iprice.sg/bags/briefcases/,,,,
,,,,,,,,,Luggage,https://iprice.sg/bags/travel/luggage/,,,,
,,,,,,,,,Waist Bags,https://iprice.sg/bags/waist/,,,,
,,,,,,Jewellery,https://a.ipricegroup.com/media/homepage/Icon_v2/Jewellery.png,https://iprice.sg/jewellery/,items1,,,,,
,,,,,,,,,name,url,,,,
,,,,,,,,,Rings,https://iprice.sg/jewellery/rings/,,,,
,,,,,,,,,Bracelets,https://iprice.sg/jewellery/bracelets/,,,,
,,,,,,,,,Charms,https://iprice.sg/jewellery/charms/,,,,
,,,,,,,,,Necklaces,https://iprice.sg/jewellery/necklaces/,,,,
,,,,,,,,,Earrings,https://iprice.sg/jewellery/earrings/,,,,
,,,,,,,,,Cufflinks,https://iprice.sg/jewellery/cufflinks/,,,,
,,,,,,,,,Beads,https://iprice.sg/jewellery/beads/,,,,
,,,,,,,,,Brooches,https://iprice.sg/jewellery/brooches/,,,,
,,,,,,,,,Jewellery Sets,https://iprice.sg/jewellery/sets/,,,,
,,,,,,,,,Jewellery Accessories,https://iprice.sg/jewellery/accessories/,,,,
,,,,,,Watches,https://a.ipricegroup.com/media/homepage/Icon_v2/Watches_v2.png,https://iprice.sg/watches/,items1,,,,,
,,,,,,,,,name,url,,,,
,,,,,,,,,Sport Watches,https://iprice.sg/watches/sports/,,,,
,,,,,,,,,Digital Watches,https://iprice.sg/watches/digital/,,,,
,,,,,,,,,Chronograph Watches,https://iprice.sg/watches/chronograph/,,,,
,,,,,,,,,Analogue Watches,https://iprice.sg/watches/analogue/,,,,
,,,,,,,,,Luxury,https://iprice.sg/watches/luxury/,,,,
PLP-HB-BrandCategory-Carousel,section13,fashion-panel,Shop Health & Beauty,,,items,,,,,,,,
,,,,,,brand-name,name,image-url,url,,,,,
,,,,,,CHANEL,Perfume,https://p.ipricegroup.com/uploaded_c454604bf28578eb63882f170a105447.jpg,https://iprice.sg/chanel/perfume/,,,,,
,,,,,,CHANEL,Makeup,https://p.ipricegroup.com/ec9800d96e08bd5543b894a5c4de240b0c898af0_0.jpg,https://iprice.sg/chanel/makeup/,,,,,
,,,,,,CHANEL,Lipsticks,https://p.ipricegroup.com/ec9800d96e08bd5543b894a5c4de240b0c898af0_0.jpg,https://iprice.sg/chanel/makeup/lips/lipsticks/,,,,,
,,,,,,Dior,Perfume,https://p.ipricegroup.com/e1533f790cf16ba70d7ef52fac5568ba9586a8af_0.jpg,https://iprice.sg/dior/perfume/,,,,,
,,,,,,Dior,Makeup,https://p.ipricegroup.com/59ae0e94617449fa33cff73ded82508875fa1221_0.jpg,https://iprice.sg/dior/makeup/,,,,,
,,,,,,CHANEL,Skin Care,https://p.ipricegroup.com/e5c13e74e5d21b6d87ed41486c54f102115d559a_0.jpg,https://iprice.sg/chanel/skin-care/,,,,,
,,,,,,Jo Malone,Perfume,https://p.ipricegroup.com/84262b6eb4583e5fe8c5b882f14e1aa176788ac7_0.jpg,https://iprice.sg/jo-malone/perfume/,,,,,
,,,,,,TOM FORD,Perfume,https://p.ipricegroup.com/e39c7794cd83238e638ac37b5894080b29cf33b1_0.jpg,https://iprice.sg/tom-ford/perfume/,,,,,
,,,,,,Victoria's Secret,Perfume,https://p.ipricegroup.com/face568ec43e0c9d6bf0afbcb110a1cdcdd85e32_0.jpg,https://iprice.sg/victorias-secret/perfume/,,,,,
,,,,,,CHANEL,Eau De Parfum,https://p.ipricegroup.com/ca0c63dc60988a511eae5913bfcff27aad16bf97_0.jpg,https://iprice.sg/chanel/perfume/eau-de-parfum/,,,,,
,,,,,,The Face Shop,Skin Care,https://p.ipricegroup.com/uploaded_0729a7856aef26689e3fcf1774692585.jpg,https://iprice.sg/the-face-shop/skin-care/,,,,,
,,,,,,SUQQU,Makeup,https://p.ipricegroup.com/bb8bd347450e0773fd19c7cbc1a1cedc6ddb6b63_0.jpg,https://iprice.sg/suqqu/makeup/,,,,,
,,,,,,CHANEL,Face Makeups,https://p.ipricegroup.com/08acb0d9f055f61b16794fb7b2c26483b7d8959e_0.jpg,https://iprice.sg/chanel/makeup/face/,,,,,
,,,,,,innisfree,Skin Care,https://p.ipricegroup.com/uploaded_098b6d25abf327716499cb3296f25e07.jpg,https://iprice.sg/innisfree/skin-care/,,,,,
,,,,,,The Face Shop,Makeup,https://p.ipricegroup.com/uploaded_81b5fbbb67dfa486469daab650991dfb.jpg,https://iprice.sg/the-face-shop/makeup/,,,,,
,,,,,,Calvin Klein,Perfume,https://p.ipricegroup.com/6fb461ffc4144d9d31ddc3794e0fbf972744f03d_0.jpg,https://iprice.sg/calvin-klein/perfume/,,,,,
,,,,,,Bath & Body Works,Bath & Body,https://p.ipricegroup.com/uploaded_743b16e4310eb0e1564606aa340fc802.jpg,https://iprice.sg/bath-body-works/bath-body/,,,,,
,,,,,,Revlon,Hair Styling,https://p.ipricegroup.com/eedf9080a045165900f89624b81123eac6aabb0d_0.jpg,https://iprice.sg/revlon/hair-care/styling/,,,,,
,,,,,,Yves Saint Laurent,Lipsticks,https://p.ipricegroup.com/7fc3547fd7f331fe7e09d36015aec85e9e8787c6_0.jpg,https://iprice.sg/yves-saint-laurent/makeup/lips/lipsticks/,,,,,
,,,,,,ADDICTION,Makeup,https://p.ipricegroup.com/f928f02ee5520b69ede5163e23b5d15d764dfc19_0.jpg,https://iprice.sg/addiction/makeup/,,,,,
PLP-HB-Brand-Carousel,section13_brand,link,,,,items,,,,,,,,
,,,,,,name,image-url,url,,,,,,
,,,,,,Bath & Body Works,https://a.ipricegroup.com/brand/bath-body-works.jpg,https://iprice.sg/bath-body-works/,,,,,,
,,,,,,Jo Malone,https://a.ipricegroup.com/brand/jo-malone.jpg,https://iprice.sg/jo-malone/,,,,,,
,,,,,,The Face Shop,https://a.ipricegroup.com/brand/the-face-shop.jpg,https://iprice.sg/the-face-shop/,,,,,,
,,,,,,MUJI,https://a.ipricegroup.com/brand/muji.jpg,https://iprice.sg/muji/,,,,,,
,,,,,,Dior,https://a.ipricegroup.com/media/Zach__2_/dior.png,https://iprice.sg/dior/,,,,,,
,,,,,,FANCL,https://a.ipricegroup.com/brand/fancl.jpg,https://iprice.sg/fancl/,,,,,,
,,,,,,Challenger,https://a.ipricegroup.com/brand/challenger.jpg,https://iprice.sg/challenger/,,,,,,
,,,,,,Nature Republic,https://a.ipricegroup.com/brand/nature-republic.jpg,https://iprice.sg/nature-republic/,,,,,,
,,,,,,Victoria's Secret,https://a.ipricegroup.com/brand/victorias-secret.jpg,https://iprice.sg/victorias-secret/,,,,,,
,,,,,,Watsons,https://a.ipricegroup.com/brand/watsons.jpg,https://iprice.sg/watsons/,,,,,,
,,,,,,DoTERRA,https://a.ipricegroup.com/brand/doterra.jpg,https://iprice.sg/doterra/,,,,,,
,,,,,,Young Living,https://a.ipricegroup.com/brand/young-living.jpg,https://iprice.sg/young-living/,,,,,,
,,,,,,Yves Rocher,https://a.ipricegroup.com/brand/yves-rocher.jpg,https://iprice.sg/yves-rocher/,,,,,,
,,,,,,OMRON,https://a.ipricegroup.com/brand/omron.jpg,https://iprice.sg/omron/,,,,,,
,,,,,,L'OCCITANE,https://a.ipricegroup.com/brand/loccitane.jpg,https://iprice.sg/loccitane/,,,,,,
,,,,,,Atomy,https://a.ipricegroup.com/brand/atomy.jpg,https://iprice.sg/atomy/,,,,,,
,,,,,,Klavuu,https://a.ipricegroup.com/brand/klavuu.jpg,https://iprice.sg/klavuu/,,,,,,
,,,,,,The Ordinary,https://a.ipricegroup.com/brand/the-ordinary.jpg,https://iprice.sg/the-ordinary/,,,,,,
,,,,,,Innisfree,https://a.ipricegroup.com/brand/innisfree.jpg,https://iprice.sg/innisfree/,,,,,,
,,,,,,Scholl,https://a.ipricegroup.com/brand/scholl.jpg,https://iprice.sg/scholl/,,,,,,
,,,,,,,https://a.ipricegroup.com/media/homepage/EN_allbrands.jpg,https://iprice.sg/brands/,,,,,,
PLP-HB-Category-Carousel,section14,product-carousel,,,,,,,,,,,,
,,,,,,items,,,,,,,,
,,,,,,name,image-url,url,,,,,,
,,,,,,Skin Care,https://a.ipricegroup.com/media/homepage/Icon_v2/Skin_Care.png,https://iprice.sg/skin-care/,items1,,,,,
,,,,,,,,,name,url,,,,
,,,,,,,,,Face,https://iprice.sg/skin-care/face/,,,,
,,,,,,,,,Hand,https://iprice.sg/skin-care/hand/,,,,
,,,,,,,,,Skin Care Eyes,https://iprice.sg/skin-care/eyes/,,,,
,,,,,,,,,Foot,https://iprice.sg/skin-care/foot/,,,,
,,,,,,Eyecare,https://a.ipricegroup.com/media/homepage/Icon_v2/Eye_Care.png,https://iprice.sg/eyecare/,items1,,,,,
,,,,,,,,,name,url,,,,
,,,,,,,,,Glasses,https://iprice.sg/eyecare/glasses/,,,,
,,,,,,,,,Contact Lenses,https://iprice.sg/eyecare/contact-lenses/,,,,
,,,,,,,,,Eye Drops,https://iprice.sg/eyecare/eye-drops/,,,,
,,,,,,Dental Care,https://a.ipricegroup.com/media/homepage/Icon_v2/Dental_Care.png,https://iprice.sg/dental-care/,items1,,,,,
,,,,,,,,,name,url,,,,
,,,,,,,,,Toothbrushes,https://iprice.sg/dental-care/toothbrushes/,,,,
,,,,,,,,,Toothpastes,https://iprice.sg/dental-care/toothpastes/,,,,
,,,,,,,,,Flosses,https://iprice.sg/dental-care/flosses/,,,,
,,,,,,,,,Mouthwash,https://iprice.sg/dental-care/mouthwash/,,,,
,,,,,,,,,Accessories,https://iprice.sg/dental-care/accessories/,,,,
,,,,,,Makeup,https://a.ipricegroup.com/media/homepage/Icon_v2/Make_Up.png,https://iprice.sg/makeup/,items1,,,,,
,,,,,,,,,name,url,,,,
,,,,,,,,,Lips,https://iprice.sg/makeup/lips/,,,,
,,,,,,,,,Face Makeups,https://iprice.sg/makeup/face/,,,,
,,,,,,,,,Makeup Accessories,https://iprice.sg/makeup/accessories/,,,,
,,,,,,,,,Eyes Makeups,https://iprice.sg/makeup/eyes/,,,,
,,,,,,,,,Wigs,https://iprice.sg/makeup/wigs/,,,,
,,,,,,,,,,https://iprice.sg/makeup/set/,,,,
,,,,,,,,,Setting Sprays,https://iprice.sg/makeup/setting-sprays/,,,,
,,,,,,,,,Makeup Removers,https://iprice.sg/makeup/removers/,,,,
,,,,,,,,,Makeup Sets,https://iprice.sg/makeup/sets/,,,,
,,,,,,Perfume,https://a.ipricegroup.com/media/homepage/Icon_v2/Perfume.png,https://iprice.sg/perfume/,items1,,,,,
,,,,,,,,,name,url,,,,
,,,,,,,,,Eau De Toilette,https://iprice.sg/perfume/eau-de-toilette/,,,,
,,,,,,,,,Eau De Parfum,https://iprice.sg/perfume/eau-de-parfum/,,,,
,,,,,,,,,Eau De Cologne,https://iprice.sg/perfume/eau-de-cologne/,,,,
,,,,,,Hair Care,https://a.ipricegroup.com/media/homepage/Icon_v2/Hair_Care.png,https://iprice.sg/hair-care/,items1,,,,,
,,,,,,,,,name,url,,,,
,,,,,,,,,Hair Styling,https://iprice.sg/hair-care/styling/,,,,
,,,,,,,,,Hair Treatments,https://iprice.sg/hair-care/treatments/,,,,
,,,,,,,,,Hair Colours,https://iprice.sg/hair-care/colouring/,,,,
,,,,,,,,,Shampoos,https://iprice.sg/hair-care/shampoos/,,,,
,,,,,,,,,Hair Conditioners,https://iprice.sg/hair-care/conditioners/,,,,
,,,,,,Bath & Body,https://a.ipricegroup.com/media/homepage/Icon_v2/Bath_and_Body_.png,https://iprice.sg/bath-body/,items1,,,,,
,,,,,,,,,name,url,,,,
,,,,,,,,,Bath & Body Oils,https://iprice.sg/bath-body/oils/,,,,
,,,,,,,,,Body Lotions,https://iprice.sg/bath-body/lotions/,,,,
,,,,,,,,,Shower,https://iprice.sg/bath-body/shower/,,,,
,,,,,,,,,Body Mists,https://iprice.sg/bath-body/mists/,,,,
,,,,,,,,,Hair Removal,https://iprice.sg/bath-body/hair-removal/,,,,
,,,,,,,,,Massagers,https://iprice.sg/bath-body/massagers/,,,,
,,,,,,,,,Deodorants,https://iprice.sg/bath-body/deodorants/,,,,
,,,,,,,,,Bath & Body Accessories,https://iprice.sg/bath-body/accessories/,,,,
,,,,,,,,,Slimming,https://iprice.sg/bath-body/slimming/,,,,
,,,,,,,,,Slimming,https://iprice.sg/bath-body/slimming/,,,,
,,,,,,,,,Feminine Hygiene,https://iprice.sg/bath-body/feminine-hygiene/,,,,
,,,,,,,,,Massage Chairs,https://iprice.sg/bath-body/massage-chairs/,,,,
,,,,,,Supplements,https://a.ipricegroup.com/media/homepage/Icon_v2/Supplement.png,https://iprice.sg/supplements/,items1,,,,,
,,,,,,,,,name,url,,,,
,,,,,,,,,Vitamins,https://iprice.sg/supplements/vitamins/,,,,
,,,,,,,,,Dietary Supplements,https://iprice.sg/supplements/dietary/,,,,
,,,,,,,,,Chia Seeds,https://iprice.sg/supplements/chia-seeds/,,,,
,,,,,,,,,Collagen,https://iprice.sg/supplements/collagen/,,,,
,,,,,,,,,Minerals Supplements,https://iprice.sg/supplements/minerals/,,,,
,,,,,,,,,Antioxidant Supplements,https://iprice.sg/supplements/antioxidants/,,,,
,,,,,,,,,Weight Loss Supplements,https://iprice.sg/supplements/weight-loss/,,,,
,,,,,,Shaving Supplies,https://a.ipricegroup.com/media/homepage/Icon_v2/Shaving_Supplies.png,https://iprice.sg/shaving-supplies/,items1,,,,,
,,,,,,,,,name,url,,,,
,,,,,,,,,Trimmers & Clippers,https://iprice.sg/shaving-supplies/trimmers-clippers/,,,,
,,,,,,,,,After Shave,https://iprice.sg/shaving-supplies/after-shave/,,,,
,,,,,,,,,Shaving Creams,https://iprice.sg/shaving-supplies/creams/,,,,
,,,,,,,,,Razor Blades,https://iprice.sg/shaving-supplies/razor-blades/,,,,
,,,,,,,,,Razors,https://iprice.sg/shaving-supplies/razors/,,,,
,,,,,,,,,Shaving Gels,https://iprice.sg/shaving-supplies/gels/,,,,
,,,,,,Medical Supplies,https://a.ipricegroup.com/media/homepage/Icon_v2/Medical_Supplies.png,https://iprice.sg/medical-supplies/,items1,,,,,
,,,,,,,,,name,url,,,,
,,,,,,,,,Weighing Scales,https://iprice.sg/medical-supplies/scale/,,,,
,,,,,,,,,Blood Pressure,https://iprice.sg/medical-supplies/blood-pressure/,,,,
,,,,,,,,,Lumbar Support,https://iprice.sg/medical-supplies/lumbar-support/,,,,
,,,,,,,,,First Aid,https://iprice.sg/medical-supplies/first-aid/,,,,
,,,,,,,,,Injury Support,https://iprice.sg/medical-supplies/injury-support/,,,,
,,,,,,,,,Personal Pleasure,https://iprice.sg/medical-supplies/personal-pleasure/,,,,
,,,,,,,,,Thermometers,https://iprice.sg/medical-supplies/thermometers/,,,,
,,,,,,,,,Blood Glucose,https://iprice.sg/medical-supplies/blood-glucose/,,,,
,,,,,,,,,Wheel Chairs,https://iprice.sg/medical-supplies/wheel-chairs/,,,,
,,,,,,,,,Body Fat Analyzers,https://iprice.sg/medical-supplies/body-fat-analyzers/,,,,
,,,,,,,,,Nebulizers & Aspirators,https://iprice.sg/medical-supplies/nebulizers-aspirators/,,,,
,,,,,,,,,Commode Chairs,https://iprice.sg/medical-supplies/commode-chairs/,,,,
,,,,,,,,,Fertility Tests,https://iprice.sg/medical-supplies/fertility-tests/,,,,
,,,,,,,,,Ripple Mattresses,https://iprice.sg/medical-supplies/ripple-mattresses/,,,,
,,,,,,,,,Medical Beds,https://iprice.sg/medical-supplies/medical-beds/,,,,
PDP-HB-Carousel,section2,product-carousel,,,,items,,,,,,,,
,,,,,,name,price,store-count,image-url,url,,,,
,,,,,,Nature Republic Aloe Vera 92% Soothing Gel,S$ 4.24,10,https://p.ipricegroup.com/uploaded_45bf9c00a5b2d28b0b946a90681ba6e0.jpg,https://iprice.sg/compare/nature-republic-aloe-vera-92-soothing-gel/,,,,
,,,,,,Philips Lumea Prestige IPL,S$ 579.00,4,https://p.ipricegroup.com/uploaded_c60a84b42b6e857a7e0d5a7b5e13c3d4.jpg,https://iprice.sg/compare/philips-lumea-prestige-ipl/,,,,
,,,,,,Estée Lauder Advanced Night Repair Synchronized Recovery Complex II,S$ 31.20,10,https://p.ipricegroup.com/uploaded_ab1b29b6fbbbd1598af8e53ffb16ab25.jpg,https://iprice.sg/compare/estee-lauder-advanced-night-repair-synchronized-recovery-complex-ii/,,,,
,,,,,,Foreo Luna Mini 2,S$ 187.83,5,https://p.ipricegroup.com/uploaded_d04c225e7883604364f6e446e33928f9.jpg,https://iprice.sg/compare/foreo-luna-mini-2/,,,,
,,,,,,Bath & Body Works Shower Gel,S$ 16.90,2,https://p.ipricegroup.com/uploaded_c7fca03424f729d28500d757d913f54b.jpg,https://iprice.sg/compare/bath-body-works-shower-gel/,,,,
,,,,,,LANEIGE Water Sleeping Mask,S$ 3.50,7,https://p.ipricegroup.com/uploaded_ce9a80bbc9c4fbca299292e483ca7ca8.jpg,https://iprice.sg/compare/laneige-water-sleeping-mask/,,,,
,,,,,,Philips InfraCare HP3631/01,S$ 177.80,1,https://p.ipricegroup.com/uploaded_23ce84240d9f78bde8cca152701b88cf.jpg,https://iprice.sg/compare/philips-infracare-hp363101/,,,,
,,,,,,SK-II Facial Treatment Essence,S$ 14.35,7,https://p.ipricegroup.com/uploaded_121ffe768b93ad0443c67c92bc96a80c.jpg,https://iprice.sg/compare/sk-ii-facial-treatment-essence/,,,,
,,,,,,Bath & Body Works Fine Fragrance Mist,S$ 12.90,4,https://p.ipricegroup.com/uploaded_743b16e4310eb0e1564606aa340fc802.jpg,https://iprice.sg/compare/bath-body-works-fine-fragrance-mist/,,,,
,,,,,,Innisfree No Sebum Mineral Powder,S$ 5.01,11,https://p.ipricegroup.com/uploaded_84f05b86b7c1fd350e95d141f1673b20.jpg,https://iprice.sg/compare/innisfree-no-sebum-mineral-powder/,,,,
,,,,,,Laneige Water Base CC Cream,S$ 25.09,3,https://p.ipricegroup.com/uploaded_7da8041b8f6a72e77579d2eefcc264b4.jpg,https://iprice.sg/compare/laneige-water-base-cc-cream/,,,,
,,,,,,The Face Shop Oil Control Water Cushion,S$ 12.90,7,https://p.ipricegroup.com/uploaded_81b5fbbb67dfa486469daab650991dfb.jpg,https://iprice.sg/compare/the-face-shop-oil-control-water-cushion/,,,,
,,,,,,Bath & Body Works Ultra Shea Body Cream,S$ 13.90,2,https://p.ipricegroup.com/uploaded_3a5b900564294f382cf75e9d22a737dc.jpg,https://iprice.sg/compare/bath-body-works-ultra-shea-body-cream/,,,,
,,,,,,Kiehl's Clearly Corrective Dark Spot Solution,S$ 69.90,3,https://p.ipricegroup.com/uploaded_6f8ab09c230a5d2da93f53d3ce1342ee.jpg,https://iprice.sg/compare/kiehls-clearly-corrective-dark-spot-solution/,,,,
,,,,,,LANEIGE BB Cushion Pore Control,S$ 33.90,6,https://p.ipricegroup.com/uploaded_e1e25484bddd30e5f13f5dff56bd179a.jpg,https://iprice.sg/compare/laneige-bb-cushion-pore-control/,,,,
,,,,,,Nature Republic Aloe Vera,S$ 7.90,4,https://p.ipricegroup.com/uploaded_40d8a6467a980258930b3a2d8140a4ef.jpg,https://iprice.sg/compare/nature-republic-aloe-vera/,,,,
,,,,,,The Face Shop Jeju Aloe 99%,S$ 9.90,1,https://p.ipricegroup.com/uploaded_8e486fbd8c4683e9894c5148cc6fe00d.jpg,https://iprice.sg/compare/the-face-shop-jeju-aloe-99/,,,,
,,,,,,3CE Lip Lacquer,S$ 12.50,8,https://p.ipricegroup.com/uploaded_2165da01042c35cabb990ee78296d431.jpg,https://iprice.sg/compare/3ce-lip-lacquer/,,,,
,,,,,,Clinique Long Last Lipstick,S$ 7.90,4,https://p.ipricegroup.com/uploaded_6a16fbe41bd331c878558c154077b887.jpg,https://iprice.sg/compare/clinique-long-last-lipstick/,,,,
,,,,,,Colourpop Ultra Matte Lip,S$ 8.50,4,https://p.ipricegroup.com/uploaded_2545f649188cee61d3de47979b810053.jpg,https://iprice.sg/compare/colourpop-ultra-matte-lip/,,,,
PDP-HB-SeeMore,section2,product-carousel,,,,items,,,,,,,,
,,,,,,name,image-url,url,,,,,,
,,,,,,Philips Series 5000 BT5200/15,https://p.ipricegroup.com/uploaded_b07a8364cc4d886ef001ca7633ac949a.jpg,https://iprice.sg/compare/philips-series-5000-bt520015/,,,,,,
,,,,,,LANEIGE Lip Sleeping Mask,https://p.ipricegroup.com/uploaded_2a3a59673f7d7c38d41fe42881b3ba23.jpg,https://iprice.sg/compare/laneige-lip-sleeping-mask/,,,,,,
,,,,,,Philips InfraCare HP3643/01,https://p.ipricegroup.com/uploaded_5817a4af91ef7b2c03eb9e350a31d875.jpg,https://iprice.sg/compare/philips-infracare-hp364301/,,,,,,
,,,,,,The Face Shop Damyang Bamboo Fresh Soothing Gel,https://p.ipricegroup.com/uploaded_0729a7856aef26689e3fcf1774692585.jpg,https://iprice.sg/compare/the-face-shop-damyang-bamboo-fresh-soothing-gel/,,,,,,
,,,,,,Clinique Moisture Surge Extended Thirst Relief,https://p.ipricegroup.com/uploaded_4d4e63eb14b7dd526c4aaa1818d4faa9.jpg,https://iprice.sg/compare/clinique-moisture-surge-extended-thirst-relief/,,,,,,
,,,,,,Maybelline Superstay 24hr Foundation,https://p.ipricegroup.com/uploaded_740b642b08c3158be9542f8ac9ca624d.jpg,https://iprice.sg/compare/maybelline-superstay-24hr-foundation/,,,,,,
,,,,,,Estée Lauder Advanced Night Repair Eye,https://p.ipricegroup.com/uploaded_1955813d84bf89351c05929d9911b425.jpg,https://iprice.sg/compare/estee-lauder-advanced-night-repair-eye/,,,,,,
,,,,,,Hitachi CM-N4000,https://p.ipricegroup.com/uploaded_32ef6c06182daf02de54c4729243e26b.jpg,https://iprice.sg/compare/hitachi-cm-n4000/,,,,,,
,,,,,,Innisfree Vivid Cotton Ink,https://p.ipricegroup.com/uploaded_14923fdaf62deb6f5aa76b6826576e25.jpg,https://iprice.sg/compare/innisfree-vivid-cotton-ink/,,,,,,
,,,,,,Kiehl's Rare Earth Deep Pore Cleansing Masque,https://p.ipricegroup.com/uploaded_11870ad996d6588478353ac64e016e44.jpg,https://iprice.sg/compare/kiehls-rare-earth-deep-pore-cleansing-masque/,,,,,,
PDP-PLP-SeeMore,section10,link,More Products,1234,1234,items,,,,,,,,
,,,,,,name,image-url,url,,,,,,
,,,,,,Adidas,https://p.ipricegroup.com/1c3657ce4880ea6748a79d294b7b3aad66292374_0.jpg,https://iprice.sg/adidas/,,,,,,
,,,,,,MUJI,https://p.ipricegroup.com/806fd94dea79c156f29d2dfcb7c83b66e9410429_0.jpg,https://iprice.sg/muji/,,,,,,
,,,,,,Decathlon,https://p.ipricegroup.com/ccc5c0eed7cd3f1b397feeacbe0a0207018a110c_0.jpg,https://iprice.sg/decathlon/,,,,,,
,,,,,,Scoot,https://a.ipricegroup.com/store/scoot.jpg,https://iprice.sg/coupons/scoot/,,,,,,
,,,,,,Foodpanda Promo,https://a.ipricegroup.com/store/foodpanda-sg.jpg,https://iprice.sg/coupons/foodpanda/,,,,,,
,,,,,,Huawei nova 3i,https://p.ipricegroup.com/uploaded_3feef59ac8bf830e66e025a9d3d889ca.jpg,https://iprice.sg/compare/huawei-nova-3i/,,,,,,
,,,,,,Fuji Xerox Printers,https://p.ipricegroup.com/uploaded_cdcd52ded8594b2164da85846fd44d6e.jpg,https://iprice.sg/fuji-xerox/computing/printers/,,,,,,
,,,,,,Mango,https://p.ipricegroup.com/f86f503c48d591102dc80e8d905bcf7e5a247735_0.jpg,https://iprice.sg/mango/,,,,,,
,,,,,,Huawei Mate 20 Pro,https://p.ipricegroup.com/uploaded_ca23625cad8dc6854d7774f5f7e2f8b4.jpg,https://iprice.sg/compare/huawei-mate-20-pro/,,,,,,
,,,,,,Nike,https://p.ipricegroup.com/d855a88cfce06f63af68f3c6fc35746123aa92d7_0.jpg,https://iprice.sg/nike/,,,,,,
,,,,,,Google Pixel 3,https://p.ipricegroup.com/uploaded_af620173baa1a05620024c768c8fb843.jpg,https://iprice.sg/compare/google-pixel-3/,,,,,,
,,,,,,Yves Saint Laurent Bags,https://p.ipricegroup.com/9086ad110e23e0a43c81cad657b963f037293b65_0.jpg,https://iprice.sg/yves-saint-laurent/bags/,,,,,,
,,,,,,Longchamp,https://p.ipricegroup.com/e214332da306cce6343ad765b80ebd2e67d0717c_0.jpg,https://iprice.sg/longchamp/,,,,,,
,,,,,,Mitsubishi Air Conditioner Singapore,https://p.ipricegroup.com/9de14b07247beb45319eba5acc6d2a3bfa0ae177_0.jpg,https://iprice.sg/mitsubishi/appliances/air-conditioners/,,,,,,
,,,,,,PANDORA,https://p.ipricegroup.com/19a30e930b3bb9249eb91ca9445f962a659f8bb8_0.jpg,https://iprice.sg/pandora/,,,,,,
,,,,,,Gucci,https://p.ipricegroup.com/uploaded_791648222458262a25030b238ea98dc8.jpg,https://iprice.sg/gucci/,,,,,,
,,,,,,Apple iPhone X,https://p.ipricegroup.com/uploaded_149fd591353013eb0adad5ae2ac51dcf.jpg,https://iprice.sg/compare/apple-iphone-x/,,,,,,
End,,,,,,,,,,,,,,