section,name,type,title,go-to-url,go-to-title,,,,,,,,,
Coupons-Store-Carousel,section6,catagory-carousel-no-text,Find the Best Deals Online,,All Stores,items,,,,,,,,
,,,,,,name,image-url,url,,,,,,
,,,Lazada Voucher,https://a.ipricegroup.com/store/lazada-ph.jpg,,Lazada,https://a.ipricegroup.com/media/lazada-ph.png,https://iprice.ph/coupons/lazada/,,,,,,
,,,Zalora Promo Code,https://a.ipricegroup.com/store/zalora-ph.jpg,,Zalora,https://a.ipricegroup.com/store/zalora-ph.jpg,https://iprice.ph/coupons/zalora/,,,,,,
,,,Klook Promo Code,https://a.ipricegroup.com/store/klook-ph.jpg,,Klook,https://a.ipricegroup.com/store/klook-ph.jpg,https://iprice.ph/coupons/klook/,,,,,,
,,,KKday Promo Code,https://a.ipricegroup.com/store/kkday-ph.jpg,,KKday,https://a.ipricegroup.com/store/kkday-ph.jpg,https://iprice.ph/coupons/kkday/,,,,,,
,,,Agoda Promo Code,https://a.ipricegroup.com/store/agoda-ph.jpg,,Agoda,https://a.ipricegroup.com/store/agoda-ph.jpg,https://iprice.ph/coupons/agoda/,,,,,,
,,,IHerb Promo Code,https://a.ipricegroup.com/store/iherb-ph.jpg,,IHerb,https://a.ipricegroup.com/store/iherb-ph.jpg,https://iprice.ph/coupons/iherb/,,,,,,
,,,Emirates Sale,https://a.ipricegroup.com/store/emirates-ph.jpg,,Emirates,https://iprice-production-assets.s3.ap-southeast-1.amazonaws.com/store/emirates-my.jpg,https://iprice.ph/coupons/emirates,,,,,,
,,,Galleon,https://a.ipricegroup.com/store/galleon.jpg,,Galleon,https://a.ipricegroup.com/store/galleon.jpg,https://iprice.ph/coupons/galleon/,,,,,,
,,,,,,ZEN Rooms,https://a.ipricegroup.com/store/zen-rooms.jpg,https://iprice.ph/coupons/zenrooms,,,,,,
,,,Althea Coupon Code,https://a.ipricegroup.com/store/althea-ph.jpg,,Althea,https://a.ipricegroup.com/store/althea-ph.jpg,https://iprice.ph/coupons/althea/,,,,,,
,,,Booking com Promo Code,https://a.ipricegroup.com/store/bookingcom-ph.jpg,,Booking.com,https://a.ipricegroup.com/store/bookingcom-hk.jpg,https://iprice.ph/coupons/bookingcom/,,,,,,
,,,Expedia Promo Code,https://a.ipricegroup.com/store/expedia-ph.jpg,,Expedia,https://a.ipricegroup.com/store/expedia-ph.jpg,https://iprice.ph/coupons/expedia/,,,,,,
,,,Hotels com Coupon,https://a.ipricegroup.com/store/hotelscom-ph.jpg,,Hotels.com,https://a.ipricegroup.com/store/hotelscom-my.jpg,https://iprice.ph/coupons/hotelscom/,,,,,,
,,,Sephora PH Promo Code,https://a.ipricegroup.com/store/sephora-ph.jpg,,Sephora,https://a.ipricegroup.com/store/sephora-ph.jpg,https://iprice.ph/coupons/sephora/,,,,,,
,,,Trazy Promo Code,https://a.ipricegroup.com/store/trazycom-hk.jpg,,Trazy,https://a.ipricegroup.com/store/trazycom-hk.jpg,https://iprice.ph/coupons/trazy/,,,,,,
,,,Beauty MNL Coupon,https://a.ipricegroup.com/store/beauty-mnl-ph.jpg,,Beauty MNL,https://a.ipricegroup.com/store/beauty-mnl-ph.jpg,https://iprice.ph/coupons/beauty-mnl/,,,,,,
PLP-EL-BrandCategory-Carousel,section3,catagory-carousel,Compare the Best Prices in Electronics,,,items,,,,,,,,
,,,,,,brand-name,name,image-url,url,,,,,
,,,,,,vivo,Mobile Phones,https://p.ipricegroup.com/uploaded_2a965b51b4ef6c87089911e058fdea38.jpg,https://iprice.ph/vivo/phones-tablets/smartphones/,,,,,
,,,,,,Oppo,Mobile Phones,https://p.ipricegroup.com/uploaded_e9927353825a4f5e60a50a0369631d1d.jpg,https://iprice.ph/oppo/phones-tablets/smartphones/,,,,,
,,,,,,Huawei,Mobile Phones,https://p.ipricegroup.com/uploaded_c2bf97ad64db14ec5d21000c2cd7d12a.jpg,https://iprice.ph/huawei/phones-tablets/smartphones/,,,,,
,,,,,,Cherry Mobile,Mobile Phones,https://p.ipricegroup.com/uploaded_87aaf461630a02be92e98d2cd282ff8b.jpg,https://iprice.ph/cherry-mobile/phones-tablets/smartphones/,,,,,
,,,,,,Samsung,Mobile Phones,https://p.ipricegroup.com/uploaded_e12a68574737bcbd98b9464402e7938c.jpg,https://iprice.ph/samsung/phones-tablets/smartphones/,,,,,
,,,,,,Condura,Refrigerators,https://p.ipricegroup.com/4801115005b059c71e21c4ce0257b1a9b268c995_0.jpg,https://iprice.ph/condura/appliances/refrigerators/,,,,,
,,,,,,La Germania,Ovens Philippines,https://p.ipricegroup.com/30b859dacb4bebb1e89f991a650377c110fd59d2_0.jpg,https://iprice.ph/la-germania/appliances/ovens/,,,,,
,,,,,,Asus,Mobile Phones,https://p.ipricegroup.com/uploaded_5a67819738c77de644711dcb13657f75.jpg,https://iprice.ph/asus/phones-tablets/smartphones/,,,,,
,,,,,,The Platinum,Karaoke,https://p.ipricegroup.com/3f7552317d2cadff381e85edef48a3f3e5e01e69_0.jpg,https://iprice.ph/the-platinum/hobbies/musical-instruments/karaoke/,,,,,
,,,,,,Devant,LED TVs,https://p.ipricegroup.com/e1869acd923cd5ea35c5bef5e3de2749058e7058_0.jpg,https://iprice.ph/devant/tv-video-dvd/led/,,,,,
,,,,,,Panasonic,Refrigerators,https://p.ipricegroup.com/3e256ca3bbe6658a505b1e443011987c7a750a50_0.jpg,https://iprice.ph/panasonic/appliances/refrigerators/,,,,,
,,,,,,Samsung,Tablets,https://p.ipricegroup.com/uploaded_c18e3be9f01a0cd11398e10f27838f83.jpg,https://iprice.ph/samsung/phones-tablets/tablets/,,,,,
,,,,,,Sharp,Refrigerators,https://p.ipricegroup.com/e7dc2cb1953d4cd850dd5c9ec7c8c9e385e7623a_0.jpg,https://iprice.ph/sharp/appliances/refrigerators/,,,,,
,,,,,,Nokia,Mobile Phones,https://p.ipricegroup.com/uploaded_cc2c735f59b42f6149b7badfba30080d.jpg,https://iprice.ph/nokia/phones-tablets/smartphones/,,,,,
,,,,,,Fujidenzo,Refrigerators,https://p.ipricegroup.com/995a4464b5c7b0fb46241d6940ae07d8db0088d1_0.jpg,https://iprice.ph/fujidenzo/appliances/refrigerators/,,,,,
,,,,,,Fujidenzo,Freezers,https://p.ipricegroup.com/b883d635022fe0a98168843803ee12c2ba60f2ea_0.jpg,https://iprice.ph/fujidenzo/appliances/freezers/,,,,,
,,,,,,MSI,Laptops,https://p.ipricegroup.com/32114703_0.jpg,https://iprice.ph/msi/computing/laptops/,,,,,
,,,,,,Panasonic,Air Conditioners,https://p.ipricegroup.com/c8ad3f6422eb859d03f4a299687f696491554b91_0.jpg,https://iprice.ph/panasonic/appliances/air-conditioners/,,,,,
,,,,,,Vivo,Phones & Tablets,https://p.ipricegroup.com/uploaded_2a965b51b4ef6c87089911e058fdea38.jpg,https://iprice.ph/vivo/phones-tablets/,,,,,
PLP-EL-Brand-Carousel,section3_brand,catagory-carousel-no-text,,,,items,,,,,,,,
,,,,,,name,image-url,url,,,,,,
,,,,,,Vivo,https://a.ipricegroup.com/brand/vivo.jpg,https://iprice.ph/vivo/,,,,,,
,,,,,,Cherry Mobile,https://a.ipricegroup.com/brand/cherry-mobile.jpg,https://iprice.ph/cherry-mobile/,,,,,,
,,,,,,Samsung,https://a.ipricegroup.com/brand/samsung.jpg,https://iprice.ph/samsung/,,,,,,
,,,,,,OPPO,https://a.ipricegroup.com/brand/oppo.jpg,https://iprice.ph/oppo/,,,,,,
,,,,,,La Germania,https://a.ipricegroup.com/brand/la-germania.jpg,https://iprice.ph/la-germania/,,,,,,
,,,,,,Huawei,https://a.ipricegroup.com/media/huawei.png,https://iprice.ph/huawei/,,,,,,
,,,,,,Xiaomi,https://a.ipricegroup.com/brand/xiaomi.jpg,https://iprice.ph/xiaomi/,,,,,,
,,,,,,MyPhone,https://a.ipricegroup.com/brand/myphone.jpg,https://iprice.ph/myphone/,,,,,,
,,,,,,Asus,https://a.ipricegroup.com/media/asus_2.png,https://iprice.ph/asus/,,,,,,
,,,,,,Pensonic,https://a.ipricegroup.com/brand/pensonic.jpg,https://iprice.ph/pensonic/,,,,,,
,,,,,,Firefly Mobile,https://a.ipricegroup.com/brand/firefly-mobile.jpg,https://iprice.ph/firefly-mobile/,,,,,,
,,,,,,Epson,https://a.ipricegroup.com/brand/epson.jpg,https://iprice.ph/epson/,,,,,,
,,,,,,Fujifilm,https://a.ipricegroup.com/brand/fujifilm.jpg,https://iprice.ph/fujifilm/,,,,,,
,,,,,,Sony,https://a.ipricegroup.com/media/sony.png,https://iprice.ph/sony/,,,,,,
,,,,,,Nokia,https://a.ipricegroup.com/brand/nokia.jpg,https://iprice.ph/nokia/,,,,,,
,,,,,,Fitbit,https://a.ipricegroup.com/brand/fitbit.jpg,https://iprice.ph/fitbit/,,,,,,
,,,,,,Pioneer,https://a.ipricegroup.com/media/pioneer.png,https://iprice.ph/pioneer/,,,,,,
,,,,,,coway,https://a.ipricegroup.com/brand/coway.jpg,https://iprice.ph/coway/,,,,,,
,,,,,,Lenovo,https://a.ipricegroup.com/media/lenovos.png,https://iprice.ph/lenovo/,,,,,,
,,,,,,HP,https://a.ipricegroup.com/brand/hp.jpg,https://iprice.ph/hp/,,,,,,
,,,,,,,https://a.ipricegroup.com/media/homepage/EN_allbrands.jpg,https://iprice.ph/brands/,,,,,,
PLP-EL-Category-Carousel,section11,product-carousel,,,,items,,,,,,,,
,,,,,,name,image-url,url,,,,,,
,,,,,,Computer,https://a.ipricegroup.com/media/homepage/Icon_v2/Computers.png,https://iprice.ph/computing,items1,,,,,
,,,,,,,,,name,url,,,,
,,,,,,,,,Laptops,https://iprice.ph/computing/laptops/,,,,
,,,,,,,,,Desktop PCs,https://iprice.ph/computing/desktop-pcs/,,,,
,,,,,,,,,Webcams,https://iprice.ph/computing/webcams/,,,,
,,,,,,,,,Software,https://iprice.ph/computing/software/,,,,
,,,,,,,,,Printers,https://iprice.ph/computing/printers/,,,,
,,,,,,,,,Computer Hardware,https://iprice.ph/computing/hardware/,,,,
,,,,,,,,,Computing Accessories,https://iprice.ph/computing/accessories/,,,,
,,,,,,,,,External Storage,https://iprice.ph/computing/external-storage/,,,,
,,,,,,,,,Network Gear,https://iprice.ph/computing/network-gear/,,,,
,,,,,,Phones & Tablets,https://a.ipricegroup.com/media/homepage/Icon_v2/Tablets_and_Phones.png,https://iprice.ph/phones-tablets/,items1,,,,,
,,,,,,,,,name,url,,,,
,,,,,,,,,Mobile Phones,https://iprice.ph/phones-tablets/smartphones/,,,,
,,,,,,,,,Tablets,https://iprice.ph/phones-tablets/tablets/,,,,
,,,,,,,,,Smartwatches,https://iprice.ph/phones-tablets/smartwatches/,,,,
,,,,,,,,,Bluetooth Headsets,https://iprice.ph/phones-tablets/bluetooth-headsets/,,,,
,,,,,,,,,Basic Phones,https://iprice.ph/phones-tablets/basic-phones/,,,,
,,,,,,,,,Upcoming Mobile Phones,https://iprice.ph/upcoming-products/smartphones/,,,,
,,,,,,Gaming,https://a.ipricegroup.com/media/homepage/Icon_v2/Gaming.png,https://iprice.ph/gaming/,items1,,,,,
,,,,,,,,,name,url,,,,
,,,,,,,,,Playstation,https://iprice.ph/gaming/playstation/,,,,
,,,,,,,,,Xbox,https://iprice.ph/gaming/xbox/,,,,
,,,,,,,,,Games,https://iprice.ph/gaming/games/,,,,
,,,,,,,,,Gaming Controllers,https://iprice.ph/gaming/controllers/,,,,
,,,,,,,,,Nintendo Consoles,https://iprice.ph/gaming/nintendo/,,,,
,,,,,,,,,Gaming Accessories,https://iprice.ph/gaming/accessories/,,,,
,,,,,,,,,Mobile Games,https://iprice.ph/gaming/mobile/,,,,
,,,,,,,,,Other Consoles,https://iprice.ph/gaming/other-consoles/,,,,
,,,,,,Camera & Photo,https://a.ipricegroup.com/media/homepage/Icon_v2/Cameras.png,https://iprice.ph/camera-photo/,items1,,,,,
,,,,,,,,,name,url,,,,
,,,,,,,,,DSLR Cameras,https://iprice.ph/camera-photo/dslrs/,,,,
,,,,,,,,,Camcorders,https://iprice.ph/camera-photo/camcorders/,,,,
,,,,,,,,,Polaroid Cameras,https://iprice.ph/camera-photo/polaroid/,,,,
,,,,,,,,,Drone Cameras,https://iprice.ph/camera-photo/drones/,,,,
,,,,,,,,,CCTV Cameras,https://iprice.ph/camera-photo/cctv/,,,,
,,,,,,,,,Action Cameras,https://iprice.ph/camera-photo/action/,,,,
,,,,,,,,,Mirrorless Cameras,https://iprice.ph/camera-photo/mirrorless/,,,,
,,,,,,,,,Underwater Cameras,https://iprice.ph/camera-photo/underwater/,,,,
,,,,,,,,,Compact Cameras,https://iprice.ph/camera-photo/compact/,,,,
,,,,,,"TV, Video & DVD",https://a.ipricegroup.com/media/homepage/Icon_v2/Tv__DVD.png,https://iprice.ph/tv-video-dvd/,items1,,,,,
,,,,,,,,,name,url,,,,
,,,,,,,,,Media Players,https://iprice.ph/tv-video-dvd/media-players/,,,,
,,,,,,,,,Blu-Ray,https://iprice.ph/tv-video-dvd/blu-ray/,,,,
,,,,,,,,,DVD Players,https://iprice.ph/tv-video-dvd/dvd-players/,,,,
,,,,,,,,,LED TVs,https://iprice.ph/tv-video-dvd/led/,,,,
,,,,,,,,,"TV, Video & DVD Accessories",https://iprice.ph/tv-video-dvd/accessories/,,,,
,,,,,,,,,Streaming Media Players,https://iprice.ph/tv-video-dvd/streaming-media-players/,,,,
,,,,,,Appliances,https://a.ipricegroup.com/media/homepage/Icon_v2/Appliances.png,https://iprice.ph/appliances/,items1,,,,,
,,,,,,,,,name,url,,,,
,,,,,,,,,Fans,https://iprice.ph/appliances/fans/,,,,
,,,,,,,,,Refrigerators,https://iprice.ph/appliances/refrigerators/,,,,
,,,,,,,,,Vacuum Cleaners,https://iprice.ph/appliances/vacuum-cleaners/,,,,
,,,,,,,,,Air Conditioners,https://iprice.ph/appliances/air-conditioners/,,,,
,,,,,,,,,Coffee Machines,https://iprice.ph/appliances/coffee-machines/,,,,
,,,,,,,,,Dishwashers,https://iprice.ph/appliances/dishwashers/,,,,
,,,,,,,,,Cookers,https://iprice.ph/appliances/cookers/,,,,
,,,,,,,,,Ovens Philippines,https://iprice.ph/appliances/ovens/,,,,
,,,,,,,,,Mixers,https://iprice.ph/appliances/mixers/,,,,
PDP-EL-Carousel,section1,product-carousel,,,,items,,,,,,,,
,,,,,,name,price,store-count,image-url,url,,,,
,,,,,,Huawei nova 3i,"₱ 13,940.00",6,https://p.ipricegroup.com/uploaded_c2bf97ad64db14ec5d21000c2cd7d12a.jpg,https://iprice.ph/compare/huawei-nova-3i/,,,,
,,,,,,OPPO F7,"₱ 13,990.00",3,https://p.ipricegroup.com/uploaded_498dd38d23174a22ba540940118c6477.jpg,https://iprice.ph/compare/oppo-f7/,,,,
,,,,,,Oppo F9,"₱ 12,493.00",3,https://p.ipricegroup.com/uploaded_21341b6cab21d9a89dffd046533a368a.jpg,https://iprice.ph/compare/oppo-f9/,,,,
,,,,,,Samsung Galaxy J6,"₱ 9,990.00",3,https://p.ipricegroup.com/uploaded_d7169d64be407a3a30d7548d7bf90d0c.jpg,https://iprice.ph/compare/samsung-galaxy-j6/,,,,
,,,,,,OPPO A3s,"₱ 5,500.00",2,https://p.ipricegroup.com/uploaded_e9927353825a4f5e60a50a0369631d1d.jpg,https://iprice.ph/compare/oppo-a3s/,,,,
,,,,,,OPPO A83,"₱ 6,990.00",3,https://p.ipricegroup.com/uploaded_31f365fcbf6c96a55a01b69445f0619c.jpg,https://iprice.ph/compare/oppo-a83/,,,,
,,,,,,OPPO A37,"₱ 4,759.00",2,https://p.ipricegroup.com/uploaded_fa7eccb676e7d8115d5cd5d7cfa81521.jpg,https://iprice.ph/compare/oppo-a37/,,,,
,,,,,,Xiaomi Pocophone F1,"₱ 14,890.00",6,https://p.ipricegroup.com/uploaded_4526300e3c36a72c5cba02f42d22b268.jpg,https://iprice.ph/compare/xiaomi-pocophone-f1/,,,,
,,,,,,OPPO F5,"₱ 8,750.00",3,https://p.ipricegroup.com/uploaded_aa1c62a8426509d20f2b3e0c11704f93.jpg,https://iprice.ph/compare/oppo-f5/,,,,
,,,,,,vivo Y53,"₱ 5,990.00",1,https://p.ipricegroup.com/uploaded_e553ef7fc11571eb1065199539b6bddc.jpg,https://iprice.ph/compare/vivo-y53/,,,,
,,,,,,Huawei Nova 2i,"₱ 11,990.00",4,https://p.ipricegroup.com/uploaded_28e85dcc986fdc5a8a3fc2e9e3c99957.jpg,https://iprice.ph/compare/huawei-nova-2i/,,,,
,,,,,,Huawei P20,"₱ 25,796.00",4,https://p.ipricegroup.com/uploaded_be15a1d2f9ff3e960fd0eae8a7f1a4c0.jpg,https://iprice.ph/compare/huawei-p20/,,,,
,,,,,,Samsung Galaxy A6 (2018),"₱ 11,563.00",2,https://p.ipricegroup.com/uploaded_fa266b125d76f7e9b849a0aafcc3bd6f.jpg,https://iprice.ph/compare/samsung-galaxy-a6-2018/,,,,
,,,,,,Vivo V9,"₱ 14,999.00",3,https://p.ipricegroup.com/uploaded_084310ff7b6e8b27be1ab02acbeea6d1.jpg,https://iprice.ph/compare/vivo-v9/,,,,
,,,,,,Samsung Galaxy A9,"₱ 3,199.00",1,https://p.ipricegroup.com/uploaded_fd0586a91c830486042f22832c68bf6a.jpg,https://iprice.ph/compare/samsung-galaxy-a9/,,,,
,,,,,,vivo V7,"₱ 12,399.00",2,https://p.ipricegroup.com/uploaded_6f77f5224fb144d2efc87a68be67619b.jpg,https://iprice.ph/compare/vivo-v7/,,,,
,,,,,,Samsung Galaxy J8,"₱ 11,114.16",4,https://p.ipricegroup.com/uploaded_251919948915c0880fe835a9355eb618.jpg,https://iprice.ph/compare/samsung-galaxy-j8/,,,,
,,,,,,Vivo Y81,"₱ 8,810.00",2,https://p.ipricegroup.com/uploaded_cdd310d65f9dc6902134da0b5d34ad78.jpg,https://iprice.ph/compare/vivo-y81/,,,,
,,,,,,Samsung Galaxy A6 Plus (2018),"₱ 15,990.00",3,https://p.ipricegroup.com/uploaded_c9e7c69742dd63442f9471e97122c0ac.jpg,https://iprice.ph/compare/samsung-galaxy-a6-plus-2018/,,,,
,,,,,,Huawei P20 Pro,"₱ 17,835.00",7,https://p.ipricegroup.com/uploaded_88e4d17a7d7a4c2da082f059c7c67b92.jpg,https://iprice.ph/compare/huawei-p20-pro/,,,,
PDP-EL-SeeMore,section1_link,link,,,,items,,,,,,,,
,,,,,,name,image-url,url,,,,,,
,,,,,,vivo Y71,https://p.ipricegroup.com/uploaded_c276863a5fc3f4543d2fd1f58ac81c84.jpg,https://iprice.ph/compare/vivo-y71/,,,,,,
,,,,,,Apple iPhone 6,https://p.ipricegroup.com/uploaded_8fedeedccef59f3c2fba21f8541299c5.jpg,https://iprice.ph/compare/apple-iphone-6/,,,,,,
,,,,,,Samsung Galaxy J4 (2018),https://p.ipricegroup.com/uploaded_622d17bcf2cc3b66111c80a370883f42.jpg,https://iprice.ph/compare/samsung-galaxy-j4-2018/,,,,,,
,,,,,,Apple iPhone X 256GB Silver,https://p.ipricegroup.com/uploaded_93a51979f59f182128466739f1679513.jpg,https://iprice.ph/compare/apple-iphone-x-256gb-silver/,,,,,,
,,,,,,Huawei P20 Lite,https://p.ipricegroup.com/uploaded_3bd60818ad4a3f0755df83e3db3da14f.jpg,https://iprice.ph/compare/huawei-p20-lite/,,,,,,
,,,,,,Apple iPhone 6s,https://p.ipricegroup.com/uploaded_99a1ce3f2307fb6a0417cfcd6ce33f08.jpg,https://iprice.ph/compare/apple-iphone-6s/,,,,,,
,,,,,,Samsung Galaxy J2 Prime,https://p.ipricegroup.com/uploaded_e858ab25c93e1e4905b121d938eb317b.jpg,https://iprice.ph/compare/samsung-galaxy-j2-prime/,,,,,,
,,,,,,Apple iPhone Xr,https://p.ipricegroup.com/uploaded_e6eef252bf3ad44ae6180ab130fccb6a.jpg,https://iprice.ph/compare/apple-iphone-xr/,,,,,,
,,,,,,Samsung Galaxy A8 (2018),https://p.ipricegroup.com/uploaded_bd370bb5d32f597702c43eca268a9e24.jpg,https://iprice.ph/compare/samsung-galaxy-a8-2018/,,,,,,
,,,,,,Samsung Galaxy J2 Pro (2018),https://p.ipricegroup.com/uploaded_de83db5d79d5f4b248c5e29efae61ffe.jpg,https://iprice.ph/compare/samsung-galaxy-j2-pro-2018/,,,,,,
,,,,,,Huawei Mate 20 Pro,https://p.ipricegroup.com/uploaded_ca23625cad8dc6854d7774f5f7e2f8b4.jpg,https://iprice.ph/compare/huawei-mate-20-pro/,,,,,,
,,,,,,Samsung Galaxy J7 Pro 32GB Black,https://p.ipricegroup.com/uploaded_edf4e2ba0ecf44902f070889fd58573f.jpg,https://iprice.ph/compare/samsung-galaxy-j7-pro-32gb-black/,,,,,,
,,,,,,vivo V11 Pro,https://p.ipricegroup.com/uploaded_2a965b51b4ef6c87089911e058fdea38.jpg,https://iprice.ph/compare/vivo-v11-pro/,,,,,,
,,,,,,Apple iPhone 7 Plus 128GB Black,https://p.ipricegroup.com/uploaded_8f30458df819d90c07a9b639fc155848.jpg,https://iprice.ph/compare/apple-iphone-7-plus-128gb-black/,,,,,,
,,,,,,Samsung Galaxy J7 Pro,https://p.ipricegroup.com/uploaded_da732f38545c3d117c512339fe9d9558.jpg,https://iprice.ph/compare/samsung-galaxy-j7-pro/,,,,,,
,,,,,,Huawei Nova 2 Lite,https://p.ipricegroup.com/uploaded_42af1dcf6449a78d55be811fab14cd5b.jpg,https://iprice.ph/compare/huawei-nova-2-lite/,,,,,,
,,,,,,Samsung Galaxy J6 Plus,https://p.ipricegroup.com/uploaded_e12a68574737bcbd98b9464402e7938c.jpg,https://iprice.ph/compare/samsung-galaxy-j6-plus/,,,,,,
,,,,,,Huawei Y6 (2018),https://p.ipricegroup.com/uploaded_398a603c387fc6a08de7287bf5a435fe.jpg,https://iprice.ph/compare/huawei-y6-2018/,,,,,,
,,,,,,Oppo Realme 2,https://a.ipricegroup.com/img/variant/img-not-found-large.png,https://iprice.ph/compare/oppo-realme-2/,,,,,,
,,,,,,Apple iPhone 6 Plus,https://p.ipricegroup.com/uploaded_5a248f848b0ea67f711551924cc2fc3f.jpg,https://iprice.ph/compare/apple-iphone-6-plus/,,,,,,
PLP-FA-BrandCategory-Men-Carousel,section4,fashion-panel,Shop Men's Fashion,https://iprice.ph/clothing/men/,,image-url,url,label,type,,,,,
,,,,,,https://a.ipricegroup.com/media/homepage/PH_men-min.jpg,,1234,category-carousel,items,,,,
,,,,,,,,,,brand-name,name,url,image-url,main-url
,,,,,,,,,TRUE,FILA,Shoes,https://iprice.ph/fila/shoes/men/,https://p.ipricegroup.com/ccab25bc0d9de2bd42445790cb3dd7683f464145_0.jpg,https://iprice.ph/fila/shoes/
,,,,,,,,,FALSE,Anello,Bag,,,https://iprice.ph/anello/bags/
,,,,,,,,,TRUE,Balenciaga,Shoes,https://iprice.ph/balenciaga/shoes/men/,https://p.ipricegroup.com/71bd4917cdb620bf49063944c661f1edd6d6f1dc_0.jpg,https://iprice.ph/balenciaga/shoes/
,,,,,,,,,TRUE,Balenciaga,Sneakers,https://iprice.ph/balenciaga/shoes/men/sneakers/,https://p.ipricegroup.com/71bd4917cdb620bf49063944c661f1edd6d6f1dc_0.jpg,https://iprice.ph/balenciaga/shoes/sneakers/
,,,,,,,,,FALSE,Parisian,Shoes,,,https://iprice.ph/parisian/shoes/
,,,,,,,,,TRUE,Lacoste,Bag,https://iprice.ph/lacoste/bags/men/,https://p.ipricegroup.com/a68851469ca913704360b1dde1f4a44663aaca8c_0.jpg,https://iprice.ph/lacoste/bags/
,,,,,,,,,FALSE,Charles & Keith,Bag,,,https://iprice.ph/charles-keith/bags/
,,,,,,,,,TRUE,Anta,Shoes,https://iprice.ph/anta/shoes/men/,https://p.ipricegroup.com/6c39ee931868be138c737eb159b47b1275360cf4_0.jpg,https://iprice.ph/anta/shoes/
,,,,,,,,,TRUE,SMAEL,Watches,https://iprice.ph/search/&term=smael+watches&gender=1,,https://iprice.ph/smael/watches/
,,,,,,,,,TRUE,Swatch,Watches,https://iprice.ph/swatch/watches/men/,https://p.ipricegroup.com/47c255723dc43d71cf16828a03217393d578363c_0.jpg,https://iprice.ph/swatch/watches/
,,,,,,,,,TRUE,Coach,Handbags,https://iprice.ph/coach/bags/men/handbags/,https://p.ipricegroup.com/b558f40406c33eb56dd452228abe3497c431becb_0.jpg,https://iprice.ph/coach/bags/handbags/
,,,,,,,,,TRUE,Onitsuka Tiger,Shoes,https://iprice.ph/onitsuka-tiger/shoes/men/,https://p.ipricegroup.com/f75a407317e66374c1e878b4ac39b140d4215910_0.jpg,https://iprice.ph/onitsuka-tiger/shoes/
,,,,,,,,,TRUE,Adidas,Shoes,https://iprice.ph/adidas/shoes/men/,https://p.ipricegroup.com/8b8fa2f9e09aa7212da5a21849aa728f50f4365a_0.jpg,https://iprice.ph/adidas/shoes/
,,,,,,,,,FALSE,Pandora,Jewelry,,,https://iprice.ph/pandora/jewellery/
,,,,,,,,,FALSE,Silverworks,Rings,,,https://iprice.ph/silverworks/jewellery/rings/
,,,,,,,,,TRUE,Oxygen,Clothing,https://iprice.ph/oxygen/clothing/men/,https://p.ipricegroup.com/6c11bc13b9d6adaf5b4b02bac23da102cf012bfd_0.jpg,https://iprice.ph/oxygen/clothing/
,,,,,,,,,TRUE,Rolex,Watches,https://iprice.ph/rolex/watches/men/,https://p.ipricegroup.com/8bbc8599b91541846d6721e4439cadd3fd311abb_0.jpg,https://iprice.ph/rolex/watches/
,,,,,,,,,TRUE,Alba,Watches,https://iprice.ph/alba/watches/men/,https://p.ipricegroup.com/72e7fdf039e22f746b042c565567a71830b72357_0.jpg,https://iprice.ph/alba/watches/
,,,,,,,,,FALSE,Jo Malone,Perfume,,,https://iprice.ph/jo-malone/perfume/
,,,,,,,,,TRUE,Supreme,Bag,https://iprice.ph/supreme/bags/men/,https://p.ipricegroup.com/93c48ecc859682328240c82d1fb1cc56512d4750_0.jpg,https://iprice.ph/supreme/bags/
PLP-FA-BrandCategory-Women-Carousel,section5,fashion-panel,Shop Women's Fashion,https://iprice.ph/clothing/women/,,image-url,url,label,type,,,,,
,,,,,,https://a.ipricegroup.com/media/homepage/PH_women-min.jpg,,1234,category-carousel,items,,,,
,,,,,,,,,,brand-name,name,url,image-url,main-url
,,,,,,,,,TRUE,FILA,Shoes,https://iprice.ph/fila/shoes/women/,https://p.ipricegroup.com/e97599d7dab52e8f1371fff6326436675291fdb9_0.jpg,https://iprice.ph/fila/shoes/
,,,,,,,,,TRUE,Anello,Bag,https://iprice.ph/anello/bags/women/,https://p.ipricegroup.com/ea1a5040a451f95378eb18b7b2b0141be920252b_0.jpg,https://iprice.ph/anello/bags/
,,,,,,,,,TRUE,Balenciaga,Shoes,https://iprice.ph/balenciaga/shoes/women/,https://p.ipricegroup.com/df57a3ed26ee661f1d900b2f48d7fa4bc512b08d_0.jpg,https://iprice.ph/balenciaga/shoes/
,,,,,,,,,TRUE,Balenciaga,Sneakers,https://iprice.ph/balenciaga/shoes/women/sneakers/,https://p.ipricegroup.com/df57a3ed26ee661f1d900b2f48d7fa4bc512b08d_0.jpg,https://iprice.ph/balenciaga/shoes/sneakers/
,,,,,,,,,FALSE,Parisian,Shoes,,,https://iprice.ph/parisian/shoes/
,,,,,,,,,TRUE,Lacoste,Bag,https://iprice.ph/lacoste/bags/women/,https://p.ipricegroup.com/9fc9aa9e8883d612d54467cc73848029e0f06836_0.jpg,https://iprice.ph/lacoste/bags/
,,,,,,,,,FALSE,Charles & Keith,Bag,,,https://iprice.ph/charles-keith/bags/
,,,,,,,,,FALSE,Anta,Shoes,,,https://iprice.ph/anta/shoes/
,,,,,,,,,TRUE,SMAEL,Watches,https://iprice.ph/search/&term=smael+watches&gender=2,,https://iprice.ph/smael/watches/
,,,,,,,,,TRUE,Swatch,Watches,https://iprice.ph/swatch/watches/women/,https://p.ipricegroup.com/1b80b4fac41988736bd61a3a6a8698f400f0b129_0.jpg,https://iprice.ph/swatch/watches/
,,,,,,,,,TRUE,Coach,Handbags,https://iprice.ph/coach/bags/women/handbags/,https://p.ipricegroup.com/7e4d017fedbb67b088db8781c2bbf38475cf020f_0.jpg,https://iprice.ph/coach/bags/handbags/
,,,,,,,,,TRUE,Onitsuka Tiger,Shoes,https://iprice.ph/onitsuka-tiger/shoes/women/,https://p.ipricegroup.com/24b1563d01dd3397fee57e13c01d2bfe5e244c6e_0.jpg,https://iprice.ph/onitsuka-tiger/shoes/
,,,,,,,,,TRUE,Adidas,Shoes,https://iprice.ph/adidas/shoes/women/,https://p.ipricegroup.com/0c94858329932c416676a8996aadb9029d235d9d_0.jpg,https://iprice.ph/adidas/shoes/
,,,,,,,,,TRUE,Pandora,Jewelry,https://iprice.ph/pandora/jewellery/women/,https://p.ipricegroup.com/348b1fc7b349c6ca1711edd621561aeb00e3131e_0.jpg,https://iprice.ph/pandora/jewellery/
,,,,,,,,,TRUE,Silverworks,Rings,https://iprice.ph/silverworks/jewellery/women/rings/,https://p.ipricegroup.com/011d89ca00352fcf4d5bcce25c74b4bc7eaa6be6_0.jpg,https://iprice.ph/silverworks/jewellery/rings/
,,,,,,,,,TRUE,Oxygen,Clothing,https://iprice.ph/oxygen/clothing/women/,https://p.ipricegroup.com/afbc6e221a8024dc4fc2b591af62b2c54c221b66_0.jpg,https://iprice.ph/oxygen/clothing/
,,,,,,,,,TRUE,Rolex,Watches,https://iprice.ph/rolex/watches/women/,https://p.ipricegroup.com/f95014a04760c4892a120f2a20d741171b44c05d_0.jpg,https://iprice.ph/rolex/watches/
,,,,,,,,,FALSE,Alba,Watches,,,https://iprice.ph/alba/watches/
,,,,,,,,,TRUE,Jo Malone,Perfume,https://iprice.ph/jo-malone/perfume/women/,https://p.ipricegroup.com/bdbf8b3225adcc08cf46dead828eed3ae245af2d_0.jpg,https://iprice.ph/jo-malone/perfume/
,,,,,,,,,FALSE,Supreme,Bag,,,https://iprice.ph/supreme/bags/
PLP-FA-Brand-Carousel,section5_brand,link,Popular Fashion Brands,,,items,,,,,,,,
,,,,,,name,image-url,url,,,,,,
,,,,,,FILA,https://a.ipricegroup.com/brand/fila.jpg,https://iprice.ph/fila/,,,,,,
,,,,,,Adidas,https://a.ipricegroup.com/media/adidas.png,https://iprice.ph/adidas/,,,,,,
,,,,,,Uniqlo,https://a.ipricegroup.com/brand/uniqlo.jpg,https://iprice.ph/uniqlo/,,,,,,
,,,,,,WATSON'S,https://a.ipricegroup.com/brand/watsons.jpg,https://iprice.ph/watsons/,,,,,,
,,,,,,Beautederm,https://a.ipricegroup.com/brand/beautederm.jpg,https://iprice.ph/beautederm/,,,,,,
,,,,,,Anello,https://a.ipricegroup.com/brand/anello.jpg,https://iprice.ph/anello/,,,,,,
,,,,,,Nike,https://a.ipricegroup.com/brand/nike.jpg,https://iprice.ph/nike/,,,,,,
,,,,,,H&M,https://a.ipricegroup.com/brand/h-m.jpg,https://iprice.ph/h-m/,,,,,,
,,,,,,Dr. Alvin,https://a.ipricegroup.com/brand/dr-alvin.jpg,https://iprice.ph/dr-alvin/,,,,,,
,,,,,,Primadonna,https://a.ipricegroup.com/brand/primadonna.jpg,https://iprice.ph/primadonna/,,,,,,
,,,,,,Giordano,https://a.ipricegroup.com/brand/giordano.jpg,https://iprice.ph/giordano/,,,,,,
,,,,,,Converse,https://a.ipricegroup.com/brand/converse.jpg,https://iprice.ph/converse/,,,,,,
,,,,,,Crumpler,https://a.ipricegroup.com/brand/crumpler.jpg,https://iprice.ph/crumpler/,,,,,,
,,,,,,Samsonite,https://a.ipricegroup.com/brand/samsonite.jpg,https://iprice.ph/samsonite/,,,,,,
,,,,,,Carlo Rino,https://a.ipricegroup.com/brand/carlo-rino.jpg,https://iprice.ph/carlo-rino/,,,,,,
,,,,,,Vans,https://a.ipricegroup.com/brand/vans.jpg,https://iprice.ph/vans/,,,,,,
,,,,,,Rolex,https://a.ipricegroup.com/brand/rolex.jpg,https://iprice.ph/rolex/,,,,,,
,,,,,,Pandora,https://a.ipricegroup.com/brand/pandora.jpg,https://iprice.ph/pandora/,,,,,,
,,,,,,Dr. Alvin,https://a.ipricegroup.com/brand/dr-alvin.jpg,https://iprice.ph/dr-alvin/,,,,,,
,,,,,,Louis Vuitton,https://a.ipricegroup.com/brand/louis-vuitton.jpg,https://iprice.ph/louis-vuitton/,,,,,,
,,,,,,,https://a.ipricegroup.com/media/homepage/EN_allbrands.jpg,https://iprice.ph/brands/,,,,,,
PLP-FA-Category-Carousel,section12,product-carousel,,,,,,,,,,,,
,,,,,,items,,,,,,,,
,,,,,,name,image-url,url,,,,,,
,,,,,,Womens' Clothing,https://a.ipricegroup.com/media/homepage/Icon_v2/Womens_Clothing.png,https://iprice.ph/clothing/women/,items1,,,,,
,,,,,,,,,name,url,,,,
,,,,,,,,,Dresses,https://iprice.ph/clothing/women/dresses/,,,,
,,,,,,,,,Tops,https://iprice.ph/clothing/women/tops/,,,,
,,,,,,,,,Jeans,https://iprice.ph/clothing/women/jeans/,,,,
,,,,,,,,,Jumpsuits,https://iprice.ph/clothing/women/jumpsuits/,,,,
,,,,,,,,,Shirts,https://iprice.ph/clothing/women/shirts/,,,,
,,,,,,,,,Skirts,https://iprice.ph/clothing/women/skirts/,,,,
,,,,,,,,,Pants,https://iprice.ph/clothing/women/pants/,,,,
,,,,,,,,,Swimwear,https://iprice.ph/clothing/women/swimwear/,,,,
,,,,,,,,,Shorts,https://iprice.ph/clothing/women/shorts/,,,,
,,,,,,,,,Sportswear,https://iprice.ph/clothing/women/sportswear/,,,,
,,,,,,,,,T-Shirts,https://iprice.ph/clothing/women/t-shirts/,,,,
,,,,,,,,,Formal Wear,https://iprice.ph/clothing/women/formal-wear/,,,,
,,,,,,,,,Polo Shirts,https://iprice.ph/clothing/women/polo-shirts/,,,,
,,,,,,,,,Sunglasses,https://iprice.ph/clothing/women/sunglasses/,,,,
,,,,,,Womens' shoes,https://a.ipricegroup.com/media/homepage/Icon_v2/Womens_Shoes.png,https://iprice.ph/shoes/women,items1,,,,,
,,,,,,,,,name,url,,,,
,,,,,,,,,Boots,https://iprice.ph/shoes/women/boots/,,,,
,,,,,,,,,Flats,https://iprice.ph/shoes/women/flats/,,,,
,,,,,,,,,High Heels,https://iprice.ph/shoes/women/high-heels/,,,,
,,,,,,,,,Sneakers,https://iprice.ph/shoes/women/sneakers/,,,,
,,,,,,,,,Sports,https://iprice.ph/shoes/women/sports/,,,,
,,,,,,,,,Boat,https://iprice.ph/shoes/women/boat/,,,,
,,,,,,,,,Sandals,https://iprice.ph/shoes/women/sandals/,,,,
,,,,,,,,,Brogues,https://iprice.ph/shoes/women/brogues/,,,,
,,,,,,,,,Wedges,https://iprice.ph/shoes/women/wedges/,,,,
,,,,,,Mens' clothing,https://a.ipricegroup.com/media/homepage/Icon_v2/Mans_Clothing.png,https://iprice.ph/clothing/men/,items1,,,,,
,,,,,,,,,name,url,,,,
,,,,,,,,,Tops,https://iprice.ph/clothing/men/tops/,,,,
,,,,,,,,,Jeans,https://iprice.ph/clothing/men/jeans/,,,,
,,,,,,,,,Shirts,https://iprice.ph/clothing/men/shirts/,,,,
,,,,,,,,,Pants,https://iprice.ph/clothing/men/pants/,,,,
,,,,,,,,,Swimwear,https://iprice.ph/clothing/men/swimwear/,,,,
,,,,,,,,,Shorts,https://iprice.ph/clothing/men/shorts/,,,,
,,,,,,,,,Sportswear,https://iprice.ph/clothing/men/sportswear/,,,,
,,,,,,,,,T-Shirts,https://iprice.ph/clothing/men/t-shirts/,,,,
,,,,,,,,,Formal Wear,https://iprice.ph/clothing/men/formal-wear/,,,,
,,,,,,,,,Polo Shirts,https://iprice.ph/clothing/men/polo-shirts/,,,,
,,,,,,,,,Sunglasses,https://iprice.ph/clothing/men/sunglasses/,,,,
,,,,,,Mens' shoes,https://a.ipricegroup.com/media/homepage/Icon_v2/Mans_Shoes.png,https://iprice.ph/shoes/men/,items1,,,,,
,,,,,,,,,name,url,,,,
,,,,,,,,,Boots,https://iprice.ph/shoes/men/boots/,,,,
,,,,,,,,,Sneakers,https://iprice.ph/shoes/men/sneakers/,,,,
,,,,,,,,,Loafers,https://iprice.ph/shoes/men/loafers/,,,,
,,,,,,,,,Flip Flops,https://iprice.ph/shoes/men/flip-flops/,,,,
,,,,,,,,,Sports,https://iprice.ph/shoes/men/sports/,,,,
,,,,,,,,,Boat,https://iprice.ph/shoes/men/boat/,,,,
,,,,,,,,,Sandals,https://iprice.ph/shoes/men/sandals/,,,,
,,,,,,,,,Brogues,https://iprice.ph/shoes/men/brogues/,,,,
,,,,,,Bags,https://a.ipricegroup.com/media/homepage/Icon_v2/Bags.png,https://iprice.ph/bags/,items1,,,,,
,,,,,,,,,name,url,,,,
,,,,,,,,,Backpacks,https://iprice.ph/bags/backpacks/,,,,
,,,,,,,,,Wallets,https://iprice.ph/bags/wallets/,,,,
,,,,,,,,,Tote Bags,https://iprice.ph/bags/handbags/tote/,,,,
,,,,,,,,,Clutch Bags,https://iprice.ph/bags/handbags/clutches/,,,,
,,,,,,,,,Sling,https://iprice.ph/bags/sling/,,,,
,,,,,,,,,Handbags,https://iprice.ph/bags/women/handbags/,,,,
,,,,,,,,,Duffel Bags,https://iprice.ph/bags/duffel/,,,,
,,,,,,,,,Briefcases,https://iprice.ph/bags/briefcases/,,,,
,,,,,,,,,Luggage Bags,https://iprice.ph/bags/travel/luggage/,,,,
,,,,,,,,,Waist Bags,https://iprice.ph/bags/waist/,,,,
,,,,,,Jewellery,https://a.ipricegroup.com/media/homepage/Icon_v2/Jewellery.png,https://iprice.ph/jewellery/,items1,,,,,
,,,,,,,,,name,url,,,,
,,,,,,,,,Rings,https://iprice.ph/jewellery/rings/,,,,
,,,,,,,,,Bracelets,https://iprice.ph/jewellery/bracelets/,,,,
,,,,,,,,,Charms,https://iprice.ph/jewellery/charms/,,,,
,,,,,,,,,Necklaces,https://iprice.ph/jewellery/necklaces/,,,,
,,,,,,,,,Earrings,https://iprice.ph/jewellery/earrings/,,,,
,,,,,,,,,Cufflinks,https://iprice.ph/jewellery/cufflinks/,,,,
,,,,,,,,,Beads,https://iprice.ph/jewellery/beads/,,,,
,,,,,,,,,Brooches,https://iprice.ph/jewellery/brooches/,,,,
,,,,,,,,,Jewelry Set,https://iprice.ph/jewellery/sets/,,,,
,,,,,,,,,Jewellery Accessories,https://iprice.ph/jewellery/accessories/,,,,
,,,,,,Watches,https://a.ipricegroup.com/media/homepage/Icon_v2/Watches_v2.png,https://iprice.ph/watches/,items1,,,,,
,,,,,,,,,name,url,,,,
,,,,,,,,,Sport Watches,https://iprice.ph/watches/sports/,,,,
,,,,,,,,,Digital Watches,https://iprice.ph/watches/digital/,,,,
,,,,,,,,,Chronograph Watches,https://iprice.ph/watches/chronograph/,,,,
,,,,,,,,,Analog Watch,https://iprice.ph/watches/analogue/,,,,
,,,,,,,,,Luxury Watches,https://iprice.ph/watches/luxury/,,,,
PLP-HB-BrandCategory-Carousel,section13,fashion-panel,Shop Health & Beauty,,,items,,,,,,,,
,,,,,,brand-name,name,image-url,url,,,,,
,,,,,,Jo Malone,Perfume,https://p.ipricegroup.com/bfb4fb13deafc5f8fe4d0db2914996dc59b4c99a_0.jpg,https://iprice.ph/jo-malone/perfume/,,,,,
,,,,,,Hyssop,Eye drops in the Philippines,https://p.ipricegroup.com/fa64f40678b2ee5e7d026d40818ce51f03b37290_0.jpg,https://iprice.ph/hyssop/eyecare/eye-drops/,,,,,
,,,,,,Calvin Klein,Perfume,https://p.ipricegroup.com/2abfbac4e597d5637e81e952923e541fd3ee40a3_0.jpg,https://iprice.ph/calvin-klein/perfume/,,,,,
,,,,,,CHANEL,Perfume,https://p.ipricegroup.com/e7a69d40be58a627b132af68036b11f46afa5d5c_0.jpg,https://iprice.ph/chanel/perfume/,,,,,
,,,,,,Centrum,Vitamins,https://p.ipricegroup.com/09fa5e5e864fb7cead81772f3f76b987db1014c6_0.jpg,https://iprice.ph/centrum/supplements/vitamins/,,,,,
,,,,,,Burberry,Perfume,https://p.ipricegroup.com/fc68d96824729fa70be64008792bc72bd3947df3_0.jpg,https://iprice.ph/burberry/perfume/,,,,,
,,,,,,Guess,Perfume,https://p.ipricegroup.com/a36aaa15ba4df493ab74d8f73d19946c6c08fe5a_0.jpg,https://iprice.ph/guess/perfume/,,,,,
,,,,,,HUGO BOSS,Perfume,https://p.ipricegroup.com/86e205f2ba2b48bf13fad839453b33691756fedb_0.jpg,https://iprice.ph/hugo-boss/perfume/,,,,,
,,,,,,Victoria's Secret,Body Lotions,https://p.ipricegroup.com/068346c97c62123cb556cfd240498a8716b88ab9_0.jpg,https://iprice.ph/victorias-secret/bath-body/lotions/,,,,,
,,,,,,Clinique,Perfume,https://p.ipricegroup.com/62812c12ed14b37a2319fcaeb64f0458fc381a92_0.jpg,https://iprice.ph/clinique/perfume/,,,,,
,,,,,,The Face Shop,Skin Care,https://p.ipricegroup.com/uploaded_9eb2e5fc19e2f2c98882ddf34de73cee.jpg,https://iprice.ph/the-face-shop/skin-care/,,,,,
,,,,,,Dolce & Gabbana,Perfume,https://p.ipricegroup.com/51b91ef07ec53e03c52dc2569f5ca2a3571cf5bb_0.jpg,https://iprice.ph/dolce-gabbana/perfume/,,,,,
,,,,,,DKNY,Perfume,https://p.ipricegroup.com/5c5a4c02633f68bd9a6fac940ec1f6c97b07f053_0.jpg,https://iprice.ph/dkny/perfume/,,,,,
,,,,,,Ralph Lauren,Perfume,https://p.ipricegroup.com/646ad7c08b3f1b2ff58610dbd62bcdf4ad22125b_0.jpg,https://iprice.ph/ralph-lauren/perfume/,,,,,
,,,,,,BVLGARI,Perfume,https://p.ipricegroup.com/uploaded_071180c45b8e93e89d4e62d61005782c.jpg,https://iprice.ph/bvlgari/perfume/,,,,,
,,,,,,M.A.C,Lipsticks,https://p.ipricegroup.com/53e29b8c696e18741b10b115adb56d4f85ef9ee4_0.jpg,https://iprice.ph/mac/makeup/lips/lipsticks/,,,,,
,,,,,,M.A.C,Makeup,https://p.ipricegroup.com/53e29b8c696e18741b10b115adb56d4f85ef9ee4_0.jpg,https://iprice.ph/mac/makeup/,,,,,
,,,,,,United Colors of Benetton,Perfume,https://p.ipricegroup.com/f37570f1ee4d850ca9db0e9a4a84ea53c9932132_0.jpg,https://iprice.ph/united-colors-of-benetton/perfume/,,,,,
,,,,,,NIVEA,Body Lotions,https://p.ipricegroup.com/991bb706c71b026d9beb9ac102690c7fc91a1607_0.jpg,https://iprice.ph/nivea/bath-body/lotions/,,,,,
,,,,,,Miniso,Skin Care,https://p.ipricegroup.com/9939bd29909d78779ded34c7eb44aff5b3481f67_0.jpg,https://iprice.ph/miniso/skin-care/,,,,,
PLP-HB-Brand-Carousel,section13_brand,link,,,,items,,,,,,,,
,,,,,,name,image-url,url,,,,,,
,,,,,,Jo Malone,https://a.ipricegroup.com/brand/jo-malone.jpg,https://iprice.ph/jo-malone/,,,,,,
,,,,,,Victoria's Secret,https://a.ipricegroup.com/brand/victorias-secret.jpg,https://iprice.ph/victorias-secret/,,,,,,
,,,,,,The Face Shop,https://a.ipricegroup.com/brand/the-face-shop.jpg,https://iprice.ph/the-face-shop/,,,,,,
,,,,,,MUJI,https://a.ipricegroup.com/brand/muji.jpg,https://iprice.ph/muji/,,,,,,
,,,,,,Cetaphil,https://a.ipricegroup.com/brand/cetaphil.jpg,https://iprice.ph/cetaphil/,,,,,,
,,,,,,LUSH,https://a.ipricegroup.com/brand/lush.jpg,https://iprice.ph/lush/,,,,,,
,,,,,,Young Living,https://a.ipricegroup.com/brand/young-living.jpg,https://iprice.ph/young-living/,,,,,,
,,,,,,Oakley,https://a.ipricegroup.com/brand/oakley.jpg,https://iprice.ph/oakley/,,,,,,
,,,,,,The Body Shop,https://a.ipricegroup.com/brand/the-body-shop.jpg,https://iprice.ph/the-body-shop/,,,,,,
,,,,,,WATSON'S,https://a.ipricegroup.com/brand/watsons.jpg,https://iprice.ph/watsons/,,,,,,
,,,,,,Bath and Body Works,https://a.ipricegroup.com/brand/bath-and-body-works.jpg,https://iprice.ph/bath-and-body-works/,,,,,,
,,,,,,Snail White,https://a.ipricegroup.com/brand/snail-white.jpg,https://iprice.ph/snail-white/,,,,,,
,,,,,,Tiffany & Co.,https://a.ipricegroup.com/media/tiffany.png,https://iprice.ph/tiffany-co/,,,,,,
,,,,,,M.A.C Cosmetics,https://a.ipricegroup.com/brand/mac-cosmetics.jpg,https://iprice.ph/mac-cosmetics/,,,,,,
,,,,,,The Saem,https://a.ipricegroup.com/brand/the-saem.jpg,https://iprice.ph/the-saem/,,,,,,
,,,,,,Centrum,https://a.ipricegroup.com/brand/centrum.jpg,https://iprice.ph/centrum/,,,,,,
,,,,,,Etude House,https://a.ipricegroup.com/brand/etude-house.jpg,https://iprice.ph/etude-house/,,,,,,
,,,,,,Glutax,https://a.ipricegroup.com/brand/glutax.jpg,https://iprice.ph/glutax/,,,,,,
,,,,,,,https://a.ipricegroup.com/media/homepage/EN_allbrands.jpg,https://iprice.ph/brands/,,,,,,
PLP-HB-Category-Carousel,section14,product-carousel,,,,,,,,,,,,
,,,,,,items,,,,,,,,
,,,,,,name,image-url,url,,,,,,
,,,,,,Skin Care,https://a.ipricegroup.com/media/homepage/Icon_v2/Skin_Care.png,https://iprice.ph/skin-care/,items1,,,,,
,,,,,,,,,name,url,,,,
,,,,,,,,,Face Skin Care,https://iprice.ph/skin-care/face/,,,,
,,,,,,,,,Hand Care,https://iprice.ph/skin-care/hand/,,,,
,,,,,,,,,Skin Care Eyes,https://iprice.ph/skin-care/eyes/,,,,
,,,,,,,,,Foot,https://iprice.ph/skin-care/foot/,,,,
,,,,,,Eyecare,https://a.ipricegroup.com/media/homepage/Icon_v2/Eye_Care.png,https://iprice.ph/eyecare/,items1,,,,,
,,,,,,,,,name,url,,,,
,,,,,,,,,Glasses,https://iprice.ph/eyecare/glasses/,,,,
,,,,,,,,,Contact Lenses,https://iprice.ph/eyecare/contact-lenses/,,,,
,,,,,,,,,Eye drops in the Philippines,https://iprice.ph/eyecare/eye-drops/,,,,
,,,,,,Dental Care,https://a.ipricegroup.com/media/homepage/Icon_v2/Dental_Care.png,https://iprice.ph/dental-care/,items1,,,,,
,,,,,,,,,name,url,,,,
,,,,,,,,,Toothbrushes,https://iprice.ph/dental-care/toothbrushes/,,,,
,,,,,,,,,Toothpastes,https://iprice.ph/dental-care/toothpastes/,,,,
,,,,,,,,,Flosses,https://iprice.ph/dental-care/flosses/,,,,
,,,,,,,,,Mouthwash,https://iprice.ph/dental-care/mouthwash/,,,,
,,,,,,,,,Dental Care Accessories,https://iprice.ph/dental-care/accessories/,,,,
,,,,,,Makeup,https://a.ipricegroup.com/media/homepage/Icon_v2/Make_Up.png,https://iprice.ph/makeup/,items1,,,,,
,,,,,,,,,name,url,,,,
,,,,,,,,,Lips Makeups,https://iprice.ph/makeup/lips/,,,,
,,,,,,,,,Face Makeups,https://iprice.ph/makeup/face/,,,,
,,,,,,,,,Makeup Accessories,https://iprice.ph/makeup/accessories/,,,,
,,,,,,,,,Eye Makeups,https://iprice.ph/makeup/eyes/,,,,
,,,,,,,,,Wigs,https://iprice.ph/makeup/wigs/,,,,
,,,,,,,,,Set,https://iprice.ph/makeup/set/,,,,
,,,,,,,,,Setting Sprays,https://iprice.ph/makeup/setting-sprays/,,,,
,,,,,,,,,Makeup Removers,https://iprice.ph/makeup/removers/,,,,
,,,,,,,,,Makeup Sets,https://iprice.ph/makeup/sets/,,,,
,,,,,,Perfume,https://a.ipricegroup.com/media/homepage/Icon_v2/Perfume.png,https://iprice.ph/perfume/,items1,,,,,
,,,,,,,,,name,url,,,,
,,,,,,,,,Eau De Toilette,https://iprice.ph/perfume/eau-de-toilette/,,,,
,,,,,,,,,Eau De Parfum,https://iprice.ph/perfume/eau-de-parfum/,,,,
,,,,,,,,,Eau De Cologne,https://iprice.ph/perfume/eau-de-cologne/,,,,
,,,,,,Hair Care,https://a.ipricegroup.com/media/homepage/Icon_v2/Hair_Care.png,https://iprice.ph/hair-care/,items1,,,,,
,,,,,,,,,name,url,,,,
,,,,,,,,,Hair Styling,https://iprice.ph/hair-care/styling/,,,,
,,,,,,,,,Hair Treatments,https://iprice.ph/hair-care/treatments/,,,,
,,,,,,,,,Hair Colours,https://iprice.ph/hair-care/colouring/,,,,
,,,,,,,,,Shampoos,https://iprice.ph/hair-care/shampoos/,,,,
,,,,,,,,,Hair Conditioners,https://iprice.ph/hair-care/conditioners/,,,,
,,,,,,Bath & Body,https://a.ipricegroup.com/media/homepage/Icon_v2/Bath_and_Body_.png,https://iprice.ph/bath-body/,items1,,,,,
,,,,,,,,,name,url,,,,
,,,,,,,,,Bath & Body Oils,https://iprice.ph/bath-body/oils/,,,,
,,,,,,,,,Body Lotions,https://iprice.ph/bath-body/lotions/,,,,
,,,,,,,,,Shower,https://iprice.ph/bath-body/shower/,,,,
,,,,,,,,,Mists,https://iprice.ph/bath-body/mists/,,,,
,,,,,,,,,Hair Removal,https://iprice.ph/bath-body/hair-removal/,,,,
,,,,,,,,,Body Massagers,https://iprice.ph/bath-body/massagers/,,,,
,,,,,,,,,Deodorants,https://iprice.ph/bath-body/deodorants/,,,,
,,,,,,,,,Bath and Body Accessories,https://iprice.ph/bath-body/accessories/,,,,
,,,,,,,,,Slimming,https://iprice.ph/bath-body/slimming/,,,,
,,,,,,,,,Slimming,https://iprice.ph/bath-body/slimming/,,,,
,,,,,,,,,Feminine Hygiene,https://iprice.ph/bath-body/feminine-hygiene/,,,,
,,,,,,,,,Massage Chairs,https://iprice.ph/bath-body/massage-chairs/,,,,
,,,,,,Supplements,https://a.ipricegroup.com/media/homepage/Icon_v2/Supplement.png,https://iprice.ph/supplements/,items1,,,,,
,,,,,,,,,name,url,,,,
,,,,,,,,,Vitamins,https://iprice.ph/supplements/vitamins/,,,,
,,,,,,,,,Dietary Supplements,https://iprice.ph/supplements/dietary/,,,,
,,,,,,,,,Chia Seeds,https://iprice.ph/supplements/chia-seeds/,,,,
,,,,,,,,,Collagen,https://iprice.ph/supplements/collagen/,,,,
,,,,,,,,,Minerals Supplements,https://iprice.ph/supplements/minerals/,,,,
,,,,,,,,,Antioxidant Supplements,https://iprice.ph/supplements/antioxidants/,,,,
,,,,,,,,,Weight Loss Supplements,https://iprice.ph/supplements/weight-loss/,,,,
,,,,,,Shaving Supplies,https://a.ipricegroup.com/media/homepage/Icon_v2/Shaving_Supplies.png,https://iprice.ph/shaving-supplies/,items1,,,,,
,,,,,,,,,name,url,,,,
,,,,,,,,,Trimmers & Clippers,https://iprice.ph/shaving-supplies/trimmers-clippers/,,,,
,,,,,,,,,After Shave,https://iprice.ph/shaving-supplies/after-shave/,,,,
,,,,,,,,,Shaving Creams,https://iprice.ph/shaving-supplies/creams/,,,,
,,,,,,,,,Razor Blades,https://iprice.ph/shaving-supplies/razor-blades/,,,,
,,,,,,,,,Razors,https://iprice.ph/shaving-supplies/razors/,,,,
,,,,,,,,,Shaving Gels,https://iprice.ph/shaving-supplies/gels/,,,,
,,,,,,Medical Supplies,https://a.ipricegroup.com/media/homepage/Icon_v2/Medical_Supplies.png,https://iprice.ph/medical-supplies/,items1,,,,,
,,,,,,,,,name,url,,,,
,,,,,,,,,Scale,https://iprice.ph/medical-supplies/scale/,,,,
,,,,,,,,,Blood Pressure,https://iprice.ph/medical-supplies/blood-pressure/,,,,
,,,,,,,,,Lumbar Support,https://iprice.ph/medical-supplies/lumbar-support/,,,,
,,,,,,,,,First Aid,https://iprice.ph/medical-supplies/first-aid/,,,,
,,,,,,,,,Injury Support,https://iprice.ph/medical-supplies/injury-support/,,,,
,,,,,,,,,Personal Pleasure,https://iprice.ph/medical-supplies/personal-pleasure/,,,,
,,,,,,,,,Thermometers,https://iprice.ph/medical-supplies/thermometers/,,,,
,,,,,,,,,Blood Glucose,https://iprice.ph/medical-supplies/blood-glucose/,,,,
,,,,,,,,,Wheel Chairs,https://iprice.ph/medical-supplies/wheel-chairs/,,,,
,,,,,,,,,Body Fat Analyzers,https://iprice.ph/medical-supplies/body-fat-analyzers/,,,,
,,,,,,,,,Nebulizers & Aspirators,https://iprice.ph/medical-supplies/nebulizers-aspirators/,,,,
,,,,,,,,,Commode Chairs,https://iprice.ph/medical-supplies/commode-chairs/,,,,
,,,,,,,,,Fertility Tests,https://iprice.ph/medical-supplies/fertility-tests/,,,,
,,,,,,,,,Ripple Mattresses,https://iprice.ph/medical-supplies/ripple-mattresses/,,,,
,,,,,,,,,Medical Beds,https://iprice.ph/medical-supplies/medical-beds/,,,,
PDP-HB-Carousel,section2,product-carousel,,,,items,,,,,,,,
,,,,,,name,price,store-count,image-url,url,,,,
,,,,,,Nature Republic Aloe Vera 92% Soothing Gel,₱ 49.00,6,https://p.ipricegroup.com/uploaded_d18d940e3220b4b2d05b7449c2eacf8e.jpg,https://iprice.ph/compare/nature-republic-aloe-vera-92-soothing-gel/,,,,
,,,,,,Maybelline Superstay 24hr Foundation,₱ 499.00,4,https://p.ipricegroup.com/uploaded_65e3d9fe38c091226d75bbd9ae0007e8.jpg,https://iprice.ph/compare/maybelline-superstay-24hr-foundation/,,,,
,,,,,,REVLON ColorBurst Matte Balm,₱ 448.00,5,https://p.ipricegroup.com/uploaded_5ce1cae3e0055a805a9550a97e5e7609.jpg,https://iprice.ph/compare/revlon-colorburst-matte-balm/,,,,
,,,,,,Etude House Precious Mineral BB Cream Blooming Fit,₱ 185.00,2,https://p.ipricegroup.com/uploaded_8284a0e666e5fa30c06b47d697e79f48.jpg,https://iprice.ph/compare/etude-house-precious-mineral-bb-cream-blooming-fit/,,,,
,,,,,,M.A.C Matte Lipstick,"₱ 1,100.00",6,https://p.ipricegroup.com/uploaded_b74672cbcfc7107400ee9e06e2b781f3.jpg,https://iprice.ph/compare/mac-matte-lipstick/,,,,
,,,,,,Maybelline Fit Me Foundation Matte Poreless,₱ 399.00,5,https://p.ipricegroup.com/uploaded_e8dddad35747641d0a61e4b2e37d7e0f.jpg,https://iprice.ph/compare/maybelline-fit-me-foundation-matte-poreless/,,,,
,,,,,,Revlon Ultra HD Matte Lipcolour,₱ 628.04,7,https://p.ipricegroup.com/uploaded_a567fbd6690d7eaa9a4dd5d60874050c.jpg,https://iprice.ph/compare/revlon-ultra-hd-matte-lipcolour/,,,,
,,,,,,Versace Bright Crystal Absolu,₱ 499.00,9,https://p.ipricegroup.com/uploaded_e42679605caa24744074688eda3319d2.jpg,https://iprice.ph/compare/versace-bright-crystal-absolu/,,,,
,,,,,,LANEIGE Water Sleeping Mask,₱ 145.00,6,https://p.ipricegroup.com/uploaded_ce9a80bbc9c4fbca299292e483ca7ca8.jpg,https://iprice.ph/compare/laneige-water-sleeping-mask/,,,,
,,,,,,The Face Shop Jeju Aloe 99%,₱ 198.00,1,https://p.ipricegroup.com/uploaded_97ac83f6527a0488b6d5f850284d119e.jpg,https://iprice.ph/compare/the-face-shop-jeju-aloe-99/,,,,
,,,,,,BVLGARI Extreme 100ml,₱ 200.00,1,https://p.ipricegroup.com/806dad025e1d26efd9d18e2db169539c03441007_0.jpg,https://iprice.ph/compare/bvlgari-extreme-100ml/,,,,
,,,,,,NYX Soft Matte Lip Cream,₱ 293.00,4,https://p.ipricegroup.com/uploaded_dfbacc456b11b4689a0887c8a1f79a71.jpg,https://iprice.ph/compare/nyx-soft-matte-lip-cream/,,,,
,,,,,,Kiehl's Midnight Recovery Concentrate,"₱ 2,225.00",2,https://p.ipricegroup.com/uploaded_248be119a9fe71a64cf4dfb9c9d4a8e9.jpg,https://iprice.ph/compare/kiehls-midnight-recovery-concentrate/,,,,
,,,,,,LANEIGE BB Cushion Pore Control,"₱ 1,119.00",2,https://p.ipricegroup.com/uploaded_e1e25484bddd30e5f13f5dff56bd179a.jpg,https://iprice.ph/compare/laneige-bb-cushion-pore-control/,,,,
,,,,,,Philips Lumea Prestige IPL,"₱ 36,327.34",4,https://p.ipricegroup.com/uploaded_c60a84b42b6e857a7e0d5a7b5e13c3d4.jpg,https://iprice.ph/compare/philips-lumea-prestige-ipl/,,,,
,,,,,,The Face Shop Herb Day 365 Cleansing Foam Aloe,₱ 275.00,2,https://p.ipricegroup.com/uploaded_9eb2e5fc19e2f2c98882ddf34de73cee.jpg,https://iprice.ph/compare/the-face-shop-herb-day-365-cleansing-foam-aloe/,,,,
,,,,,,Etude House Tint My Brows Gel,₱ 128.07,4,https://p.ipricegroup.com/uploaded_15a02a402c0f44e489c1d0f7d0d682e4.jpg,https://iprice.ph/compare/etude-house-tint-my-brows-gel/,,,,
,,,,,,Maybelline Dream Matte Mousse,₱ 558.18,2,https://p.ipricegroup.com/uploaded_30654e98373b74a5e106d3858c4effab.jpg,https://iprice.ph/compare/maybelline-dream-matte-mousse/,,,,
,,,,,,The Face Shop Herb Day 365 Cleansing Foam Acerola,₱ 175.00,1,https://p.ipricegroup.com/uploaded_ffa43921877d12adf8dc80c5b6879524.jpg,https://iprice.ph/compare/the-face-shop-herb-day-365-cleansing-foam-acerola/,,,,
,,,,,,The Face Shop Oil Control Water Cushion,₱ 652.47,3,https://p.ipricegroup.com/uploaded_6e30bc2c4890e5f6c816c15f2d424446.jpg,https://iprice.ph/compare/the-face-shop-oil-control-water-cushion/,,,,
PDP-HB-SeeMore,section2,product-carousel,,,,items,,,,,,,,
,,,,,,name,image-url,url,,,,,,
,,,,,,Innisfree Jeju Volcanic Pore Clay Mask,https://p.ipricegroup.com/uploaded_f86fba293723eb39f02ec92374372252.jpg,https://iprice.ph/compare/innisfree-jeju-volcanic-pore-clay-mask/,,,,,,
,,,,,,M.A.C Studio Fix Fluid,https://p.ipricegroup.com/uploaded_6d3f8d741c95edf45ae246bef9c15b7b.jpg,https://iprice.ph/compare/mac-studio-fix-fluid/,,,,,,
,,,,,,Nature Republic Aloe Vera,https://p.ipricegroup.com/84ebfa605faff3047923516ec00ca3000ec67310_0.jpg,https://iprice.ph/compare/nature-republic-aloe-vera/,,,,,,
,,,,,,Bath & Body Works Ultra Shea Body Cream,https://p.ipricegroup.com/uploaded_3a5b900564294f382cf75e9d22a737dc.jpg,https://iprice.ph/compare/bath-body-works-ultra-shea-body-cream/,,,,,,
,,,,,,Colourpop Ultra Matte Lip,https://p.ipricegroup.com/uploaded_2545f649188cee61d3de47979b810053.jpg,https://iprice.ph/compare/colourpop-ultra-matte-lip/,,,,,,
,,,,,,Fresh Black Tea Firming Overnight Mask,https://p.ipricegroup.com/uploaded_9e17a664b7571696ca82f25f086fd7c2.jpg,https://iprice.ph/compare/fresh-black-tea-firming-overnight-mask/,,,,,,
,,,,,,Innisfree Jeju Volcanic Pore Cleansing Foam,https://p.ipricegroup.com/uploaded_24b8ddb2f0b6f2b837b3d93801362de5.jpg,https://iprice.ph/compare/innisfree-jeju-volcanic-pore-cleansing-foam/,,,,,,
,,,,,,Innisfree No Sebum Mineral Powder,https://p.ipricegroup.com/uploaded_c8b566f4553886ff5284bc16a27011a6.jpg,https://iprice.ph/compare/innisfree-no-sebum-mineral-powder/,,,,,,
,,,,,,Innisfree Vivid Cotton Ink,https://p.ipricegroup.com/uploaded_ec6869fb8646e8b87fefe28c98f7766f.jpg,https://iprice.ph/compare/innisfree-vivid-cotton-ink/,,,,,,
,,,,,,Kiehl's Creamy Eye Treatment with Avocado,https://p.ipricegroup.com/uploaded_1198e6fc0e874688377f5bcf4231cefc.jpg,https://iprice.ph/compare/kiehls-creamy-eye-treatment-with-avocado/,,,,,,
PDP-PLP-SeeMore,section10,link,More Products,1234,1234,items,,,,,,,,
,,,,,,name,image-url,url,,,,,,
,,,,,,OPPO F7,https://p.ipricegroup.com/uploaded_498dd38d23174a22ba540940118c6477.jpg,https://iprice.ph/compare/oppo-f7/,,,,,,
,,,,,,OPPO A83,https://p.ipricegroup.com/uploaded_31f365fcbf6c96a55a01b69445f0619c.jpg,https://iprice.ph/compare/oppo-a83/,,,,,,
,,,,,,adidas Adidas,https://p.ipricegroup.com/0c94858329932c416676a8996aadb9029d235d9d_0.jpg,https://iprice.ph/adidas/,,,,,,
,,,,,,Balenciaga Shoes,https://p.ipricegroup.com/df57a3ed26ee661f1d900b2f48d7fa4bc512b08d_0.jpg,https://iprice.ph/balenciaga/shoes/,,,,,,
,,,,,,FILA Disruptor,https://p.ipricegroup.com/e97599d7dab52e8f1371fff6326436675291fdb9_0.jpg,https://iprice.ph/fila/disruptor/,,,,,,
,,,,,,Huawei Nova 2i,https://p.ipricegroup.com/uploaded_28e85dcc986fdc5a8a3fc2e9e3c99957.jpg,https://iprice.ph/compare/huawei-nova-2i/,,,,,,
,,,,,,OPPO A3s,https://p.ipricegroup.com/uploaded_e9927353825a4f5e60a50a0369631d1d.jpg,https://iprice.ph/compare/oppo-a3s/,,,,,,
,,,,,,Huawei Mate 20 Pro,https://p.ipricegroup.com/uploaded_ca23625cad8dc6854d7774f5f7e2f8b4.jpg,https://iprice.ph/compare/huawei-mate-20-pro/,,,,,,
,,,,,,Oppo F9,https://p.ipricegroup.com/uploaded_21341b6cab21d9a89dffd046533a368a.jpg,https://iprice.ph/compare/oppo-f9/,,,,,,
,,,,,,Apple iPhone 7,https://p.ipricegroup.com/uploaded_dea2a1a61d2e16e71fd0ef988a900d67.jpg,https://iprice.ph/compare/apple-iphone-7/,,,,,,
,,,,,,Samsung Galaxy J2 Prime,https://p.ipricegroup.com/uploaded_e858ab25c93e1e4905b121d938eb317b.jpg,https://iprice.ph/compare/samsung-galaxy-j2-prime/,,,,,,
,,,,,,vivo V11 Pro,https://p.ipricegroup.com/uploaded_2a965b51b4ef6c87089911e058fdea38.jpg,https://iprice.ph/compare/vivo-v11-pro/,,,,,,
,,,,,,OPPO Neo 7,https://p.ipricegroup.com/uploaded_3011c2f3e7b5361bb6ee5cf35feb291a.jpg,https://iprice.ph/compare/oppo-neo-7/,,,,,,
,,,,,,Apple iPhone Xs,https://p.ipricegroup.com/uploaded_331c9b16d11bd5a421d16df3700dd220.jpg,https://iprice.ph/compare/apple-iphone-xs/,,,,,,
,,,,,,Red Ribbon,https://p.ipricegroup.com/afb2fa3211ded115f261bacf1a2c7fe56b93d339_0.jpg,https://iprice.ph/red-ribbon/,,,,,,
,,,,,,Pandora,https://p.ipricegroup.com/71a1bb0d3bbce1d4f8737ceb54d354d2183420d3_0.jpg,https://iprice.ph/pandora/,,,,,,
,,,,,,adidas Shoes,https://p.ipricegroup.com/0c94858329932c416676a8996aadb9029d235d9d_0.jpg,https://iprice.ph/adidas/shoes/,,,,,,
,,,,,,Louis Vuitton Bag,https://p.ipricegroup.com/4e4341b97cb4faf1f84999700cb75acace1171e9_0.jpg,https://iprice.ph/louis-vuitton/bags/,,,,,,
,,,,,,Sony PlayStation 4,https://p.ipricegroup.com/uploaded_cab1a9c12451d05affa77d4dd9f6c907.jpg,https://iprice.ph/compare/sony-playstation-4/,,,,,,
End,,,,,,,,,,,,,,