section,name,type,title,go-to-url,go-to-title,,,,,,,,,
Coupons-Store-Carousel,section6,catagory-carousel-no-text,Find the Best Deals Online,https://iprice.my/coupons/stores/,All Stores,items,,,,,,,,
,,,,,,name,image-url,url,,,,,,
,,,,,,Lazada promo code,https://a.ipricegroup.com/store/lazada-my.jpg,https://iprice.my/coupons/lazada/,,,,,,
,,,,,,Zalora promo code,https://a.ipricegroup.com/store/zalora-my.jpg,https://iprice.my/coupons/zalora,,,,,,
,,,,,,Shopee MY promo code,https://a.ipricegroup.com/store/shopee-my.jpg,https://iprice.my/coupons/shopee,,,,,,
,,,,,,11street,https://a.ipricegroup.com/store/11street-my.jpg,https://iprice.my/coupons/11street,,,,,,
,,,,,,Kkday,https://a.ipricegroup.com/store/kkday-my.jpg,https://iprice.my/coupons/kkday,,,,,,
,,,,,,Klook promo code,https://a.ipricegroup.com/store/klook-my.jpg,https://iprice.my/coupons/klook,,,,,,
,,,,,,Malaysia Airlines promo,https://a.ipricegroup.com/store/malaysia.jpg,https://iprice.my/coupons/malaysia-airlines/,,,,,,
,,,,,,Promo grab delivery,https://a.ipricegroup.com/store/grabfood-my.jpg,https://iprice.my/coupons/grabfood,,,,,,
,,,,,,Expedia Malaysia,https://a.ipricegroup.com/store/expedia-my.jpg,https://iprice.my/coupons/expedia,,,,,,
,,,,,,Agoda,https://a.ipricegroup.com/store/agoda-my.jpg,https://iprice.my/coupons/agoda,,,,,,
,,,,,,Fave Voucher,https://a.ipricegroup.com/store/fave-my.jpg,https://iprice.my/coupons/fave,,,,,,
,,,,,,Coupon Traveloka,https://a.ipricegroup.com/store/traveloka-my.jpg,https://iprice.my/coupons/traveloka,,,,,,
,,,,,,Socar,https://a.ipricegroup.com/store/socar-my.jpg,https://iprice.my/coupons/socar,,,,,,
,,,,,,OYO,https://a.ipricegroup.com/store/oyo-my.jpg,https://iprice.my/coupons/oyo/,,,,,,
,,,,,,Farfetch,https://a.ipricegroup.com/store/farfetch-my.jpg,https://iprice.my/coupons/farfetch/,,,,,,
,,,,,,Fashion Valet,https://a.ipricegroup.com/store/fashionvalet.jpg,https://iprice.my/coupons/fashionvalet/,,,,,,
PLP-EL-BrandCategory-Carousel,section3,catagory-carousel,Compare the Best Prices in Electronics,,,items,,,,,,,,
,,,,,,brand-name,name,image-url,url,,,,,
,,,,,,Huawei,Mobile Phones,https://p.ipricegroup.com/uploaded_a0588a7277868badb3600f3ef8c3a2ff.jpg,/huawei/phones-tablets/smartphones/,,,,,
,,,,,,Samsung,Mobile Phones,https://p.ipricegroup.com/uploaded_205540235693e153b09f821826e47dc3.jpg,/samsung/phones-tablets/smartphones/,,,,,
,,,,,,ASUS,Mobile Phones,https://p.ipricegroup.com/uploaded_4d01eeabe8e744e837f7f22537dc73b5.jpg,/asus/phones-tablets/smartphones/,,,,,
,,,,,,Toshiba,Washing Machines,https://p.ipricegroup.com/ed6347eb1e84c982c5dce10b5463eb2f6cd4d729_0.jpg,/toshiba/appliances/laundry-machines/washing/,,,,,
,,,,,,Toshiba,Refrigerators,https://p.ipricegroup.com/uploaded_f270c911d662851d6678048b8033d585.jpg,/toshiba/appliances/refrigerators/,,,,,
,,,,,,KDK,Fans,https://p.ipricegroup.com/e196fddd02a200110066193b12f99573cc263f70_0.jpg,/kdk/appliances/fans/,,,,,
,,,,,,Canon,Camera & Photo,https://p.ipricegroup.com/a937ce3dfcf660ff17443af17b16d74ce74af5e0_0.jpg,/canon/camera-photo/,,,,,
,,,,,,Xiaomi,Mobile Phones,https://p.ipricegroup.com/uploaded_e553892afe433bccd0c1e8a67d7444a0.jpg,/xiaomi/phones-tablets/smartphones/,,,,,
,,,,,,Dyson,Vacuum Cleaners,https://p.ipricegroup.com/aced84b09a398c777b2fd11cb938bc064f8ba95c_0.jpg,/dyson/appliances/vacuum-cleaners/,,,,,
,,,,,,Daikin,Air Conditioners,https://p.ipricegroup.com/34521391_0.jpg,/daikin/appliances/air-conditioners/,,,,,
,,,,,,Canon,Printers,https://p.ipricegroup.com/uploaded_d4ac38951e996c1c102f19b342c5544b.jpg,/canon/computing/printers/,,,,,
,,,,,,Sharp,Refrigerators,https://p.ipricegroup.com/3edea9cf003cc38c8a0a334f98e647a7655bb768_0.jpg,/sharp/appliances/refrigerators/,,,,,
,,,,,,Panasonic,Fans,https://p.ipricegroup.com/e9b8ba20c23aeed218c4ffcbc71964672c18acbf_0.jpg,/panasonic/appliances/fans/,,,,,
,,,,,,York,Air Conditioners,https://p.ipricegroup.com/35630778_0.jpg,/york/appliances/air-conditioners/,,,,,
,,,,,,Sharp,Washing Machines,https://p.ipricegroup.com/e696ab8f95e150dc6b4710b8e7fa2caf2ac5334e_0.jpg,/sharp/appliances/laundry-machines/washing/,,,,,
,,,,,,Brother,Printers,https://p.ipricegroup.com/uploaded_46b7feeb8cda92d4a78e8c677482afbd.jpg,/brother/computing/printers/,,,,,
,,,,,,Samsung,Smartwatches,https://p.ipricegroup.com/uploaded_f83c4abde5c69c6e6f477ff1f8f7a05f.jpg,/samsung/phones-tablets/smartwatches/,,,,,
,,,,,,Panasonic,Refrigerators,https://p.ipricegroup.com/uploaded_fe142e66cb3e45d78033cad8832a0802.jpg,/panasonic/appliances/refrigerators/,,,,,
,,,,,,Vivo,Mobile Phones,https://p.ipricegroup.com/uploaded_084310ff7b6e8b27be1ab02acbeea6d1.jpg,/vivo/phones-tablets/smartphones/,,,,,
PLP-EL-Brand-Carousel,section3_brand,catagory-carousel-no-text,,,,items,,,,,,,,
,,,,,,name,image-url,url,,,,,,
,,,,,,Apple,https://a.ipricegroup.com/media/apple_2.png,/apple/,,,,,,
,,,,,,Xiaomi,https://a.ipricegroup.com/brand/xiaomi.jpg,/xiaomi/,,,,,,
,,,,,,Huawei,https://a.ipricegroup.com/media/huawei.png,/huawei/,,,,,,
,,,,,,Vivo,https://a.ipricegroup.com/brand/vivo.jpg,/vivo/,,,,,,
,,,,,,KDK,https://a.ipricegroup.com/brand/kdk.jpg,/kdk/,,,,,,
,,,,,,OPPO,https://a.ipricegroup.com/brand/oppo.jpg,/oppo/,,,,,,
,,,,,,Samsung,https://a.ipricegroup.com/brand/samsung.jpg,/samsung/,,,,,,
,,,,,,ASUS,https://a.ipricegroup.com/media/asus_2.png,/asus/,,,,,,
,,,,,,Dell,https://a.ipricegroup.com/media/dell.png,/dell/,,,,,,
,,,,,,Canon,https://a.ipricegroup.com/brand/canon.jpg,/canon/,,,,,,
,,,,,,Lenovo,https://a.ipricegroup.com/media/lenovos.png,/lenovo/,,,,,,
,,,,,,HP,https://a.ipricegroup.com/brand/hp.jpg,/hp/,,,,,,
,,,,,,GARMIN,https://a.ipricegroup.com/brand/garmin.jpg,/garmin/,,,,,,
,,,,,,Nokia,https://a.ipricegroup.com/brand/nokia.jpg,/nokia/,,,,,,
,,,,,,SINGER,https://a.ipricegroup.com/brand/singer.jpg,/singer/,,,,,,
,,,,,,Acson,https://a.ipricegroup.com/brand/acson.jpg,/acson/,,,,,,
,,,,,,Dyson,https://a.ipricegroup.com/brand/dyson.jpg,/dyson/,,,,,,
,,,,,,Acer,https://a.ipricegroup.com/media/acer.png,/acer/,,,,,,
,,,,,,Epson,https://a.ipricegroup.com/brand/epson.jpg,/epson/,,,,,,
,,,,,,Suunto,https://a.ipricegroup.com/brand/suunto.jpg,/suunto/,,,,,,
,,,,,,DJI,https://a.ipricegroup.com/brand/dji.jpg,/dji/,,,,,,
PLP-EL-Category-Carousel,section11,product-carousel,,,,items,,,,,,,,
,,,,,,name,image-url,url,,,,,,
,,,,,,Computer,https://a.ipricegroup.com/media/homepage/Icon_v2/Computers.png,https://iprice.my/computing,items1,,,,,
,,,,,,,,,name,url,,,,
,,,,,,,,,Laptops,https://iprice.my/computing/laptops/,,,,
,,,,,,,,,Desktop PCs,https://iprice.my/computing/desktop-pcs/,,,,
,,,,,,,,,Webcams,https://iprice.my/computing/webcams/,,,,
,,,,,,,,,Software,https://iprice.my/computing/software/,,,,
,,,,,,,,,Printers,https://iprice.my/computing/printers/,,,,
,,,,,,,,,Computer Hardware,https://iprice.my/computing/hardware/,,,,
,,,,,,,,,Computing Accessories,https://iprice.my/computing/accessories/,,,,
,,,,,,,,,External Storage,https://iprice.my/computing/external-storage/,,,,
,,,,,,,,,Network Gear,https://iprice.my/computing/network-gear/,,,,
,,,,,,Phones & Tablets,https://a.ipricegroup.com/media/homepage/Icon_v2/Tablets_and_Phones.png,https://iprice.my/phones-tablets/,items1,,,,,
,,,,,,,,,name,url,,,,
,,,,,,,,,Mobile Phones,https://iprice.my/phones-tablets/smartphones/,,,,
,,,,,,,,,Tablets,https://iprice.my/phones-tablets/tablets/,,,,
,,,,,,,,,Smartwatches,https://iprice.my/phones-tablets/smartwatches/,,,,
,,,,,,,,,Bluetooth Headsets,https://iprice.my/phones-tablets/bluetooth-headsets/,,,,
,,,,,,,,,Basic Phones,https://iprice.my/phones-tablets/basic-phones/,,,,
,,,,,,,,,Upcoming Mobile Phones,https://iprice.my/upcoming-products/smartphones/,,,,
,,,,,,Gaming,https://a.ipricegroup.com/media/homepage/Icon_v2/Gaming.png,https://iprice.my/gaming/,items1,,,,,
,,,,,,,,,name,url,,,,
,,,,,,,,,Playstation,https://iprice.my/gaming/playstation/,,,,
,,,,,,,,,Xbox,https://iprice.my/gaming/xbox/,,,,
,,,,,,,,,Games,https://iprice.my/gaming/games/,,,,
,,,,,,,,,Gaming Controllers,https://iprice.my/gaming/controllers/,,,,
,,,,,,,,,Nintendo Consoles,https://iprice.my/gaming/nintendo/,,,,
,,,,,,,,,Gaming Accessories,https://iprice.my/gaming/accessories/,,,,
,,,,,,,,,Mobile,https://iprice.my/gaming/mobile/,,,,
,,,,,,,,,Other Consoles,https://iprice.my/gaming/other-consoles/,,,,
,,,,,,Camera & Photo,https://a.ipricegroup.com/media/homepage/Icon_v2/Cameras.png,https://iprice.my/camera-photo/,items1,,,,,
,,,,,,,,,name,url,,,,
,,,,,,,,,DSLR Cameras,https://iprice.my/camera-photo/dslrs/,,,,
,,,,,,,,,Camcorders,https://iprice.my/camera-photo/camcorders/,,,,
,,,,,,,,,Polaroid Cameras,https://iprice.my/camera-photo/polaroid/,,,,
,,,,,,,,,Drone Cameras,https://iprice.my/camera-photo/drones/,,,,
,,,,,,,,,CCTV Cameras,https://iprice.my/camera-photo/cctv/,,,,
,,,,,,,,,Action Cameras,https://iprice.my/camera-photo/action/,,,,
,,,,,,,,,Mirrorless Cameras,https://iprice.my/camera-photo/mirrorless/,,,,
,,,,,,,,,Underwater Cameras,https://iprice.my/camera-photo/underwater/,,,,
,,,,,,,,,Compact Cameras,https://iprice.my/camera-photo/compact/,,,,
,,,,,,"TV, Video & DVD",https://a.ipricegroup.com/media/homepage/Icon_v2/Tv__DVD.png,https://iprice.my/tv-video-dvd/,items1,,,,,
,,,,,,,,,name,url,,,,
,,,,,,,,,Media Players,https://iprice.my/tv-video-dvd/media-players/,,,,
,,,,,,,,,Blu-Ray,https://iprice.my/tv-video-dvd/blu-ray/,,,,
,,,,,,,,,DVD Players,https://iprice.my/tv-video-dvd/dvd-players/,,,,
,,,,,,,,,LED TVs,https://iprice.my/tv-video-dvd/led/,,,,
,,,,,,,,,OLED,https://iprice.my/tv-video-dvd/oled/,,,,
,,,,,,,,,Plasma TVs,https://iprice.my/tv-video-dvd/plasma/,,,,
,,,,,,,,,UHD TVs,https://iprice.my/tv-video-dvd/uhd/,,,,
,,,,,,,,,"TV, Video & DVD Accessories",https://iprice.my/tv-video-dvd/accessories/,,,,
,,,,,,,,,Streaming Media Players,https://iprice.my/tv-video-dvd/streaming-media-players/,,,,
,,,,,,,,,HDMI Media Players,https://iprice.my/tv-video-dvd/hdmi-media-players/,,,,
,,,,,,Appliances,https://a.ipricegroup.com/media/homepage/Icon_v2/Appliances.png,https://iprice.my/appliances/,items1,,,,,
,,,,,,,,,name,url,,,,
,,,,,,,,,Fans,https://iprice.my/appliances/fans/,,,,
,,,,,,,,,Refrigerators,https://iprice.my/appliances/refrigerators/,,,,
,,,,,,,,,Vacuum Cleaners,https://iprice.my/appliances/vacuum-cleaners/,,,,
,,,,,,,,,Air Conditioners,https://iprice.my/appliances/air-conditioners/,,,,
,,,,,,,,,Microwaves,https://iprice.my/appliances/microwaves/,,,,
,,,,,,,,,Freezers,https://iprice.my/appliances/freezers/,,,,
,,,,,,,,,Dishwashers,https://iprice.my/appliances/dishwashers/,,,,
,,,,,,,,,Cookers,https://iprice.my/appliances/cookers/,,,,
,,,,,,,,,Ovens,https://iprice.my/appliances/ovens/,,,,
,,,,,,,,,Mixers,https://iprice.my/appliances/mixers/,,,,
PDP-EL-Carousel,section1,product-carousel,,,,items,,,,,,,,
,,,,,,name,price,store-count,image-url,url,,,,
,,,,,,Oppo F9,RM 799.00,5,https://p.ipricegroup.com/uploaded_86e1f0058f55ec990099824a8255b5c9.jpg,/compare/oppo-f9/,,,,
,,,,,,Huawei Nova 2i,RM 829.00,5,https://p.ipricegroup.com/uploaded_28e85dcc986fdc5a8a3fc2e9e3c99957.jpg,/compare/huawei-nova-2i/,,,,
,,,,,,Apple iPhone Xs,"RM 4,799.00",3,https://p.ipricegroup.com/uploaded_415c858b4e883614cfba4cc8847e7c84.jpg,/compare/apple-iphone-xs/,,,,
,,,,,,Vivo V9,RM 799.00,5,https://p.ipricegroup.com/uploaded_084310ff7b6e8b27be1ab02acbeea6d1.jpg,/compare/vivo-v9/,,,,
,,,,,,Huawei nova 3i,RM 999.00,6,https://p.ipricegroup.com/uploaded_a0588a7277868badb3600f3ef8c3a2ff.jpg,/compare/huawei-nova-3i/,,,,
,,,,,,Huawei P20 Pro,"RM 2,150.50",8,https://p.ipricegroup.com/uploaded_88e4d17a7d7a4c2da082f059c7c67b92.jpg,/compare/huawei-p20-pro/,,,,
,,,,,,Huawei P20,"RM 1,849.00",7,https://p.ipricegroup.com/uploaded_be15a1d2f9ff3e960fd0eae8a7f1a4c0.jpg,/compare/huawei-p20/,,,,
,,,,,,Apple iPhone XR,"RM 3,389.00",5,https://p.ipricegroup.com/uploaded_9c44fecb3c6b8dc85c91e97165e66093.jpg,/compare/apple-iphone-xr/,,,,
,,,,,,OPPO F7,"RM 1,099.00",4,https://p.ipricegroup.com/uploaded_498dd38d23174a22ba540940118c6477.jpg,/compare/oppo-f7/,,,,
,,,,,,vivo Y53,RM 469.00,4,https://p.ipricegroup.com/uploaded_cf8ddd65ebbf0fe8dab459df9b87959d.jpg,/compare/vivo-y53/,,,,
,,,,,,Xiaomi Pocophone F1,"RM 1,269.00",6,https://p.ipricegroup.com/uploaded_e553892afe433bccd0c1e8a67d7444a0.jpg,/compare/xiaomi-pocophone-f1/,,,,
,,,,,,Huawei Nova 2 Lite,RM 500.00,6,https://p.ipricegroup.com/uploaded_5d5e9cf4a6670c6447aefa460a3de226.jpg,/compare/huawei-nova-2-lite/,,,,
,,,,,,OPPO R9s,RM 730.00,5,https://p.ipricegroup.com/uploaded_07da733fc2dab7cbd5a5b09010feee16.jpg,/compare/oppo-r9s/,,,,
,,,,,,Google Pixel 3 XL,"RM 3,699.00",4,https://p.ipricegroup.com/uploaded_a56de4faae1c471a0cfe508aed4507fd.jpg,/compare/google-pixel-3-xl/,,,,
,,,,,,Huawei Honor 9,RM 895.00,3,https://p.ipricegroup.com/uploaded_4be583c9c6217dfec5acbd9e0c01c017.jpg,/compare/huawei-honor-9/,,,,
,,,,,,Samsung Galaxy A9 Pro,"RM 1,885.00",2,https://p.ipricegroup.com/uploaded_d9112a2e59cc6b9c2c9b5357a2905584.jpg,/compare/samsung-galaxy-a9-pro/,,,,
,,,,,,Samsung Galaxy J6,RM 739.00,5,https://p.ipricegroup.com/uploaded_d7169d64be407a3a30d7548d7bf90d0c.jpg,/compare/samsung-galaxy-j6/,,,,
,,,,,,Apple iPhone 6,"RM 1,099.00",5,https://p.ipricegroup.com/uploaded_8fedeedccef59f3c2fba21f8541299c5.jpg,/compare/apple-iphone-6/,,,,
,,,,,,Samsung Galaxy Note 9,"RM 3,008.00",6,https://p.ipricegroup.com/uploaded_5cbd5efd39e152d32f8b99a8bc861ae2.jpg,/compare/samsung-galaxy-note-9/,,,,
,,,,,,vivo Y71,RM 539.00,2,https://p.ipricegroup.com/uploaded_d002bc6603b9df79849a01574699f185.jpg,/compare/vivo-y71/,,,,
PDP-EL-SeeMore,section1_link,link,,,,items,,,,,,,,
,,,,,,name,image-url,url,,,,,,
,,,,,,OPPO A37,https://p.ipricegroup.com/uploaded_fa7eccb676e7d8115d5cd5d7cfa81521.jpg,/compare/oppo-a37/,,,,,,
,,,,,,Asus ROG Phone,https://p.ipricegroup.com/uploaded_8ca266c50dd03de67805d1835a6b2f68.jpg,/compare/asus-rog-phone/,,,,,,
,,,,,,Huawei Mate 20 Pro,https://p.ipricegroup.com/uploaded_db5a90abe01436b33936e7613b544c68.jpg,/compare/huawei-mate-20-pro/,,,,,,
,,,,,,Vivo Y81,https://p.ipricegroup.com/uploaded_1be5391f1aebcc608201c7ca28de4dcb.jpg,/compare/vivo-y81/,,,,,,
,,,,,,OPPO A3s,https://p.ipricegroup.com/uploaded_5e3155c5c7c078f86853cb104a7f7f3e.jpg,/compare/oppo-a3s/,,,,,,
,,,,,,OPPO F5,https://p.ipricegroup.com/uploaded_aa1c62a8426509d20f2b3e0c11704f93.jpg,/compare/oppo-f5/,,,,,,
,,,,,,vivo V5,https://p.ipricegroup.com/uploaded_5f8caf5be2e1c0ec9bc92c067eda0276.jpg,/compare/vivo-v5/,,,,,,
,,,,,,vivo V7,https://p.ipricegroup.com/uploaded_7ee689a143e32dfc28cbebba6c524ef3.jpg,/compare/vivo-v7/,,,,,,
,,,,,,Samsung Galaxy A7,https://p.ipricegroup.com/uploaded_205540235693e153b09f821826e47dc3.jpg,/compare/samsung-galaxy-a7/,,,,,,
,,,,,,Samsung Galaxy J4 (2018),https://p.ipricegroup.com/uploaded_a6f155028e14bf9630b20fb0949399cd.jpg,/compare/samsung-galaxy-j4-2018/,,,,,,
,,,,,,Huawei Mate 20 Lite,https://p.ipricegroup.com/uploaded_3b3e709cf1a698b8eb4051b880df4a11.jpg,/compare/huawei-mate-20-lite/,,,,,,
,,,,,,Apple iPhone 7,https://p.ipricegroup.com/uploaded_dea2a1a61d2e16e71fd0ef988a900d67.jpg,/compare/apple-iphone-7/,,,,,,
,,,,,,OnePlus 6,https://p.ipricegroup.com/uploaded_e56a154d9b20c198b1f6d40f9b5e09f2.jpg,/compare/oneplus-6/,,,,,,
,,,,,,Vivo Y81 Black,https://p.ipricegroup.com/uploaded_0f5529999a8b7a7548b9d1e2fcba003d.jpg,/compare/vivo-y81-black/,,,,,,
,,,,,,OPPO A77,https://p.ipricegroup.com/uploaded_ed4d5f29655c55c88f5936c0c16d2293.jpg,/compare/oppo-a77/,,,,,,
,,,,,,Oppo Realme 2,https://p.ipricegroup.com/4f08a1197cab6f86fe27c7152f8d4d884f477141_0.jpg,/compare/oppo-realme-2/,,,,,,
,,,,,,Samsung Galaxy J2 Prime,https://p.ipricegroup.com/uploaded_e858ab25c93e1e4905b121d938eb317b.jpg,/compare/samsung-galaxy-j2-prime/,,,,,,
,,,,,,Huawei Nova 3e,https://p.ipricegroup.com/uploaded_a21589dba490c8fb6835d36de5995fd8.jpg,/compare/huawei-nova-3e/,,,,,,
,,,,,,Xiaomi Redmi Note 5 AI,https://p.ipricegroup.com/uploaded_49b00b7ca7095984001b8cf7aadb8135.jpg,/compare/xiaomi-redmi-note-5-ai/,,,,,,
,,,,,,Xiaomi Black Shark,https://p.ipricegroup.com/uploaded_2b7df7ca8433125e53f33257ae8debd2.jpg,/compare/xiaomi-black-shark/,,,,,,
PLP-FA-BrandCategory-Men-Carousel,section4,fashion-panel,Shop Men's Fashion,https://iprice.my/clothing/men/,,image-url,url,label,type,,,,,
,,,,,,https://a.ipricegroup.com/media/homepage/MY_menfashion.jpg,,1234,category-carousel,items,,,,
,,,,,,,,,,brand-name,name,url,image-url,main-url
,,,,,,,,,TRUE,Louis Vuitton,Bags,https://iprice.my/louis-vuitton/bags/men/,https://p.ipricegroup.com/1645ecf26b83f6a35e4aa1c84dffd21935010663_0.jpg,/louis-vuitton/bags/
,,,,,,,,,TRUE,Coach,Bags,https://iprice.my/coach/bags/men/,https://p.ipricegroup.com/82a73fac59d6a517d0021525bdc0f6d608169ccc_0.jpg,/coach/bags/
,,,,,,,,,TRUE,Swarovski,Jewellery,https://iprice.my/swarovski/jewellery/men/,https://p.ipricegroup.com/1dddd589ea838198b99e7cc8cd9d55b8dcd9ad07_0.jpg,/swarovski/jewellery/
,,,,,,,,,TRUE,BONIA,Bags,https://iprice.my/bonia/bags/men/,https://p.ipricegroup.com/4d25bcd9f94f3e48fb3e374e4ff33d8423c66080_0.jpg,/bonia/bags/
,,,,,,,,,FALSE,Vincci,Shoes,,,/vincci/shoes/
,,,,,,,,,FALSE,Poh Kong,Jewellery,,,/poh-kong/jewellery/
,,,,,,,,,FALSE,HLA,Clothing,,,/hla/clothing/
,,,,,,,,,TRUE,Alexandre Christie,Watches,https://iprice.my/alexandre-christie/watches/men/,https://p.ipricegroup.com/3037702e15707342b01732b476e2605b3200beb3_0.jpg,/alexandre-christie/watches/
,,,,,,,,,TRUE,FILA,Shoes,https://iprice.my/fila/shoes/men/,https://p.ipricegroup.com/7a1495886352604033e8774cf0ec7974799fd93c_0.jpg,/fila/shoes/
,,,,,,,,,FALSE,Charles & Keith,Bags,,,/charles-keith/bags/
,,,,,,,,,FALSE,Pandora,Jewellery,,,/pandora/jewellery/
,,,,,,,,,FALSE,Longchamp,Bags,,,/longchamp/bags/
,,,,,,,,,FALSE,Vincci,Bags,,,/vincci/bags/
,,,,,,,,,TRUE,BONIA,Watches,https://iprice.my/bonia/watches/men/,https://p.ipricegroup.com/aa843ae115e8f71d90358430745c55ca1c2222d8_0.jpg,/bonia/watches/
,,,,,,,,,TRUE,Furla,Bags,https://iprice.my/furla/bags/men/,https://p.ipricegroup.com/0c53933e6d473194c18e532594ae5b9036d9566d_0.jpg,/furla/bags/
,,,,,,,,,TRUE,Burberry,Bags,https://iprice.my/burberry/bags/men/,https://p.ipricegroup.com/c51eac6136026348f35d64ab62ae32d0d4bd8871_0.jpg,/burberry/bags/
,,,,,,,,,FALSE,Tiffany & Co.,Jewellery,,,/tiffany-co/jewellery/
,,,,,,,,,TRUE,Mcm,Bags,https://iprice.my/mcm/bags/men/,https://p.ipricegroup.com/adc8016ccb46ef09054dfcf7532f47eae0a4adbd_0.jpg,/mcm/bags/
,,,,,,,,,TRUE,Cerruti 1881,Watches,https://iprice.my/cerruti-1881/watches/men/,https://p.ipricegroup.com/a6ed8c02004d13b1c93b0bd0836a80ea11ef84f3_0.jpg,/cerruti-1881/watches/
,,,,,,,,,TRUE,Tomei,Jewellery,https://iprice.my/tomei/jewellery/men/,https://p.ipricegroup.com/1c0f87dbdaae4dd42aa6672b309ec5fab9215134_0.jpg,/tomei/jewellery/
,,,,,,,,,TRUE,Alba,Watches,https://iprice.my/alba/watches/men/,https://p.ipricegroup.com/8b2fdff377f09db679816cda9b2b374cbf25fa95_0.jpg,/alba/watches/
,,,,,,,,,TRUE,Nike,Shoes,https://iprice.my/nike/shoes/men/,https://p.ipricegroup.com/122f0fbeb772484dd639891d53d183df4cb822dd_0.jpg,/nike/shoes/
PLP-FA-BrandCategory-Women-Carousel,section5,fashion-panel,Shop Women's Fashion,https://iprice.my/clothing/women/,,image-url,url,label,type,,,,,
,,,,,,https://a.ipricegroup.com/media/homepage/MY_womenfashion.jpg,,1234,category-carousel,items,,,,
,,,,,,,,,,brand-name,name,url,image-url,main-url
,,,,,,,,,TRUE,Louis Vuitton,Bags,https://iprice.my/louis-vuitton/bags/women/,https://p.ipricegroup.com/2e7847e3a40e66a50aad132fb73950d5761faeb6_0.jpg,/louis-vuitton/bags/
,,,,,,,,,TRUE,Coach,Bags,https://iprice.my/coach/bags/women/,https://p.ipricegroup.com/03f0dbef150e9dabe20d671f9c7c54ac5f02d1ce_0.jpg,/coach/bags/
,,,,,,,,,TRUE,Swarovski,Jewellery,https://iprice.my/swarovski/jewellery/women/,https://p.ipricegroup.com/755ca779d3fdcd8fd415a6898931470b57c538f4_0.jpg,/swarovski/jewellery/
,,,,,,,,,TRUE,BONIA,Bags,https://iprice.my/bonia/bags/women/,https://p.ipricegroup.com/1f88355c3ffb1c0a2dc2296082401021aa809e56_0.jpg,/bonia/bags/
,,,,,,,,,TRUE,Vincci,Shoes,https://iprice.my/vincci/shoes/women/,https://p.ipricegroup.com/6323e5d18a28a72bf96ed109257c92442b154f1d_0.jpg,/vincci/shoes/
,,,,,,,,,FALSE,Poh Kong,Jewellery,,,/poh-kong/jewellery/
,,,,,,,,,FALSE,HLA,Clothing,,,/hla/clothing/
,,,,,,,,,TRUE,Alexandre Christie,Watches,https://iprice.my/alexandre-christie/watches/women/,https://p.ipricegroup.com/0ffd0fa1d4643ed5005f4f9009c0d86665f703bd_0.jpg,/alexandre-christie/watches/
,,,,,,,,,TRUE,FILA,Shoes,https://iprice.my/fila/shoes/women/,https://p.ipricegroup.com/1f1c2f0abc7f68176614aa9e17e27c02ec980d0c_0.jpg,/fila/shoes/
,,,,,,,,,FALSE,Charles & Keith,Bags,,,/charles-keith/bags/
,,,,,,,,,FALSE,Pandora,Jewellery,,,/pandora/jewellery/
,,,,,,,,,TRUE,Longchamp,Bags,https://iprice.my/longchamp/bags/women/,https://p.ipricegroup.com/b94e2ea1c13f605d967725dc49dd50fef7c4f218_0.jpg,/longchamp/bags/
,,,,,,,,,TRUE,Vincci,Bags,https://iprice.my/vincci/bags/women/,https://p.ipricegroup.com/92d13b31908cf777b17ae3edc670f4b27b189f5f_0.jpg,/vincci/bags/
,,,,,,,,,TRUE,BONIA,Watches,https://iprice.my/bonia/watches/women/,https://p.ipricegroup.com/fb83ea8b736b2a828d12558cebf03020d657f03f_0.jpg,/bonia/watches/
,,,,,,,,,TRUE,Furla,Bags,https://iprice.my/furla/bags/women/,https://p.ipricegroup.com/2733161bb1281317fa49f351bf4cfd45630cea0e_0.jpg,/furla/bags/
,,,,,,,,,TRUE,Burberry,Bags,https://iprice.my/burberry/bags/women/,https://p.ipricegroup.com/4354b1c0e4b7cec2c836a69c05228b6baeeca57f_0.jpg,/burberry/bags/
,,,,,,,,,TRUE,Tiffany & Co.,Jewellery,https://iprice.my/tiffany-co/jewellery/women/,https://p.ipricegroup.com/773ae1fcdb381dd95d537e13f3c4470485fde7fd_0.jpg,/tiffany-co/jewellery/
,,,,,,,,,TRUE,Mcm,Bags,https://iprice.my/mcm/bags/women/,https://p.ipricegroup.com/a0f805ad1b908ffaa051e563305e9f67dd6a972c_0.jpg,/mcm/bags/
,,,,,,,,,TRUE,Cerruti 1881,Watches,https://iprice.my/cerruti-1881/watches/women/,https://p.ipricegroup.com/c0b471229cc097e410fd09b40de70421b6c9e48f_0.jpg,/cerruti-1881/watches/
,,,,,,,,,TRUE,Tomei,Jewellery,https://iprice.my/tomei/jewellery/women/,https://p.ipricegroup.com/46148c7070272f3684bcedb9622a24467b7fb6ee_0.jpg,/tomei/jewellery/
,,,,,,,,,TRUE,Alba,Watches,https://iprice.my/alba/watches/women/,https://p.ipricegroup.com/4d309bbaa0b47f2806194920232acc6e5604dc83_0.jpg,/alba/watches/
,,,,,,,,,TRUE,Nike,Shoes,https://iprice.my/nike/shoes/women/,https://p.ipricegroup.com/d55887bdfe3c063d0c9229c1a655dcec56778f7c_0.jpg,/nike/shoes/
PLP-FA-Brand-Carousel,section5_brand,link,Popular Fashion Brands,,,items,,,,,,,,
,,,,,,name,image-url,url,,,,,,
,,,,,,Sephora,https://a.ipricegroup.com/brand/sephora.jpg,/sephora/,,,,,,
,,,,,,Charles & Keith,https://a.ipricegroup.com/brand/charles-keith.jpg,/charles-keith/,,,,,,
,,,,,,adidas,https://a.ipricegroup.com/media/Zach__2_/adidas.png,/adidas/,,,,,,
,,,,,,Uniqlo,https://iprice-production-assets.s3.ap-southeast-1.amazonaws.com/brand/uniqlo.jpg,/uniqlo/,,,,,,
,,,,,,Nike,https://iprice-production-assets.s3-ap-southeast-1.amazonaws.com/brand/nike.jpg,/nike/,,,,,,
,,,,,,Vincci,https://a.ipricegroup.com/media/Zach__2_/vincci.png,/vincci/,,,,,,
,,,,,,BONIA,https://iprice-production-assets.s3-ap-southeast-1.amazonaws.com/brand/bonia.jpg,/bonia/,,,,,,
,,,,,,Longchamp,https://iprice-production-assets.s3.ap-southeast-1.amazonaws.com/brand/longchamp.jpg,/longchamp/,,,,,,
,,,,,,FILA,https://a.ipricegroup.com/brand/fila.jpg,/fila/,,,,,,
,,,,,,H&M,https://iprice-production-assets.s3-ap-southeast-1.amazonaws.com/brand/h-m.jpg,/h-m/,,,,,,
,,,,,,spao,https://iprice-production-assets.s3.ap-southeast-1.amazonaws.com/brand/spao.jpg,/spao/,,,,,,
,,,,,,Coach,https://a.ipricegroup.com/brand/coach.jpg,/coach/,,,,,,
,,,,,,Carlo Rino,https://iprice-production-assets.s3-ap-southeast-1.amazonaws.com/brand/carlo-rino.jpg,/carlo-rino/,,,,,,
,,,,,,The Body Shop,https://iprice-production-assets.s3.ap-southeast-1.amazonaws.com/brand/the-body-shop.jpg,/the-body-shop/,,,,,,
,,,,,,Zara,https://a.ipricegroup.com/brand/zara.jpg,/zara/,,,,,,
,,,,,,Victoria's Secret,https://a.ipricegroup.com/brand/victorias-secret.jpg,/victorias-secret/,,,,,,
,,,,,,Swatch,https://iprice-production-assets.s3.ap-southeast-1.amazonaws.com/brand/swatch.jpg,/swatch/,,,,,,
,,,,,,G2000,https://iprice-production-assets.s3-ap-southeast-1.amazonaws.com/brand/g2000.jpg,/g2000/,,,,,,
,,,,,,Barry Smith,https://iprice-production-assets.s3-ap-southeast-1.amazonaws.com/brand/barry-smith.jpg,/barry-smith/,,,,,,
,,,,,,Fossil,https://a.ipricegroup.com/media/Zach__2_/fossil.png,/fossil/,,,,,,
PLP-FA-Category-Carousel,section12,product-carousel,,,,,,,,,,,,
,,,,,,items,,,,,,,,
,,,,,,name,image-url,url,,,,,,
,,,,,,Womens' Clothing,https://a.ipricegroup.com/media/homepage/Icon_v2/Womens_Clothing.png,https://iprice.my/clothing/women/,items1,,,,,
,,,,,,,,,name,url,,,,
,,,,,,,,,Dresses,https://iprice.my/clothing/women/dresses/,,,,
,,,,,,,,,Tops ,https://iprice.my/clothing/women/tops/,,,,
,,,,,,,,,Baju Kebaya,https://iprice.my/clothing/traditional/baju-kebaya/,,,,
,,,,,,,,,Baju Kurung,https://iprice.my/clothing/traditional/baju-kurung/,,,,
,,,,,,,,,Baju Kurung Moden,https://iprice.my/clothing/traditional/baju-kurung/moderns/,,,,
,,,,,,,,,Jeans ,https://iprice.my/clothing/women/jeans/,,,,
,,,,,,,,,Skirts ,https://iprice.my/clothing/women/skirts/,,,,
,,,,,,,,,Pants ,https://iprice.my/clothing/women/pants/,,,,
,,,,,,,,,Evening Dress Malaysia Online ,https://iprice.my/clothing/women/dresses/evening-gown/,,,,
,,,,,,,,,Swimwear ,https://iprice.my/clothing/women/swimwear/,,,,
,,,,,,,,,Sportswear ,https://iprice.my/clothing/women/sportswear/,,,,
,,,,,,,,,Lingerie ,https://iprice.my/clothing/women/underwear/lingerie/,,,,
,,,,,,,,,Baju Raya 2018,https://iprice.my/baju-raya/,,,,
,,,,,,Womens' shoes,https://a.ipricegroup.com/media/homepage/Icon_v2/Womens_Shoes.png,https://iprice.my/shoes/women,items1,,,,,
,,,,,,,,,name,url,,,,
,,,,,,,,,Boots ,https://iprice.my/shoes/women/boots/,,,,
,,,,,,,,,Flats ,https://iprice.my/shoes/women/flats/,,,,
,,,,,,,,,High Heels ,https://iprice.my/shoes/women/high-heels/,,,,
,,,,,,,,,Sneakers ,https://iprice.my/shoes/women/sneakers/,,,,
,,,,,,,,,Sports ,https://iprice.my/shoes/women/sports/,,,,
,,,,,,,,,Boat Shoes ,https://iprice.my/shoes/women/boat/,,,,
,,,,,,,,,Sandals ,https://iprice.my/shoes/women/sandals/,,,,
,,,,,,,,,Brogue Shoes ,https://iprice.my/shoes/women/brogues/,,,,
,,,,,,,,,Wedges ,https://iprice.my/shoes/women/wedges/,,,,
,,,,,,Mens' clothing,https://a.ipricegroup.com/media/homepage/Icon_v2/Mans_Clothing.png,https://iprice.my/clothing/men/,items1,,,,,
,,,,,,,,,name,url,,,,
,,,,,,,,,Jackets ,https://iprice.my/clothing/men/jackets/,,,,
,,,,,,,,,Formal Wear ,https://iprice.my/clothing/men/formal-wear/,,,,
,,,,,,,,,Jeans ,https://iprice.my/clothing/men/jeans/,,,,
,,,,,,,,,Shirts ,https://iprice.my/clothing/men/shirts/,,,,
,,,,,,,,,Pants ,https://iprice.my/clothing/men/pants/,,,,
,,,,,,,,,Baju Melayu,https://iprice.my/clothing/traditional/baju-melayu/,,,,
,,,,,,,,,Short Pants ,https://iprice.my/clothing/men/shorts/,,,,
,,,,,,,,,Sportswear ,https://iprice.my/clothing/men/sportswear/,,,,
,,,,,,,,,T-Shirts ,https://iprice.my/clothing/men/t-shirts/,,,,
,,,,,,,,,Polo Shirts ,https://iprice.my/clothing/men/polo-shirts/,,,,
,,,,,,,,,Sunglasses ,https://iprice.my/clothing/men/sunglasses/,,,,
,,,,,,Mens' shoes,https://a.ipricegroup.com/media/homepage/Icon_v2/Mans_Shoes.png,https://iprice.my/shoes/men/,items1,,,,,
,,,,,,,,,name,url,,,,
,,,,,,,,,Boots ,https://iprice.my/shoes/men/boots/,,,,
,,,,,,,,,Sneakers ,https://iprice.my/shoes/men/sneakers/,,,,
,,,,,,,,,Loafers ,https://iprice.my/shoes/men/loafers/,,,,
,,,,,,,,,Flip Flops ,https://iprice.my/shoes/men/flip-flops/,,,,
,,,,,,,,,Sports ,https://iprice.my/shoes/men/sports/,,,,
,,,,,,,,,Running Shoes ,https://iprice.my/shoes/men/sports/running,,,,
,,,,,,,,,Sandals ,https://iprice.my/shoes/men/sandals/,,,,
,,,,,,Bags,https://a.ipricegroup.com/media/homepage/Icon_v2/Bags.png,https://iprice.my/bags/,items1,,,,,
,,,,,,,,,name,url,,,,
,,,,,,,,,Backpacks,https://iprice.my/bags/backpacks/,,,,
,,,,,,,,,Wallets,https://iprice.my/bags/wallets/,,,,
,,,,,,,,,Tote Bags,https://iprice.my/bags/handbags/tote/,,,,
,,,,,,,,,Clutch Bags,https://iprice.my/bags/handbags/clutches/,,,,
,,,,,,,,,Sling Bags,https://iprice.my/bags/sling/,,,,
,,,,,,,,,Handbag,https://iprice.my/bags/women/handbags/,,,,
,,,,,,,,,Duffel Bags,https://iprice.my/bags/duffel/,,,,
,,,,,,,,,Briefcases,https://iprice.my/bags/briefcases/,,,,
,,,,,,,,,Luggage,https://iprice.my/bags/travel/luggage/,,,,
,,,,,,,,,Waist Bags,https://iprice.my/bags/waist/,,,,
,,,,,,Jewellery,https://a.ipricegroup.com/media/homepage/Icon_v2/Jewellery.png,https://iprice.my/jewellery/,items1,,,,,
,,,,,,,,,name,url,,,,
,,,,,,,,,Rings,https://iprice.my/jewellery/rings/,,,,
,,,,,,,,,Bracelets,https://iprice.my/jewellery/bracelets/,,,,
,,,,,,,,,Charms,https://iprice.my/jewellery/charms/,,,,
,,,,,,,,,Necklaces,https://iprice.my/jewellery/necklaces/,,,,
,,,,,,,,,Earrings,https://iprice.my/jewellery/earrings/,,,,
,,,,,,,,,Cufflinks,https://iprice.my/jewellery/cufflinks/,,,,
,,,,,,,,,Beads,https://iprice.my/jewellery/beads/,,,,
,,,,,,,,,Brooches,https://iprice.my/jewellery/brooches/,,,,
,,,,,,,,,Jewellery Sets,https://iprice.my/jewellery/sets/,,,,
,,,,,,,,,Jewellery Accessories,https://iprice.my/jewellery/accessories/,,,,
,,,,,,Watches,https://a.ipricegroup.com/media/homepage/Icon_v2/Watches_v2.png,https://iprice.my/watches/,items1,,,,,
,,,,,,,,,name,url,,,,
,,,,,,,,,Watches,https://iprice.my/watches/women/,,,,
,,,,,,,,,Watches,https://iprice.my/watches/men/,,,,
,,,,,,,,,Sport Watches,https://iprice.my/watches/sports/,,,,
,,,,,,,,,Digital Watches,https://iprice.my/watches/digital/,,,,
,,,,,,,,,Chronograph Watches,https://iprice.my/watches/chronograph/,,,,
,,,,,,,,,Analogue Watches,https://iprice.my/watches/analogue/,,,,
,,,,,,,,,Luxury Watches,https://iprice.my/watches/luxury/,,,,
PLP-HB-BrandCategory-Carousel,section13,fashion-panel,Shop Health & Beauty,,,items,,,,,,,,
,,,,,,brand-name,name,image-url,url,,,,,
,,,,,,CHANEL,Makeup,https://p.ipricegroup.com/a8ac47d73a849f37ae64d1b42c12efdca5fe800b_0.jpg,https://iprice.my/chanel/makeup/,,,,,
,,,,,,Appeton,Weight Gains Supplements,https://p.ipricegroup.com/25c5bb6a15c7a8f7a309f9b6624a906eb6084552_0.jpg,https://iprice.my/appeton/supplements/weight-gains/,,,,,
,,,,,,Dior,Perfume,https://p.ipricegroup.com/e79dcab42b417198033572a22f804a66d21e2bd5_0.jpg,https://iprice.my/dior/perfume/,,,,,
,,,,,,CHANEL,Perfume,https://p.ipricegroup.com/33ae78318e7167a558a6ce56d5e21db89d4d812f_0.jpg,https://iprice.my/chanel/perfume/,,,,,
,,,,,,CHANEL,Makeup,https://p.ipricegroup.com/a8ac47d73a849f37ae64d1b42c12efdca5fe800b_0.jpg,https://iprice.my/chanel/makeup/,,,,,
,,,,,,Dior,Makeup,https://p.ipricegroup.com/548317ee2b711dd78f67b931e876f56f745042ab_0.jpg,https://iprice.my/dior/makeup,,,,,
,,,,,,CHANEL,Lipsticks,https://p.ipricegroup.com/8cc83538f4699b0fc6ba514baa105f0606dfc9cc_0.jpg,https://iprice.my/chanel/makeup/lips/lipsticks,,,,,
,,,,,,Jo Malone,Perfume,https://p.ipricegroup.com/9d66fbb6ec31c3a86edc7b2df6168100f53bde34_0.jpg,https://iprice.my/jo-malone/perfume,,,,,
,,,,,,Calvin Klein,Perfume,https://p.ipricegroup.com/ef0d1f994d99701833f05c03078f8e8a7183cd05_0.jpg,https://iprice.my/calvin-klein/perfume/,,,,,
,,,,,,Gucci,Perfume,https://p.ipricegroup.com/127039bb8abbd8ef1227abb996e219531e663629_0.jpg,https://iprice.my/gucci/perfume/,,,,,
,,,,,,BVLGARI,Perfume,https://p.ipricegroup.com/60816bf748e93aee7d8128d0d48c52d36a416ddc_0.jpg,https://iprice.my/bvlgari/perfume/,,,,,
,,,,,,Bath & Body Works,Perfume,https://p.ipricegroup.com/8acd4b44b0679d170317dc5a141be391d7202f7e_0.jpg,https://iprice.my/bath-body-works/perfume/,,,,,
,,,,,,HUGO BOSS,Perfume,https://p.ipricegroup.com/86e205f2ba2b48bf13fad839453b33691756fedb_0.jpg,https://iprice.my/hugo-boss/perfume/,,,,,
,,,,,,DKNY,Perfume,https://p.ipricegroup.com/8a4e72d216b3909abc5eae02dcdbda8b0125231e_0.jpg,https://iprice.my/dkny/perfume/,,,,,
,,,,,,Atomy,Skin Care,https://p.ipricegroup.com/a2bb8422d5d92fe2ef12d150f37afbda129943bc_0.jpg,https://iprice.my/atomy/skin-care/,,,,,
,,,,,,CHANEL,Skin Care,https://p.ipricegroup.com/d5fc70c74670a4c7e135e048b97db2e60c89b900_0.jpg,https://iprice.my/chanel/skin-care/,,,,,
,,,,,,Dior,Skin Care,https://p.ipricegroup.com/59e655bb5e1514752ae99fde3cbe532d8e9c7758_0.jpg,https://iprice.my/dior/skin-care/,,,,,
,,,,,,TOM FORD,Perfume,https://p.ipricegroup.com/e39c7794cd83238e638ac37b5894080b29cf33b1_0.jpg,https://iprice.my/tom-ford/perfume/,,,,,
PLP-HB-Brand-Carousel,section13_brand,link,,,,items,,,,,,,,
,,,,,,name,image-url,url,,,,,,
,,,,,,Bath & Body Works,https://a.ipricegroup.com/brand/bath-body-works.jpg,https://iprice.my/bath-body-works/,,,,,,
,,,,,,Jo Malone,https://a.ipricegroup.com/brand/jo-malone.jpg,https://iprice.my/jo-malone/,,,,,,
,,,,,,ALHA ALFA COSMETIC,https://a.ipricegroup.com/brand/alha-alfa-cosmetic.jpg,https://iprice.my/alha-alfa-cosmetic/,,,,,,
,,,,,,MUJI,https://a.ipricegroup.com/brand/muji.jpg,https://iprice.my/muji/,,,,,,
,,,,,,Victoria's Secret,https://a.ipricegroup.com/brand/victorias-secret.jpg,https://iprice.my/victorias-secret/,,,,,,
,,,,,,LUSH,https://a.ipricegroup.com/brand/lush.jpg,https://iprice.my/lush/,,,,,,
,,,,,,Nars Cosmetics,https://a.ipricegroup.com/brand/nars.jpg,https://iprice.my/nars-cosmetics/,,,,,,
,,,,,,JOHNSON SUISSE,https://a.ipricegroup.com/brand/johnson-suisse.jpg,https://iprice.my/johnson-suisse/,,,,,,
,,,,,,Yves Saint Laurent,https://a.ipricegroup.com/brand/yves-saint-laurent.jpg,https://iprice.my/yves-saint-laurent/,,,,,,
,,,,,,SK-II,https://a.ipricegroup.com/media/Zach__2_/sk-ii.png,https://iprice.my/sk-ii/,,,,,,
,,,,,,Montblanc,https://a.ipricegroup.com/brand/montblanc.jpg,https://iprice.my/montblanc/,,,,,,
,,,,,,colourpop,https://a.ipricegroup.com/brand/colourpop.jpg,https://iprice.my/colourpop/,,,,,,
,,,,,,Dior,https://a.ipricegroup.com/media/Zach__2_/dior.png,https://iprice.my/dior/,,,,,,
,,,,,,Atomy,https://a.ipricegroup.com/brand/atomy.jpg,https://iprice.my/atomy/,,,,,,
,,,,,,Tiffany Co,https://a.ipricegroup.com/media/tiffany.png,https://iprice.my/tiffany-co/,,,,,,
,,,,,,Bobbi Brown,https://a.ipricegroup.com/brand/bobbi-brown.jpg,https://iprice.my/bobbi-brown/,,,,,,
,,,,,,Bioaqua,https://a.ipricegroup.com/brand/bioaqua.jpg,https://iprice.my/bioaqua/,,,,,,
,,,,,,Chanel,https://a.ipricegroup.com/media/Zach__2_/chanel.png,https://iprice.my/chanel/,,,,,,
,,,,,,watsons,https://a.ipricegroup.com/brand/watsons.jpg,https://iprice.my/watsons/,,,,,,
,,,,,,Sephora,https://a.ipricegroup.com/brand/sephora.jpg,https://iprice.my/sephora/,,,,,,
PLP-HB-Category-Carousel,section14,product-carousel,,,,,,,,,,,,
,,,,,,items,,,,,,,,
,,,,,,name,image-url,url,,,,,,
,,,,,,Skin Care,https://a.ipricegroup.com/media/homepage/Icon_v2/Skin_Care.png,https://iprice.my/skin-care/,items1,,,,,
,,,,,,,,,name,url,,,,
,,,,,,,,,Face Skin Care,https://iprice.my/skin-care/face/,,,,
,,,,,,,,,Hand Care,https://iprice.my/skin-care/hand/,,,,
,,,,,,,,,Eye Skin Care,https://iprice.my/skin-care/eyes/,,,,
,,,,,,,,,Foot Care,https://iprice.my/skin-care/foot/,,,,
,,,,,,Eyecare,https://a.ipricegroup.com/media/homepage/Icon_v2/Eye_Care.png,https://iprice.my/eyecare/,items1,,,,,
,,,,,,,,,name,url,,,,
,,,,,,,,,Glasses,https://iprice.my/eyecare/glasses/,,,,
,,,,,,,,,Contact Lenses,https://iprice.my/eyecare/contact-lenses/,,,,
,,,,,,,,,Eye Drops,https://iprice.my/eyecare/eye-drops/,,,,
,,,,,,Dental Care,https://a.ipricegroup.com/media/homepage/Icon_v2/Dental_Care.png,https://iprice.my/dental-care/,items1,,,,,
,,,,,,,,,name,url,,,,
,,,,,,,,,Toothbrushes,https://iprice.my/dental-care/toothbrushes/,,,,
,,,,,,,,,Toothpastes,https://iprice.my/dental-care/toothpastes/,,,,
,,,,,,,,,Flosses,https://iprice.my/dental-care/flosses/,,,,
,,,,,,,,,Mouthwash,https://iprice.my/dental-care/mouthwash/,,,,
,,,,,,,,,Dental Care Accessories,https://iprice.my/dental-care/accessories/,,,,
,,,,,,Makeup,https://a.ipricegroup.com/media/homepage/Icon_v2/Make_Up.png,https://iprice.my/makeup/,items1,,,,,
,,,,,,,,,name,url,,,,
,,,,,,,,,Lip Makeup,https://iprice.my/makeup/lips/,,,,
,,,,,,,,,Face Makeup,https://iprice.my/makeup/face/,,,,
,,,,,,,,,Makeup Accessories,https://iprice.my/makeup/accessories/,,,,
,,,,,,,,,Eye Makeup,https://iprice.my/makeup/eyes/,,,,
,,,,,,,,,Wigs,https://iprice.my/makeup/wigs/,,,,
,,,,,,,,,Set,https://iprice.my/makeup/set/,,,,
,,,,,,,,,Setting Sprays,https://iprice.my/makeup/setting-sprays/,,,,
,,,,,,,,,Makeup Removers,https://iprice.my/makeup/removers/,,,,
,,,,,,,,,Makeup Sets,https://iprice.my/makeup/sets/,,,,
,,,,,,Perfume,https://a.ipricegroup.com/media/homepage/Icon_v2/Perfume.png,https://iprice.my/perfume/,items1,,,,,
,,,,,,,,,name,url,,,,
,,,,,,,,,Eau De Toilette,https://iprice.my/perfume/eau-de-toilette/,,,,
,,,,,,,,,Eau De Parfum,https://iprice.my/perfume/eau-de-parfum/,,,,
,,,,,,,,,Eau De Cologne,https://iprice.my/perfume/eau-de-cologne/,,,,
,,,,,,Hair Care,https://a.ipricegroup.com/media/homepage/Icon_v2/Hair_Care.png,https://iprice.my/hair-care/,items1,,,,,
,,,,,,,,,name,url,,,,
,,,,,,,,,Hair Styling,https://iprice.my/hair-care/styling/,,,,
,,,,,,,,,Hair Treatments,https://iprice.my/hair-care/treatments/,,,,
,,,,,,,,,Hair Colours,https://iprice.my/hair-care/colouring/,,,,
,,,,,,,,,Shampoos,https://iprice.my/hair-care/shampoos/,,,,
,,,,,,,,,Hair Conditioners,https://iprice.my/hair-care/conditioners/,,,,
,,,,,,Bath & Body,https://a.ipricegroup.com/media/homepage/Icon_v2/Bath_and_Body_.png,https://iprice.my/bath-body/,items1,,,,,
,,,,,,,,,name,url,,,,
,,,,,,,,,Body Oils,https://iprice.my/bath-body/oils/,,,,
,,,,,,,,,Body Lotions,https://iprice.my/bath-body/lotions/,,,,
,,,,,,,,,Shower,https://iprice.my/bath-body/shower/,,,,
,,,,,,,,,Body Mists,https://iprice.my/bath-body/mists/,,,,
,,,,,,,,,Hair Removal,https://iprice.my/bath-body/hair-removal/,,,,
,,,,,,,,,Body Massagers,https://iprice.my/bath-body/massagers/,,,,
,,,,,,,,,Deodorants,https://iprice.my/bath-body/deodorants/,,,,
,,,,,,,,,Accessories,https://iprice.my/bath-body/accessories/,,,,
,,,,,,,,,Slimming,https://iprice.my/bath-body/slimming/,,,,
,,,,,,,,,Slimming,https://iprice.my/bath-body/slimming/,,,,
,,,,,,,,,Feminine Hygiene,https://iprice.my/bath-body/feminine-hygiene/,,,,
,,,,,,,,,Massage Chairs,https://iprice.my/bath-body/massage-chairs/,,,,
,,,,,,Supplements,https://a.ipricegroup.com/media/homepage/Icon_v2/Supplement.png,https://iprice.my/supplements/,items1,,,,,
,,,,,,,,,name,url,,,,
,,,,,,,,,Vitamins,https://iprice.my/supplements/vitamins/,,,,
,,,,,,,,,Dietary Supplements,https://iprice.my/supplements/dietary/,,,,
,,,,,,,,,Chia Seeds,https://iprice.my/supplements/chia-seeds/,,,,
,,,,,,,,,Collagen Supplements,https://iprice.my/supplements/collagen/,,,,
,,,,,,,,,Minerals Supplements,https://iprice.my/supplements/minerals/,,,,
,,,,,,,,,Antioxidant Supplements,https://iprice.my/supplements/antioxidants/,,,,
,,,,,,,,,Weight Loss Supplements,https://iprice.my/supplements/weight-loss/,,,,
,,,,,,Shaving Supplies,https://a.ipricegroup.com/media/homepage/Icon_v2/Shaving_Supplies.png,https://iprice.my/shaving-supplies/,items1,,,,,
,,,,,,,,,name,url,,,,
,,,,,,,,,Trimmers & Clippers,https://iprice.my/shaving-supplies/trimmers-clippers/,,,,
,,,,,,,,,After Shave,https://iprice.my/shaving-supplies/after-shave/,,,,
,,,,,,,,,Shaving Creams,https://iprice.my/shaving-supplies/creams/,,,,
,,,,,,,,,Razor Blades,https://iprice.my/shaving-supplies/razor-blades/,,,,
,,,,,,,,,Razors,https://iprice.my/shaving-supplies/razors/,,,,
,,,,,,,,,Shaving Gels,https://iprice.my/shaving-supplies/gels/,,,,
,,,,,,Medical Supplies,https://a.ipricegroup.com/media/homepage/Icon_v2/Medical_Supplies.png,https://iprice.my/medical-supplies/,items1,,,,,
,,,,,,,,,name,url,,,,
,,,,,,,,,Weighing Scales,https://iprice.my/medical-supplies/scale/,,,,
,,,,,,,,,Blood Pressure,https://iprice.my/medical-supplies/blood-pressure/,,,,
,,,,,,,,,Lumbar Support,https://iprice.my/medical-supplies/lumbar-support/,,,,
,,,,,,,,,First Aid,https://iprice.my/medical-supplies/first-aid/,,,,
,,,,,,,,,Injury Support,https://iprice.my/medical-supplies/injury-support/,,,,
,,,,,,,,,Personal Pleasure,https://iprice.my/medical-supplies/personal-pleasure/,,,,
,,,,,,,,,Thermometers,https://iprice.my/medical-supplies/thermometers/,,,,
,,,,,,,,,Blood Glucose,https://iprice.my/medical-supplies/blood-glucose/,,,,
,,,,,,,,,Wheel Chairs,https://iprice.my/medical-supplies/wheel-chairs/,,,,
,,,,,,,,,Body Fat Analyzers,https://iprice.my/medical-supplies/body-fat-analyzers/,,,,
,,,,,,,,,Nebulizers & Aspirators,https://iprice.my/medical-supplies/nebulizers-aspirators/,,,,
,,,,,,,,,Commode Chairs,https://iprice.my/medical-supplies/commode-chairs/,,,,
,,,,,,,,,Fertility Tests,https://iprice.my/medical-supplies/fertility-tests/,,,,
,,,,,,,,,Ripple Mattresses,https://iprice.my/medical-supplies/ripple-mattresses/,,,,
,,,,,,,,,Medical Beds,https://iprice.my/medical-supplies/medical-beds/,,,,
PDP-HB-Carousel,section2,product-carousel,,,,items,,,,,,,,
,,,,,,name,price,store-count,image-url,url,,,,
,,,,,,Maybelline Superstay 24hr Foundation,RM 35.30,3,https://p.ipricegroup.com/b1ffb2d6968e07279d8193ab83410ccbed00db12_0.jpg,/compare/maybelline-superstay-24hr-foundation/,,,,
,,,,,,Bath & Body Works Fine Fragrance Mist,RM 54.90,2,https://p.ipricegroup.com/uploaded_b3ac7f00461c60a52be6252af0906c03.jpg,/compare/bath-body-works-fine-fragrance-mist/,,,,
,,,,,,LANEIGE Water Sleeping Mask,RM 4.50,9,https://p.ipricegroup.com/uploaded_ce9a80bbc9c4fbca299292e483ca7ca8.jpg,/compare/laneige-water-sleeping-mask/,,,,
,,,,,,Innisfree It's Real Squeeze Mask,RM 8.50,10,https://p.ipricegroup.com/uploaded_cc8b54d94b9f01668078d79b84920f58.jpg,/compare/innisfree-its-real-squeeze-mask/,,,,
,,,,,,Kiehl's Clearly Corrective Dark Spot Solution,RM 37.50,5,https://p.ipricegroup.com/cc5d44639d854e7bb21daf193cb86e943dc2d2b0_0.jpg,/compare/kiehls-clearly-corrective-dark-spot-solution/,,,,
,,,,,,Nature Republic Aloe Vera,RM 50.60,7,https://p.ipricegroup.com/a4553b11cdc99daadab5cf5fa5f8569f2b55f7a9_0.jpg,/compare/nature-republic-aloe-vera/,,,,
,,,,,,Maybelline Fit Me Foundation Matte Poreless,RM 29.00,5,https://p.ipricegroup.com/uploaded_e8dddad35747641d0a61e4b2e37d7e0f.jpg,/compare/maybelline-fit-me-foundation-matte-poreless/,,,,
,,,,,,SK-II Facial Treatment Essence,RM 24.40,8,https://p.ipricegroup.com/d844e804d1d1002e0464ec5add127ca6142cd358_0.jpg,/compare/sk-ii-facial-treatment-essence/,,,,
,,,,,,Bath & Body Works Shower Gel,RM 45.00,2,https://p.ipricegroup.com/uploaded_c7fca03424f729d28500d757d913f54b.jpg,/compare/bath-body-works-shower-gel/,,,,
,,,,,,LANEIGE Lip Sleeping Mask,RM 9.90,10,https://p.ipricegroup.com/uploaded_35f0b52a9e2158029fb2dd07954857ab.jpg,/compare/laneige-lip-sleeping-mask/,,,,
,,,,,,Colourpop Ultra Matte Lip,RM 17.00,4,https://p.ipricegroup.com/uploaded_2545f649188cee61d3de47979b810053.jpg,/compare/colourpop-ultra-matte-lip/,,,,
,,,,,,Versace Bright Crystal Absolu,RM 18.00,11,https://p.ipricegroup.com/2ba832228c9b913ea77432f594eb41bf316ab7d3_0.jpg,/compare/versace-bright-crystal-absolu/,,,,
,,,,,,AVON Simply Pretty Colour Magic Lipstick,RM 6.50,2,https://p.ipricegroup.com/dd2429167044395489cd650d959b9f5dca01965a_0.jpg,/compare/avon-simply-pretty-colour-magic-lipstick/,,,,
,,,,,,Laura Mercier Loose Setting Powder,RM 100.00,7,https://p.ipricegroup.com/uploaded_4a2ecdbf034d40bedf803a695c9652a7.jpg,/compare/laura-mercier-loose-setting-powder/,,,,
,,,,,,M.A.C Matte Lipstick,RM 71.00,6,https://p.ipricegroup.com/uploaded_b74672cbcfc7107400ee9e06e2b781f3.jpg,/compare/mac-matte-lipstick/,,,,
,,,,,,Amway Glister Mint Refresher Spray,RM 21.00,2,https://p.ipricegroup.com/2e3fc4537c1129f035475ced40e4a984468848de_0.jpg,/compare/amway-glister-mint-refresher-spray/,,,,
,,,,,,AVON Simply Pretty Colour Magic Lipstick Chameleon Cherry,RM 10.80,1,https://p.ipricegroup.com/3fe9099d5b60dc0f92ed12a46df634612ba17c21_0.jpg,/compare/avon-simply-pretty-colour-magic-lipstick-chameleon-cherry/,,,,
,,,,,,Colourpop I Think I Love You,RM 35.50,2,https://p.ipricegroup.com/uploaded_a821d982c3893bdd166cea01f9b86cb0.jpg,/compare/colourpop-i-think-i-love-you/,,,,
,,,,,,Pixi Glow Tonic,RM 53.40,8,https://p.ipricegroup.com/uploaded_c957dca5355687f948c583713364ec2d.jpg,/compare/pixi-glow-tonic/,,,,
,,,,,,Colourpop Fem Rosa,RM 35.50,1,https://p.ipricegroup.com/uploaded_aa5dd3a0cf97be1b08c88538bc1cd478.jpg,/compare/colourpop-fem-rosa/,,,,
PDP-HB-SeeMore,section2,product-carousel,,,,items,,,,,,,,
,,,,,,name,image-url,url,,,,,,
,,,,,,LANEIGE Skin Veil Base EX,https://p.ipricegroup.com/778cfe04636bc5add8a813735a4e898de49c39f7_0.jpg,/compare/laneige-skin-veil-base-ex/,,,,,,
,,,,,,Laura Mercier Loose Setting Powder,https://p.ipricegroup.com/uploaded_4a2ecdbf034d40bedf803a695c9652a7.jpg,/compare/laura-mercier-loose-setting-powder/,,,,,,
,,,,,,SK-II STEMPOWER Cream,https://p.ipricegroup.com/23424edebbbcc420681162110213f50eaa8ad909_0.jpg,/compare/sk-ii-stempower-cream/,,,,,,
,,,,,,Innisfree The Green tea Seed Serum,https://p.ipricegroup.com/uploaded_ad17f2da5605d947b7d38f8dd79aaf40.jpg,/compare/innisfree-the-green-tea-seed-serum/,,,,,,
,,,,,,3CE Lip Lacquer,https://p.ipricegroup.com/221d0acffd1c66ac0f424bfae2652c8feef57d45_0.jpg,/compare/3ce-lip-lacquer/,,,,,,
,,,,,,AVON Glimmerstick Eye Liner,https://p.ipricegroup.com/c84be5271c68b5816c2dce2929609901ff761394_0.jpg,/compare/avon-glimmerstick-eye-liner/,,,,,,
,,,,,,AVON Simply Pretty Metallic Liquid Eyeliner,https://p.ipricegroup.com/955e105becaf89df022674ad84ff28fb62e45d62_0.jpg,/compare/avon-simply-pretty-metallic-liquid-eyeliner/,,,,,,
,,,,,,EverSoft Skinz Uv White,https://p.ipricegroup.com/35f33ed53fe8d5a0c409cc0076c64d04fc09facc_0.jpg,/compare/eversoft-skinz-uv-white/,,,,,,
,,,,,,Innisfree Real Fit Velvet Lipstick,https://p.ipricegroup.com/uploaded_3e51eb4e44dc5b47756288b75c7d71f1.jpg,/compare/innisfree-real-fit-velvet-lipstick/,,,,,,
,,,,,,Innisfree Super Volcanic Pore Clay Mask,https://p.ipricegroup.com/3755c795b3873abce5ec014292f45fe38d314774_0.jpg,/compare/innisfree-super-volcanic-pore-clay-mask/,,,,,,
PDP-PLP-SeeMore,section10,link,More Products,1234,1234,items,,,,,,,,
,,,,,,name,image-url,url,,,,,,
,,,,,,Huawei Nova 2i,https://p.ipricegroup.com/uploaded_28e85dcc986fdc5a8a3fc2e9e3c99957.jpg,https://iprice.my/compare/huawei-nova-2i/,,,,,,
,,,,,,Apple iPhone Xs,https://p.ipricegroup.com/uploaded_415c858b4e883614cfba4cc8847e7c84.jpg,https://iprice.my/compare/apple-iphone-xs/,,,,,,
,,,,,,Vivo V9,https://p.ipricegroup.com/uploaded_084310ff7b6e8b27be1ab02acbeea6d1.jpg,https://iprice.my/compare/vivo-v9/,,,,,,
,,,,,,OPPO Mobile Phones,https://p.ipricegroup.com/uploaded_86e1f0058f55ec990099824a8255b5c9.jpg,https://iprice.my/oppo/phones-tablets/smartphones/,,,,,,
,,,,,,Phones & Tablets,https://p.ipricegroup.com/uploaded_86e1f0058f55ec990099824a8255b5c9.jpg,https://iprice.my/phones-tablets/smartphones/,,,,,,
,,,,,,Huawei P20 Pro,https://p.ipricegroup.com/uploaded_88e4d17a7d7a4c2da082f059c7c67b92.jpg,https://iprice.my/compare/huawei-p20-pro/,,,,,,
,,,,,,Apple Apple,https://p.ipricegroup.com/uploaded_86fe0a47e553f5e46da91d517a04aa96.jpg,https://iprice.my/apple/iphone/,,,,,,
,,,,,,Huawei Nova 2 Lite,https://p.ipricegroup.com/uploaded_5d5e9cf4a6670c6447aefa460a3de226.jpg,https://iprice.my/compare/huawei-nova-2-lite/,,,,,,
,,,,,,Apple iPhone X,https://p.ipricegroup.com/uploaded_149fd591353013eb0adad5ae2ac51dcf.jpg,https://iprice.my/compare/apple-iphone-x/,,,,,,
,,,,,,Oppo F9,https://p.ipricegroup.com/uploaded_86e1f0058f55ec990099824a8255b5c9.jpg,https://iprice.my/compare/oppo-f9/,,,,,,
,,,,,,Coach Bags,https://p.ipricegroup.com/7d065c881d654489254f08dc805b70f5103b7531_0.jpg,https://iprice.my/coach/bags/,,,,,,
,,,,,,Huawei Mobile Phones,https://p.ipricegroup.com/uploaded_124a674d7622410fa7b072c2c666beed.jpg,https://iprice.my/huawei/phones-tablets/smartphones/,,,,,,
,,,,,,Louis Vuitton Bags,https://p.ipricegroup.com/19e4168ebd953e10d7a43345d1d0f838c261be71_0.jpg,https://iprice.my/louis-vuitton/bags/,,,,,,
,,,,,,Apple iPhone 7,https://p.ipricegroup.com/uploaded_dea2a1a61d2e16e71fd0ef988a900d67.jpg,https://iprice.my/compare/apple-iphone-7/,,,,,,
,,,,,,Casio Casio,https://p.ipricegroup.com/dc83d1267826a7295bb469b280e010fb857c9687_0.jpg,https://iprice.my/casio/g-shock/,,,,,,
,,,,,,Gucci Bags,https://p.ipricegroup.com/015a02b9d0970663c52422dab5845646037c1789_0.jpg,https://iprice.my/gucci/bags/,,,,,,
,,,,,,CHANEL Bags,https://p.ipricegroup.com/39d7dc8fe9f814a3c8b0be5670108683ded1c029_0.jpg,https://iprice.my/chanel/bags/,,,,,,
,,,,,,Xiaomi Pocophone F1,https://p.ipricegroup.com/uploaded_e553892afe433bccd0c1e8a67d7444a0.jpg,https://iprice.my/compare/xiaomi-pocophone-f1/,,,,,,
,,,,,,Samsung Galaxy Note 9,https://p.ipricegroup.com/uploaded_5cbd5efd39e152d32f8b99a8bc861ae2.jpg,https://iprice.my/compare/samsung-galaxy-note-9/,,,,,,
,,,,,,Acer Laptops,https://p.ipricegroup.com/uploaded_ee01c45d904d866957cce7ca35cc14ea.jpg,https://iprice.my/acer/computing/laptops/,,,,,,
,,,,,,watsons Home,https://p.ipricegroup.com/0d0e8d92fab5a4719fdec3fbf017a35aff2571ed_0.jpg,https://iprice.my/watsons/,,,,,,
,,,,,,Atomy Home,https://p.ipricegroup.com/a2bb8422d5d92fe2ef12d150f37afbda129943bc_0.jpg,https://iprice.my/atomy/,,,,,,
,,,,,,IKEA Home,https://p.ipricegroup.com/eba68f66766e21055e566ec1b172f7439a027e09_0.jpg,https://iprice.my/ikea/,,,,,,
,,,,,,ALHA ALFA COSMETIC Home,https://p.ipricegroup.com/48b7914d6a529417261604b8cf58e3d566bb57c4_0.jpg,https://iprice.my/alha-alfa-cosmetic/,,,,,,
,,,,,,Appeton Weight Gains Supplements,https://p.ipricegroup.com/25c5bb6a15c7a8f7a309f9b6624a906eb6084552_0.jpg,https://iprice.my/appeton/supplements/weight-gains/,,,,,,
,,,,,,smiggle Home,https://p.ipricegroup.com/b49a47be11862ede865e4c481d19fb2af869190a_0.jpg,https://iprice.my/smiggle/,,,,,,
,,,,,,Robin may Home,https://p.ipricegroup.com/c6b70526180e5fc1abaf6aa4d79e01060f8f1653_0.jpg,https://iprice.my/robin-may/,,,,,,
,,,,,,Toyota Toyota,https://p.ipricegroup.com/a09c6ecc0843817d232145d7edfdbe7e45c8d292_0.jpg,https://iprice.my/toyota/estima/,,,,,,
,,,,,,Samsung Samsung,https://p.ipricegroup.com/uploaded_205540235693e153b09f821826e47dc3.jpg,https://iprice.my/samsung/galaxy/,,,,,,
,,,,,,Dresses,https://p.ipricegroup.com/fa8f50e0d42f3e4da834149ff92c55fb630d8854_0.jpg,https://iprice.my/clothing/dresses/evening-gown/,,,,,,
,,,,,,LUSH Home,https://p.ipricegroup.com/22898b5f86603bcf919262842eac13efaf6436f4_0.jpg,https://iprice.my/lush/,,,,,,
,,,,,,Gadgets,https://p.ipricegroup.com/0fe4636d602864bbcdea5228e7d44dbb51f48c1c_0.jpg,https://iprice.my/gadgets/vapes/,,,,,,
,,,,,,Anmum Home,https://p.ipricegroup.com/74dbd228140a8cab365d809c1f3a0443a6d75bd4_0.jpg,https://iprice.my/anmum/,,,,,,
,,,,,,Drypers Home,https://p.ipricegroup.com/99dcbcade9bde52eb7d4a407bc3866d154140c10_0.jpg,https://iprice.my/drypers/,,,,,,
,,,,,,Perodua Perodua,https://p.ipricegroup.com/9f2c38e7d2366981cf0f3cb0507a699b00f4be6e_0.jpg,https://iprice.my/perodua/axia/,,,,,,
,,,,,,Huawei Huawei,https://p.ipricegroup.com/uploaded_bf8e9d4e2f9c041c18d2a01ca581fd13.jpg,https://iprice.my/huawei/honor/,,,,,,
,,,,,,Tupperware Malaysia,https://p.ipricegroup.com/c9d73b0ad4c690f89aece69ec0f61f06f22ac9b2_0.jpg,https://iprice.my/tupperware/,,,,,,
End,,,,,,,,,,,,,,