section,name,type,title,go-to-url,go-to-title,,,,,,,,,
Coupons-Store-Carousel,section6,catagory-carousel-no-text,Find the Best Deals Online,,All Stores,items,,,,,,,,
,,,,,,name,image-url,url,,,,,,
,,,,,,Lazada Voucher,https://a.ipricegroup.com/store/lazada-ph.jpg,https://iprice.ph/coupons/lazada/,,,,,,
,,,,,,Zalora Promo Code,https://a.ipricegroup.com/store/zalora-ph.jpg,https://iprice.ph/coupons/zalora/,,,,,,
,,,,,,Klook Promo Code,https://a.ipricegroup.com/store/klook-ph.jpg,https://iprice.ph/coupons/klook/,,,,,,
,,,,,,Shopee Promo Code,https://a.ipricegroup.com/store/shopee-ph.jpg,https://iprice.ph/coupons/shopee/,,,,,,
,,,,,,Airbnb Coupon,https://a.ipricegroup.com/store/airbnb-ph.jpg,https://iprice.ph/coupons/airbnb/,,,,,,
,,,,,,Agoda Promo Code,https://a.ipricegroup.com/store/agoda-ph.jpg,https://iprice.ph/coupons/agoda/,,,,,,
,,,,,,Althea Coupon Code,https://a.ipricegroup.com/store/althea-ph.jpg,https://iprice.ph/coupons/althea/,,,,,,
,,,,,,Sephora PH Promo Code,https://a.ipricegroup.com/store/sephora-ph.jpg,https://iprice.ph/coupons/sephora/,,,,,,
,,,,,,KKday Promo Code,https://a.ipricegroup.com/store/kkday-ph.jpg,https://iprice.ph/coupons/kkday/,,,,,,
,,,,,,Grab Promo Code,https://a.ipricegroup.com/store/grab-ph.jpg,https://iprice.ph/coupons/grab/,,,,,,
,,,,,,Buffet 101 Promo,https://a.ipricegroup.com/store/buffet-101.jpg,https://iprice.ph/coupons/buffet-101/,,,,,,
,,,,,,Foodpanda,https://a.ipricegroup.com/store/foodpanda-ph.jpg,https://iprice.ph/coupons/foodpanda/,,,,,,
,,,,,,GrabFood,https://a.ipricegroup.com/store/grabfood-ph.jpg,https://iprice.ph/coupons/grabfood/,,,,,,
,,,,,,McDonalds Promo,https://a.ipricegroup.com/store/mcdonalds-ph.jpg,https://iprice.ph/coupons/mcdonalds/,,,,,,
,,,,,,Beauty MNL Coupon,https://a.ipricegroup.com/store/beauty-mnl-ph.jpg,https://iprice.ph/coupons/beauty-mnl/,,,,,,
,,,,,,Adidas Promo Code,https://a.ipricegroup.com/store/adidas-ph.jpg,https://iprice.ph/coupons/adidas/,,,,,,
PLP-EL-BrandCategory-Carousel,section3,catagory-carousel,Compare the Best Prices in Electronics,,,items,,,,,,,,
,,,,,,brand-name,name,image-url,url,,,,,
,,,,,,Samsung,Smartphones,https://p.ipricegroup.com/uploaded_4bfba04c84fa2adc876a8d97df908af3.jpg,https://iprice.ph/samsung/phones-tablets/smartphones/,,,,,
,,,,,,vivo,Smartphones,https://p.ipricegroup.com/uploaded_2a965b51b4ef6c87089911e058fdea38.jpg,https://iprice.ph/vivo/phones-tablets/smartphones/,,,,,
,,,,,,OPPO,Smartphones,https://p.ipricegroup.com/uploaded_e9927353825a4f5e60a50a0369631d1d.jpg,https://iprice.ph/oppo/phones-tablets/smartphones/,,,,,
,,,,,,Cherry Mobile,Smartphones,https://p.ipricegroup.com/uploaded_87aaf461630a02be92e98d2cd282ff8b.jpg,https://iprice.ph/cherry-mobile/phones-tablets/smartphones/,,,,,
,,,,,,Asus,Smartphones,https://p.ipricegroup.com/uploaded_5a67819738c77de644711dcb13657f75.jpg,https://iprice.ph/asus/phones-tablets/smartphones/,,,,,
,,,,,,Huawei,Smartphones,https://p.ipricegroup.com/uploaded_a0e0141c4864fa6eee761a6d7296ab0c.jpg,https://iprice.ph/huawei/phones-tablets/smartphones/,,,,,
,,,,,,LG,Smartphones,https://p.ipricegroup.com/uploaded_3dae98635b5054fcdb2c84d1f049ec15.jpg,https://iprice.ph/lg/phones-tablets/smartphones/,,,,,
,,,,,,Brother,Printers,https://p.ipricegroup.com/uploaded_9fabe3a13b27e3131f27a32aa2609211.jpg,https://iprice.ph/brother/computing/printers/,,,,,
,,,,,,Canon,DSLRs,https://p.ipricegroup.com/21758436_0.jpg,https://iprice.ph/canon/camera-photo/dslrs/,,,,,
,,,,,,Asus,Laptops,https://p.ipricegroup.com/uploaded_ede650c36ec3555df9a3946f92840089.jpg,https://iprice.ph/asus/computing/laptops/,,,,,
,,,,,,Microsoft,Office,https://p.ipricegroup.com/29543110_0.jpg,https://iprice.ph/microsoft/computing/software/office/,,,,,
,,,,,,Acer,Laptops,https://p.ipricegroup.com/uploaded_ee01c45d904d866957cce7ca35cc14ea.jpg,https://iprice.ph/acer/computing/laptops/,,,,,
,,,,,,Epson,Printers,https://p.ipricegroup.com/uploaded_07365e1e5b88bf5845297771c87c8a0c.jpg,https://iprice.ph/epson/computing/printers/,,,,,
,,,,,,HP,Laptops,https://p.ipricegroup.com/uploaded_ad4e77250544c43166f6bb4ac24d91a4.jpg,https://iprice.ph/hp/computing/laptops/,,,,,
,,,,,,Kindle,Phones & Tablets,https://p.ipricegroup.com/e574a64631da1fef4bb7e403861b2b0fda1bb1bf_0.jpg,https://iprice.ph/kindle/phones-tablets/,,,,,
,,,,,,Apple,Laptops,https://p.ipricegroup.com/31742752_0.jpg,https://iprice.ph/apple/computing/laptops/,,,,,
,,,,,,MyPhone,Smartphones,https://p.ipricegroup.com/uploaded_886b09492786761c3b297d324daa8fce.jpg,https://iprice.ph/myphone/phones-tablets/smartphones/,,,,,
,,,,,,Lenovo,Laptops,https://p.ipricegroup.com/uploaded_bda0c284d3b07d03c909458c8315f076.jpg,https://iprice.ph/lenovo/computing/laptops/,,,,,
,,,,,,Nokia,Smartphones,https://p.ipricegroup.com/uploaded_cc2c735f59b42f6149b7badfba30080d.jpg,https://iprice.ph/nokia/phones-tablets/smartphones/,,,,,
,,,,,,JBL,Bluetooth,https://p.ipricegroup.com/32302708_0.jpg,https://iprice.ph/jbl/audio-hi-fi/mobile-speakers/bluetooth/,,,,,
PLP-EL-Brand-Carousel,section3_brand,catagory-carousel-no-text,,,,items,,,,,,,,
,,,,,,name,image-url,url,,,,,,
,,,,,,Samsung,https://a.ipricegroup.com/brand/samsung.jpg,https://iprice.ph/samsung/,,,,,,
,,,,,,Xiaomi,https://a.ipricegroup.com/brand/xiaomi.jpg,https://iprice.ph/xiaomi/,,,,,,
,,,,,,Nokia,https://a.ipricegroup.com/brand/nokia.jpg,https://iprice.ph/nokia/,,,,,,
,,,,,,Huawei,https://a.ipricegroup.com/media/huawei.png,https://iprice.ph/huawei/,,,,,,
,,,,,,Cherry Mobile,https://a.ipricegroup.com/brand/cherry-mobile.jpg,https://iprice.ph/cherry-mobile/,,,,,,
,,,,,,Sony,https://a.ipricegroup.com/media/sony.png,https://iprice.ph/sony/,,,,,,
,,,,,,ASUS,https://a.ipricegroup.com/media/asus_2.png,https://iprice.ph/asus/,,,,,,
,,,,,,Apple,https://a.ipricegroup.com/media/apple_2.png,https://iprice.ph/apple/,,,,,,
,,,,,,Vivo,https://a.ipricegroup.com/brand/vivo.jpg,https://iprice.ph/vivo/,,,,,,
,,,,,,OPPO,https://a.ipricegroup.com/brand/oppo.jpg,https://iprice.ph/oppo/,,,,,,
,,,,,,Fujifilm,https://a.ipricegroup.com/brand/fujifilm.jpg,https://iprice.ph/fujifilm/,,,,,,
,,,,,,Canon,https://a.ipricegroup.com/media/canon_2.png,https://iprice.ph/canon/,,,,,,
,,,,,,MyPhone,https://a.ipricegroup.com/brand/myphone.jpg,https://iprice.ph/myphone/,,,,,,
,,,,,,Lenovo,https://a.ipricegroup.com/media/lenovos.png,https://iprice.ph/lenovo/,,,,,,
,,,,,,CloudFone,https://a.ipricegroup.com/brand/cloudfone.jpg,https://iprice.ph/cloudfone/,,,,,,
,,,,,,Acer,https://a.ipricegroup.com/media/acer.png,https://iprice.ph/acer/,,,,,,
,,,,,,GoPro,https://a.ipricegroup.com/brand/gopro.jpg,https://iprice.ph/gopro/,,,,,,
,,,,,,Dell,https://a.ipricegroup.com/media/dell.png,https://iprice.ph/dell/,,,,,,
,,,,,,Wacom,https://a.ipricegroup.com/brand/wacom.jpg,https://iprice.ph/wacom/,,,,,,
,,,,,,Google,https://a.ipricegroup.com/brand/google.jpg,https://iprice.ph/google/,,,,,,
,,,,,,,https://a.ipricegroup.com/media/homepage/EN_allbrands.jpg,https://iprice.ph/brands/,,,,,,
PLP-EL-Category-Carousel,section11,product-carousel,,,,items,,,,,,,,
,,,,,,name,image-url,url,,,,,,
,,,,,,Computer,https://a.ipricegroup.com/media/homepage/Icon_v2/Computers.png,https://iprice.ph/computing/,items1,,,,,
,,,,,,,,,name,url,,,,
,,,,,,,,,Laptops,https://iprice.ph/computing/laptops/,,,,
,,,,,,,,,Desktop PCs,https://iprice.ph/computing/desktop-pcs/,,,,
,,,,,,,,,Webcams,https://iprice.ph/computing/webcams/,,,,
,,,,,,,,,Software,https://iprice.ph/computing/software/,,,,
,,,,,,,,,Printers,https://iprice.ph/computing/printers/,,,,
,,,,,,,,,Hardware,https://iprice.ph/computing/hardware/,,,,
,,,,,,,,,Computing Accessories,https://iprice.ph/computing/accessories/,,,,
,,,,,,,,,External Storage,https://iprice.ph/computing/external-storage/,,,,
,,,,,,,,,Network Gear,https://iprice.ph/computing/network-gear/,,,,
,,,,,,Phones & Tablets,https://a.ipricegroup.com/media/homepage/Icon_v2/Tablets_and_Phones.png,https://iprice.ph/phones-tablets/,items1,,,,,
,,,,,,,,,name,url,,,,
,,,,,,,,,Smartphones,https://iprice.ph/phones-tablets/smartphones/,,,,
,,,,,,,,,Tablets,https://iprice.ph/phones-tablets/tablets/,,,,
,,,,,,,,,Smartwatches,https://iprice.ph/phones-tablets/smartwatches/,,,,
,,,,,,,,,Bluetooth Headsets,https://iprice.ph/phones-tablets/bluetooth-headsets/,,,,
,,,,,,,,,Basic Phones,https://iprice.ph/phones-tablets/basic-phones/,,,,
,,,,,,,,,Upcoming Mobile Phones,https://iprice.ph/upcoming-products/smartphones/,,,,
,,,,,,Gaming,https://a.ipricegroup.com/media/homepage/Icon_v2/Gaming.png,https://iprice.ph/gaming/,items1,,,,,
,,,,,,,,,name,url,,,,
,,,,,,,,,Playstation,https://iprice.ph/gaming/playstation/,,,,
,,,,,,,,,Xbox,https://iprice.ph/gaming/xbox/,,,,
,,,,,,,,,Games,https://iprice.ph/gaming/games/,,,,
,,,,,,,,,Controllers,https://iprice.ph/gaming/controllers/,,,,
,,,,,,,,,Nintendo,https://iprice.ph/gaming/nintendo/,,,,
,,,,,,,,,Accessories,https://iprice.ph/gaming/accessories/,,,,
,,,,,,,,,Mobile,https://iprice.ph/gaming/mobile/,,,,
,,,,,,,,,Other Consoles,https://iprice.ph/gaming/other-consoles/,,,,
,,,,,,Camera & Photo,https://a.ipricegroup.com/media/homepage/Icon_v2/Cameras.png,https://iprice.ph/camera-photo/,items1,,,,,
,,,,,,,,,name,url,,,,
,,,,,,,,,DSLRs,https://iprice.ph/camera-photo/dslrs/,,,,
,,,,,,,,,Camcorders,https://iprice.ph/camera-photo/camcorders/,,,,
,,,,,,,,,Polaroid,https://iprice.ph/camera-photo/polaroid/,,,,
,,,,,,,,,Drones,https://iprice.ph/camera-photo/drones/,,,,
,,,,,,,,,CCTV,https://iprice.ph/camera-photo/cctv/,,,,
,,,,,,,,,Action,https://iprice.ph/camera-photo/action/,,,,
,,,,,,,,,Mirrorless,https://iprice.ph/camera-photo/mirrorless/,,,,
,,,,,,,,,Underwater,https://iprice.ph/camera-photo/underwater/,,,,
,,,,,,,,,Compact Cameras,https://iprice.ph/camera-photo/compact/,,,,
,,,,,,"TV, Video & DVD",https://a.ipricegroup.com/media/homepage/Icon_v2/Tv__DVD.png,https://iprice.ph/tv-video-dvd/,items1,,,,,
,,,,,,,,,name,url,,,,
,,,,,,,,,Media Players,https://iprice.ph/tv-video-dvd/media-players/,,,,
,,,,,,,,,Blu-Ray,https://iprice.ph/tv-video-dvd/blu-ray/,,,,
,,,,,,,,,DVD Players,https://iprice.ph/tv-video-dvd/dvd-players/,,,,
,,,,,,,,,LED,https://iprice.ph/tv-video-dvd/led/,,,,
,,,,,,,,,Accessories,https://iprice.ph/tv-video-dvd/accessories/,,,,
,,,,,,,,,Streaming Media Players,https://iprice.ph/tv-video-dvd/streaming-media-players/,,,,
,,,,,,Appliances,https://a.ipricegroup.com/media/homepage/Icon_v2/Appliances.png,https://iprice.ph/appliances/,items1,,,,,
,,,,,,,,,name,url,,,,
,,,,,,,,,Fans,https://iprice.ph/appliances/fans/,,,,
,,,,,,,,,Refrigerators,https://iprice.ph/appliances/refrigerators/,,,,
,,,,,,,,,Vacuum Cleaners,https://iprice.ph/appliances/vacuum-cleaners/,,,,
,,,,,,,,,Air Conditioners,https://iprice.ph/appliances/air-conditioners/,,,,
,,,,,,,,,Coffee Machines,https://iprice.ph/appliances/coffee-machines/,,,,
,,,,,,,,,Dishwashers,https://iprice.ph/appliances/dishwashers/,,,,
,,,,,,,,,Cookers,https://iprice.ph/appliances/cookers/,,,,
,,,,,,,,,Ovens,https://iprice.ph/appliances/ovens/,,,,
,,,,,,,,,Mixers,https://iprice.ph/appliances/mixers/,,,,
PDP-EL-Carousel,section1,product-carousel,,,,items,,,,,,,,
,,,,,,name,price,store-count,image-url,url,,,,
,,,,,,Huawei P20,"₱ 25,599.00",4,https://p.ipricegroup.com/uploaded_be15a1d2f9ff3e960fd0eae8a7f1a4c0.jpg,https://iprice.ph/compare/huawei-p20/,,,,
,,,,,,Apple iPhone 6,"₱ 6,801.08",5,https://p.ipricegroup.com/uploaded_8fedeedccef59f3c2fba21f8541299c5.jpg,https://iprice.ph/compare/apple-iphone-6/,,,,
,,,,,,Samsung Galaxy J7 Prime,"₱ 9,990.00",3,https://p.ipricegroup.com/uploaded_9af6adc7872902f278ceac3eea988486.jpg,https://iprice.ph/compare/samsung-galaxy-j7-prime/,,,,
,,,,,,Huawei Nova 2i,"₱ 11,949.00",5,https://p.ipricegroup.com/uploaded_28e85dcc986fdc5a8a3fc2e9e3c99957.jpg,https://iprice.ph/compare/huawei-nova-2i/,,,,
,,,,,,Samsung Galaxy J2 Prime,"₱ 4,213.00",4,https://p.ipricegroup.com/uploaded_6902a5d3f2345140073194397f687bb6.jpg,https://iprice.ph/compare/samsung-galaxy-j2-prime/,,,,
,,,,,,Apple iPhone 5s,"₱ 13,990.00",1,https://p.ipricegroup.com/uploaded_b6f366ef802ae2f566c0c35c09bb83d8.jpg,https://iprice.ph/compare/apple-iphone-5s/,,,,
,,,,,,OPPO F5,"₱ 8,200.00",2,https://p.ipricegroup.com/55709704_0.jpg,https://iprice.ph/compare/oppo-f5/,,,,
,,,,,,OPPO A3s,"₱ 5,500.00",1,https://p.ipricegroup.com/uploaded_e9927353825a4f5e60a50a0369631d1d.jpg,https://iprice.ph/compare/oppo-a3s/,,,,
,,,,,,OPPO F3,"₱ 7,799.00",2,https://p.ipricegroup.com/uploaded_3eaf40178579be7a811e8ca58dbcbf11.jpg,https://iprice.ph/compare/oppo-f3/,,,,
,,,,,,Huawei nova 3i,"₱ 11,990.00",6,https://p.ipricegroup.com/uploaded_a0e0141c4864fa6eee761a6d7296ab0c.jpg,https://iprice.ph/compare/huawei-nova-3i/,,,,
,,,,,,OPPO F7,"₱ 13,990.00",3,https://p.ipricegroup.com/uploaded_498dd38d23174a22ba540940118c6477.jpg,https://iprice.ph/compare/oppo-f7/,,,,
,,,,,,OPPO A37,"₱ 4,715.00",2,https://p.ipricegroup.com/32745868_0.jpg,https://iprice.ph/compare/oppo-a37/,,,,
,,,,,,Vivo V9,"₱ 12,500.00",3,https://p.ipricegroup.com/uploaded_084310ff7b6e8b27be1ab02acbeea6d1.jpg,https://iprice.ph/compare/vivo-v9/,,,,
,,,,,,Vivo V5,"₱ 4,999.00",3,https://p.ipricegroup.com/uploaded_5f8caf5be2e1c0ec9bc92c067eda0276.jpg,https://iprice.ph/compare/vivo-v5/,,,,
,,,,,,OPPO A83,"₱ 6,990.00",3,https://p.ipricegroup.com/uploaded_57b1b49555156a3b078f44c22e34876b.jpg,https://iprice.ph/compare/oppo-a83/,,,,
,,,,,,Samsung Galaxy J5,"₱ 3,999.00",2,https://p.ipricegroup.com/uploaded_65a5c68099714b4123515295d5b0dbae.jpg,https://iprice.ph/compare/samsung-galaxy-j5/,,,,
,,,,,,Samsung Galaxy Note 8,"₱ 29,500.00",5,https://p.ipricegroup.com/uploaded_7457688518fb740e3a6c723ba2b40654.jpg,https://iprice.ph/compare/samsung-galaxy-note-8/,,,,
,,,,,,OPPO F1s,"₱ 5,800.00",1,https://p.ipricegroup.com/uploaded_efe7ee3eab70017fee1715f7852b0469.jpg,https://iprice.ph/compare/oppo-f1s/,,,,
,,,,,,vivo Y53,"₱ 4,800.00",2,https://p.ipricegroup.com/uploaded_d41ce21f9e036eab9030679649b5a47a.jpg,https://iprice.ph/compare/vivo-y53/,,,,
,,,,,,Samsung Galaxy S7 edge,"₱ 19,002.00",2,https://p.ipricegroup.com/31984114_0.jpg,https://iprice.ph/compare/samsung-galaxy-s7-edge/,,,,
PDP-EL-SeeMore,section1_link,link,,,,items,,,,,,,,
,,,,,,name,image-url,url,,,,,,
,,,,,,Huawei Y6,https://p.ipricegroup.com/uploaded_bdd4a8b6842aad193438f124ac305ccb.jpg,https://iprice.ph/compare/huawei-y6/,,,,,,
,,,,,,Oppo F9,https://p.ipricegroup.com/uploaded_21341b6cab21d9a89dffd046533a368a.jpg,https://iprice.ph/compare/oppo-f9/,,,,,,
,,,,,,Xiaomi Redmi Note 7,https://p.ipricegroup.com/uploaded_f0d09d4566fcaf30494594c6c9a785d6.jpg,https://iprice.ph/compare/xiaomi-redmi-note-7/,,,,,,
,,,,,,Apple iPhone 7,https://p.ipricegroup.com/uploaded_dea2a1a61d2e16e71fd0ef988a900d67.jpg,https://iprice.ph/compare/apple-iphone-7/,,,,,,
,,,,,,Xiaomi Pocophone F1,https://p.ipricegroup.com/uploaded_4526300e3c36a72c5cba02f42d22b268.jpg,https://iprice.ph/compare/xiaomi-pocophone-f1/,,,,,,
,,,,,,Apple iPhone Xs Max,https://p.ipricegroup.com/uploaded_b9d68b39c3a00e8c9637b52ece9c1929.jpg,https://iprice.ph/compare/apple-iphone-xs-max/,,,,,,
,,,,,,Apple iPhone X,https://p.ipricegroup.com/uploaded_149fd591353013eb0adad5ae2ac51dcf.jpg,https://iprice.ph/compare/apple-iphone-x/,,,,,,
,,,,,,Vivo Y91,https://p.ipricegroup.com/uploaded_6e0fa1b5f5082f7621b003518545513f.jpg,https://iprice.ph/compare/vivo-y91/,,,,,,
,,,,,,Vivo V15,https://p.ipricegroup.com/uploaded_d5dde77517b2e5723de35e28820a016e.jpg,https://iprice.ph/compare/vivo-v15/,,,,,,
,,,,,,Apple iPhone 7 Plus,https://p.ipricegroup.com/uploaded_dee720e7e03b30a7d8f5a058d6c97cce.jpg,https://iprice.ph/compare/apple-iphone-7-plus/,,,,,,
,,,,,,OPPO F11,https://p.ipricegroup.com/uploaded_246f557da5f6ad7262d6dca9af325d20.jpg,https://iprice.ph/compare/oppo-f11/,,,,,,
,,,,,,Apple iPhone Xr,https://p.ipricegroup.com/uploaded_e6eef252bf3ad44ae6180ab130fccb6a.jpg,https://iprice.ph/compare/apple-iphone-xr/,,,,,,
,,,,,,Oppo A7,https://p.ipricegroup.com/uploaded_135819f1033ea51931e1df8c7d90168b.jpg,https://iprice.ph/compare/oppo-a7/,,,,,,
,,,,,,Nintendo Switch,https://p.ipricegroup.com/uploaded_731cd7cd5ef09e6b4b6f973e03bcc86a.jpg,https://iprice.ph/compare/nintendo-switch/,,,,,,
,,,,,,Apple iPhone 8,https://p.ipricegroup.com/uploaded_724d9e8a2309f7d7b3b5678aed75d8e8.jpg,https://iprice.ph/compare/apple-iphone-8/,,,,,,
,,,,,,Huawei Mate 20 Pro,https://p.ipricegroup.com/uploaded_ca23625cad8dc6854d7774f5f7e2f8b4.jpg,https://iprice.ph/compare/huawei-mate-20-pro/,,,,,,
,,,,,,Huawei P20 Pro,https://p.ipricegroup.com/uploaded_88e4d17a7d7a4c2da082f059c7c67b92.jpg,https://iprice.ph/compare/huawei-p20-pro/,,,,,,
,,,,,,Vivo Y81,https://p.ipricegroup.com/uploaded_cdd310d65f9dc6902134da0b5d34ad78.jpg,https://iprice.ph/compare/vivo-y81/,,,,,,
,,,,,,Apple iPhone 6s,https://p.ipricegroup.com/uploaded_99a1ce3f2307fb6a0417cfcd6ce33f08.jpg,https://iprice.ph/compare/apple-iphone-6s/,,,,,,
,,,,,,OPPO F11 Pro,https://p.ipricegroup.com/uploaded_2ae3c13fb2c8b130b93c903bb9f5147b.jpg,https://iprice.ph/compare/oppo-f11-pro/,,,,,,
PLP-FA-BrandCategory-Men-Carousel,section4,fashion-panel,Shop Men's Fashion,https://iprice.ph/clothing/men/,,image-url,url,label,type,,,,,
,,,,,,https://a.ipricegroup.com/media/homepage/PH_men-min.jpg,,1234,category-carousel,items,,,,
,,,,,,,,,,brand-name,name,url,image-url,main-url
,,,,,,,,,TRUE,Nike,Shoes,https://iprice.ph/nike/shoes/men/,https://p.ipricegroup.com/f0fc586744e9fc6aa7297792182d84e8d9198db5_0.jpg,https://iprice.ph/nike/shoes/
,,,,,,,,,TRUE,Converse,Shoes,https://iprice.ph/converse/shoes/men/,https://p.ipricegroup.com/fd3a967ce1e973c3bc5c404025dd95a55140ab5c_0.jpg,https://iprice.ph/converse/shoes/
,,,,,,,,,TRUE,Adidas,Basketball,https://iprice.ph/adidas/shoes/men/sports/basketball/,https://p.ipricegroup.com/a9226e3e915b49ceb6d77baae5d1e42bb0ac129a_0.jpg,https://iprice.ph/adidas/shoes/sports/basketball/
,,,,,,,,,TRUE,Gucci,Shoes,https://iprice.ph/gucci/shoes/men/,https://p.ipricegroup.com/1299a4631efcc1ec5d05243f487bb3186b23173e_0.jpg,https://iprice.ph/gucci/shoes/
,,,,,,,,,TRUE,Adidas,Running,https://iprice.ph/adidas/shoes/men/sports/running/,https://p.ipricegroup.com/99231812ae3b81a234c004518a8856ddaa08741b_0.jpg,https://iprice.ph/adidas/shoes/sports/running/
,,,,,,,,,TRUE,Casio,Watches,https://iprice.ph/casio/watches/men/,https://p.ipricegroup.com/09a93b1f2b77545a7a900d3e90f9494771e7e827_0.jpg,https://iprice.ph/casio/watches/
,,,,,,,,,TRUE,Nike,Running,https://iprice.ph/nike/shoes/men/sports/running/,https://p.ipricegroup.com/acd041fee332c380d06db5a4744ef5c11c733da9_0.jpg,https://iprice.ph/nike/shoes/sports/running/
,,,,,,,,,TRUE,Adidas,Shoes,https://iprice.ph/adidas/shoes/men/,https://p.ipricegroup.com/1aef37012254ed8683c44406d64378e0f870d87e_0.jpg,https://iprice.ph/adidas/shoes/
,,,,,,,,,TRUE,FILA,Shoes,https://iprice.ph/fila/shoes/men/,https://p.ipricegroup.com/b179760fadfaecf3f0c08df2a6c9ede834152021_0.jpg,https://iprice.ph/fila/shoes/
,,,,,,,,,TRUE,Sperry,Shoes,https://iprice.ph/sperry/shoes/men/,https://p.ipricegroup.com/71617fbc354f2ccbaaf705d5778fb76d563ee7fe_0.jpg,https://iprice.ph/sperry/shoes/
,,,,,,,,,TRUE,Vans,Shoes,https://iprice.ph/vans/shoes/men/,https://p.ipricegroup.com/2146d988109244ec872b68bab7da16a9624046ce_0.jpg,https://iprice.ph/vans/shoes/
,,,,,,,,,TRUE,Rolex,Watches,https://iprice.ph/rolex/watches/men/,https://p.ipricegroup.com/00cf09fca51231b989f76f5a3e39b071c50e8975_0.jpg,https://iprice.ph/rolex/watches/
,,,,,,,,,TRUE,Lacoste,Shoes,https://iprice.ph/lacoste/shoes/men/,https://p.ipricegroup.com/9e06e423e0d0805d2f994bc10c61e0d62a48612c_0.jpg,https://iprice.ph/lacoste/shoes/
,,,,,,,,,TRUE,PUMA,Shoes,https://iprice.ph/puma/shoes/men/,https://p.ipricegroup.com/47e033dc9b6211c25a4ab4a42da57a1633f9a21c_0.jpg,https://iprice.ph/puma/shoes/
,,,,,,,,,TRUE,Fossil,Watches,https://iprice.ph/fossil/watches/men/,https://p.ipricegroup.com/5eeb96895c5aac0ba2fac19f6b9299c69339c180_0.jpg,https://iprice.ph/fossil/watches/
PLP-FA-BrandCategory-Women-Carousel,section5,fashion-panel,Shop Women's Fashion,https://iprice.ph/clothing/women/,,image-url,url,label,type,,,,,
,,,,,,https://a.ipricegroup.com/media/homepage/PH_women-min.jpg,,1234,category-carousel,items,,,,
,,,,,,,,,,brand-name,name,url,image-url,main-url
,,,,,,,,,TRUE,Nike,Shoes,https://iprice.ph/nike/shoes/women/,https://p.ipricegroup.com/9f531cd1edee867e093540be05dfc8eed2b985ea_0.jpg,https://iprice.ph/longchamp/bags/
,,,,,,,,,TRUE,Converse,Shoes,https://iprice.ph/converse/shoes/women/,https://p.ipricegroup.com/9b67a02a512d6760990b161812bae4d4e09e5d7d_0.jpg,https://iprice.ph/zalora/clothing/dresses/
,,,,,,,,,TRUE,Adidas,Basketball,https://iprice.ph/adidas/shoes/women/sports/basketball/,https://p.ipricegroup.com/d521aa2a9a7e130f6f39114e80a859f9b7c64eb2_0.jpg,https://iprice.ph/mango/clothing/
,,,,,,,,,TRUE,Gucci,Shoes,https://iprice.ph/gucci/shoes/women/,https://p.ipricegroup.com/ba813ad95d372bdc6193c7451a14677fc43c7d42_0.jpg,https://iprice.ph/keds/shoes/
,,,,,,,,,TRUE,Adidas,Running,https://iprice.ph/adidas/shoes/women/sports/running/,https://p.ipricegroup.com/d459e1251373e6407a7573c80afb88be390b2fc7_0.jpg,https://iprice.ph/louis-vuitton/bags/
,,,,,,,,,TRUE,Casio,Watches,https://iprice.ph/casio/watches/women/,https://p.ipricegroup.com/5b7bc12316218f8e036a77ed367532c384bb7f5d_0.jpg,https://iprice.ph/penshoppe/clothing/
,,,,,,,,,TRUE,Nike,Running,https://iprice.ph/nike/shoes/women/sports/running/,https://p.ipricegroup.com/7ae9a18544311bd2411122b464bf252b9f907410_0.jpg,https://iprice.ph/kamiseta/clothing/
,,,,,,,,,TRUE,Adidas,Shoes,https://iprice.ph/adidas/shoes/women/,https://p.ipricegroup.com/3639ebb65da4a8480473d471acace9167db3074c_0.jpg,https://iprice.ph/havaianas/shoes/
,,,,,,,,,TRUE,FILA,Shoes,https://iprice.ph/fila/shoes/women/,https://p.ipricegroup.com/ec7cdc09f9bfdee6bb18a4ee922560552fb7f03d_0.jpg,https://iprice.ph/michael-kors/bags/
,,,,,,,,,TRUE,Sperry,Shoes,https://iprice.ph/sperry/shoes/women/,https://p.ipricegroup.com/2302b9d049f91423f61bb9fb0ef146ced6e6a9b4_0.jpg,https://iprice.ph/anne-klein/watches/
,,,,,,,,,TRUE,Vans,Shoes,https://iprice.ph/vans/shoes/women/,https://p.ipricegroup.com/af1aabe08e00cc2a05fb85a2d218f2b4dc62e949_0.jpg,https://iprice.ph/balenciaga/clothing/hats/
,,,,,,,,,TRUE,Rolex,Watches,https://iprice.ph/rolex/watches/women/,https://p.ipricegroup.com/cd3dcbf9b607ced26e292a80e45e34d94eb381d9_0.jpg,https://iprice.ph/gibi/shoes/
,,,,,,,,,TRUE,Lacoste,Shoes,https://iprice.ph/lacoste/shoes/women/,https://p.ipricegroup.com/a2b2294cbc038dd02ddf10c564f013b4e4668cba_0.jpg,https://iprice.ph/herschel-supply-co/bags/
,,,,,,,,,TRUE,PUMA,Shoes,https://iprice.ph/puma/shoes/women/,https://p.ipricegroup.com/0074bc42762e5fe54312731d65bc0312e4967995_0.jpg,https://iprice.ph/michaela/bags/
,,,,,,,,,TRUE,Fossil,Watches,https://iprice.ph/fossil/watches/women/,https://p.ipricegroup.com/bcb76222dffc110e94c0a2c984bfbeb96fdb2db7_0.jpg,https://iprice.ph/onitsuka-tiger/shoes/
PLP-FA-Brand-Carousel,section5_brand,link,Popular Fashion Brands,,,items,,,,,,,,
,,,,,,name,image-url,url,,,,,,
,,,,,,ZALORA,https://a.ipricegroup.com/brand/zalora.jpg,https://iprice.ph/zalora/,,,,,,
,,,,,,Vans,https://a.ipricegroup.com/brand/vans.jpg,https://iprice.ph/vans/,,,,,,
,,,,,,Adidas,https://a.ipricegroup.com/media/adidas.png,https://iprice.ph/adidas/,,,,,,
,,,,,,Cignal,,https://iprice.ph/cignal/,,,,,,
,,,,,,H&M,https://a.ipricegroup.com/brand/h-m.jpg,https://iprice.ph/h-m/,,,,,,
,,,,,,Nike,https://a.ipricegroup.com/brand/nike.jpg,https://iprice.ph/nike/,,,,,,
,,,,,,Herschel Supply Co.,https://a.ipricegroup.com/brand/herschel-supply-co.jpg,https://iprice.ph/herschel-supply-co/,,,,,,
,,,,,,PENSHOPPE,https://a.ipricegroup.com/brand/penshoppe.jpg,https://iprice.ph/penshoppe/,,,,,,
,,,,,,Pandora,https://a.ipricegroup.com/brand/pandora.jpg,https://iprice.ph/pandora/,,,,,,
,,,,,,World Balance,https://a.ipricegroup.com/brand/world-balance.jpg,https://iprice.ph/world-balance/,,,,,,
,,,,,,Converse,https://a.ipricegroup.com/brand/converse.jpg,https://iprice.ph/converse/,,,,,,
,,,,,,Swatch,https://a.ipricegroup.com/brand/swatch.jpg,https://iprice.ph/swatch/,,,,,,
,,,,,,Uniqlo,https://a.ipricegroup.com/brand/uniqlo.jpg,https://iprice.ph/uniqlo/,,,,,,
,,,,,,Gucci,https://a.ipricegroup.com/brand/gucci.jpg,https://iprice.ph/gucci/,,,,,,
,,,,,,Sperry,https://a.ipricegroup.com/brand/sperry.jpg,https://iprice.ph/sperry/,,,,,,
,,,,,,Decathlon,,https://iprice.ph/decathlon/,,,,,,
,,,,,,Kultura,,https://iprice.ph/kultura/,,,,,,
,,,,,,Anello,https://a.ipricegroup.com/brand/anello.jpg,https://iprice.ph/anello/,,,,,,
,,,,,,Forever 21,https://a.ipricegroup.com/brand/forever-21.jpg,https://iprice.ph/forever-21/,,,,,,
,,,,,,Onitsuka Tiger,https://a.ipricegroup.com/brand/onitsuka-tiger.jpg,https://iprice.ph/onitsuka-tiger/,,,,,,
,,,,,,,https://a.ipricegroup.com/media/homepage/EN_allbrands.jpg,https://iprice.ph/brands/,,,,,,
PLP-FA-Category-Carousel,section12,product-carousel,,,,,,,,,,,,
,,,,,,items,,,,,,,,
,,,,,,name,image-url,url,,,,,,
,,,,,,Womens' Clothing,https://a.ipricegroup.com/media/homepage/Icon_v2/Womens_Clothing.png,https://iprice.ph/clothing/women/,items1,,,,,
,,,,,,,,,name,url,,,,
,,,,,,,,,Dresses,https://iprice.ph/clothing/women/dresses/,,,,
,,,,,,,,,Tops,https://iprice.ph/clothing/women/tops/,,,,
,,,,,,,,,Jeans,https://iprice.ph/clothing/women/jeans/,,,,
,,,,,,,,,Jumpsuits,https://iprice.ph/clothing/women/jumpsuits/,,,,
,,,,,,,,,Shirts,https://iprice.ph/clothing/women/shirts/,,,,
,,,,,,,,,Skirts,https://iprice.ph/clothing/women/skirts/,,,,
,,,,,,,,,Pants,https://iprice.ph/clothing/women/pants/,,,,
,,,,,,,,,Swimwear,https://iprice.ph/clothing/women/swimwear/,,,,
,,,,,,,,,Shorts,https://iprice.ph/clothing/women/shorts/,,,,
,,,,,,,,,Sportswear,https://iprice.ph/clothing/women/sportswear/,,,,
,,,,,,,,,T-Shirts,https://iprice.ph/clothing/women/t-shirts/,,,,
,,,,,,,,,Formal Wear,https://iprice.ph/clothing/women/formal-wear/,,,,
,,,,,,,,,Polo Shirts,https://iprice.ph/clothing/women/polo-shirts/,,,,
,,,,,,,,,Sunglasses,https://iprice.ph/clothing/women/sunglasses/,,,,
,,,,,,Womens' shoes,https://a.ipricegroup.com/media/homepage/Icon_v2/Womens_Shoes.png,https://iprice.ph/shoes/women/,items1,,,,,
,,,,,,,,,name,url,,,,
,,,,,,,,,Boots,https://iprice.ph/shoes/women/boots/,,,,
,,,,,,,,,Flats,https://iprice.ph/shoes/women/flats/,,,,
,,,,,,,,,High Heels,https://iprice.ph/shoes/women/high-heels/,,,,
,,,,,,,,,Sneakers,https://iprice.ph/shoes/women/sneakers/,,,,
,,,,,,,,,Sports,https://iprice.ph/shoes/women/sports/,,,,
,,,,,,,,,Boat,https://iprice.ph/shoes/women/boat/,,,,
,,,,,,,,,Sandals,https://iprice.ph/shoes/women/sandals/,,,,
,,,,,,,,,Brogues,https://iprice.ph/shoes/women/brogues/,,,,
,,,,,,,,,Wedges,https://iprice.ph/shoes/women/wedges/,,,,
,,,,,,Mens' clothing,https://a.ipricegroup.com/media/homepage/Icon_v2/Mans_Clothing.png,https://iprice.ph/clothing/men/,items1,,,,,
,,,,,,,,,name,url,,,,
,,,,,,,,,Tops,https://iprice.ph/clothing/men/tops/,,,,
,,,,,,,,,Jeans,https://iprice.ph/clothing/men/jeans/,,,,
,,,,,,,,,Shirts,https://iprice.ph/clothing/men/shirts/,,,,
,,,,,,,,,Pants,https://iprice.ph/clothing/men/pants/,,,,
,,,,,,,,,Swimwear,https://iprice.ph/clothing/men/swimwear/,,,,
,,,,,,,,,Shorts,https://iprice.ph/clothing/men/shorts/,,,,
,,,,,,,,,Sportswear,https://iprice.ph/clothing/men/sportswear/,,,,
,,,,,,,,,T-Shirts,https://iprice.ph/clothing/men/t-shirts/,,,,
,,,,,,,,,Formal Wear,https://iprice.ph/clothing/men/formal-wear/,,,,
,,,,,,,,,Polo Shirts,https://iprice.ph/clothing/men/polo-shirts/,,,,
,,,,,,,,,Sunglasses,https://iprice.ph/clothing/men/sunglasses/,,,,
,,,,,,Mens' shoes,https://a.ipricegroup.com/media/homepage/Icon_v2/Mans_Shoes.png,https://iprice.ph/shoes/men/,items1,,,,,
,,,,,,,,,name,url,,,,
,,,,,,,,,Boots,https://iprice.ph/shoes/men/boots/,,,,
,,,,,,,,,Sneakers,https://iprice.ph/shoes/men/sneakers/,,,,
,,,,,,,,,Loafers,https://iprice.ph/shoes/men/loafers/,,,,
,,,,,,,,,Flip Flops,https://iprice.ph/shoes/men/flip-flops/,,,,
,,,,,,,,,Sports,https://iprice.ph/shoes/men/sports/,,,,
,,,,,,,,,Boat,https://iprice.ph/shoes/men/boat/,,,,
,,,,,,,,,Sandals,https://iprice.ph/shoes/men/sandals/,,,,
,,,,,,,,,Brogues,https://iprice.ph/shoes/men/brogues/,,,,
,,,,,,Bags,https://a.ipricegroup.com/media/homepage/Icon_v2/Bags.png,https://iprice.ph/bags/,items1,,,,,
,,,,,,,,,name,url,,,,
,,,,,,,,,Backpacks,https://iprice.ph/bags/backpacks/,,,,
,,,,,,,,,Wallets,https://iprice.ph/bags/wallets/,,,,
,,,,,,,,,Tote,https://iprice.ph/bags/handbags/tote/,,,,
,,,,,,,,,Clutches,https://iprice.ph/bags/handbags/clutches/,,,,
,,,,,,,,,Sling,https://iprice.ph/bags/sling/,,,,
,,,,,,,,,Handbags,https://iprice.ph/bags/women/handbags/,,,,
,,,,,,,,,Duffel,https://iprice.ph/bags/duffel/,,,,
,,,,,,,,,Briefcases,https://iprice.ph/bags/briefcases/,,,,
,,,,,,,,,Luggage,https://iprice.ph/bags/travel/luggage/,,,,
,,,,,,,,,Waist,https://iprice.ph/bags/waist/,,,,
,,,,,,Jewellery,https://a.ipricegroup.com/media/homepage/Icon_v2/Jewellery.png,https://iprice.ph/jewellery/,items1,,,,,
,,,,,,,,,name,url,,,,
,,,,,,,,,Rings,https://iprice.ph/jewellery/rings/,,,,
,,,,,,,,,Bracelets,https://iprice.ph/jewellery/bracelets/,,,,
,,,,,,,,,Charms,https://iprice.ph/jewellery/charms/,,,,
,,,,,,,,,Necklaces,https://iprice.ph/jewellery/necklaces/,,,,
,,,,,,,,,Earrings,https://iprice.ph/jewellery/earrings/,,,,
,,,,,,,,,Cufflinks,https://iprice.ph/jewellery/cufflinks/,,,,
,,,,,,,,,Beads,https://iprice.ph/jewellery/beads/,,,,
,,,,,,,,,Brooches,https://iprice.ph/jewellery/brooches/,,,,
,,,,,,,,,Sets,https://iprice.ph/jewellery/sets/,,,,
,,,,,,,,,Accessories,https://iprice.ph/jewellery/accessories/,,,,
,,,,,,Watches,https://a.ipricegroup.com/media/homepage/Icon_v2/Watches_v2.png,https://iprice.ph/watches/,items1,,,,,
,,,,,,,,,name,url,,,,
,,,,,,,,,Sports,https://iprice.ph/watches/sports/,,,,
,,,,,,,,,Digital Watches,https://iprice.ph/watches/digital/,,,,
,,,,,,,,,Chronograph,https://iprice.ph/watches/chronograph/,,,,
,,,,,,,,,Analogue,https://iprice.ph/watches/analogue/,,,,
,,,,,,,,,Luxury,https://iprice.ph/watches/luxury/,,,,
PLP-HB-BrandCategory-Carousel,section13,fashion-panel,Shop Health & Beauty,,,items,,,,,,,,
,,,,,,brand-name,name,image-url,url,,,,,
,,,,,,Jo Malone,Perfume,https://p.ipricegroup.com/16bfd59aefc7344338de743cfeebcb61ac2f3e60_0.jpg,https://iprice.ph/jo-malone/perfume/,,,,,
,,,,,,Victorias Secret,Perfume,https://p.ipricegroup.com/6a71cb249c93a9e1d2abe73db8cdb58b9bc6d00c_0.jpg,https://iprice.ph/victorias-secret/perfume/,,,,,
,,,,,,M.A.C,Lipsticks,https://p.ipricegroup.com/uploaded_b74672cbcfc7107400ee9e06e2b781f3.jpg,https://iprice.ph/mac/makeup/lips/lipsticks/,,,,,
,,,,,,Clinique,Perfume,https://p.ipricegroup.com/62812c12ed14b37a2319fcaeb64f0458fc381a92_0.jpg,https://iprice.ph/clinique/perfume/,,,,,
,,,,,,L’Oréal,Colouring,https://p.ipricegroup.com/03c4f32a0be393f2eb8d92d317dd0599f49452b9_0.jpg,https://iprice.ph/loreal/hair-care/colouring/,,,,,
,,,,,,M.A.C,Makeup,https://p.ipricegroup.com/uploaded_b74672cbcfc7107400ee9e06e2b781f3.jpg,https://iprice.ph/mac/makeup/,,,,,
,,,,,,TONYMOLY,Tints,https://p.ipricegroup.com/4d47dfe41c182fc652ceefafd3e88cbc860b0237_0.jpg,https://iprice.ph/tonymoly/makeup/lips/tints/,,,,,
,,,,,,Human Nature,Moisturizers,https://p.ipricegroup.com/d46750a562f048acdbceb94d4808a5cd98a62077_0.jpg,https://iprice.ph/human-nature/skin-care/face/moisturizers/,,,,,
,,,,,,Cetaphil,Moisturizers,https://p.ipricegroup.com/2aac974abc834743a067b1ef7d6103979b50a802_0.jpg,https://iprice.ph/cetaphil/skin-care/face/moisturizers/,,,,,
,,,,,,Celeteque,Skin Care,https://p.ipricegroup.com/ca2c0e3eb4cb05bb368221e2b4e9a59f9a231b90_0.jpg,https://iprice.ph/celeteque/skin-care/,,,,,
,,,,,,L’Oréal,Lipsticks,https://p.ipricegroup.com/416a9b942091a973756ead1ae5d466dad2885b4c_0.jpg,https://iprice.ph/loreal/makeup/lips/lipsticks/,,,,,
,,,,,,Calvin Klein,Perfume,https://p.ipricegroup.com/2abfbac4e597d5637e81e952923e541fd3ee40a3_0.jpg,https://iprice.ph/calvin-klein/perfume/,,,,,
,,,,,,Etude House,Makeup,https://p.ipricegroup.com/uploaded_8284a0e666e5fa30c06b47d697e79f48.jpg,https://iprice.ph/etude-house/makeup/,,,,,
,,,,,,Cetaphil,Face Cleansers,https://p.ipricegroup.com/uploaded_26661bc751d76d2c0167ec394d61b1fa.jpg,https://iprice.ph/cetaphil/skin-care/face/cleansers/,,,,,
,,,,,,The Body Shop,Skin Care,https://p.ipricegroup.com/011c643ecf7c506ea5a3bd8eb3ec34ac3b4c7ba7_0.jpg,https://iprice.ph/the-body-shop/skin-care/,,,,,
,,,,,,NYX Cosmetics,Lipsticks,https://p.ipricegroup.com/700008b946fea7d7062f9e27f4903207fbd34246_0.jpg,https://iprice.ph/nyx-cosmetics/makeup/lips/lipsticks/,,,,,
,,,,,,Maybelline,Lipsticks,https://p.ipricegroup.com/78c683219c0e78bc82c95c227218e0f0aa02b780_0.jpg,https://iprice.ph/maybelline/makeup/lips/lipsticks/,,,,,
,,,,,,INNISFREE,Skin Care,https://p.ipricegroup.com/c0eb14c19d7b79c3c0931db7367a0d8291bbf9bc_0.jpg,https://iprice.ph/innisfree/skin-care/,,,,,
,,,,,,Revlon,Lipsticks,https://p.ipricegroup.com/e385c95ee29051513b7daa4e73e4ab7e16288a73_0.jpg,https://iprice.ph/revlon/makeup/lips/lipsticks/,,,,,
,,,,,,The Body Shop,Bath & Body,https://p.ipricegroup.com/aee0dcce95b15dad17b3542c4295b2d05dcb680e_0.jpg,https://iprice.ph/the-body-shop/bath-body/,,,,,
PLP-HB-Brand-Carousel,section13_brand,link,,,,items,,,,,,,,
,,,,,,name,image-url,url,,,,,,
,,,,,,Dove,https://a.ipricegroup.com/brand/dove.jpg,https://iprice.ph/dove/,,,,,,
,,,,,,The Face Shop,https://a.ipricegroup.com/brand/the-face-shop.jpg,https://iprice.ph/the-face-shop/,,,,,,
,,,,,,Cetaphil,https://a.ipricegroup.com/brand/cetaphil.jpg,https://iprice.ph/cetaphil/,,,,,,
,,,,,,Nworld,,https://iprice.ph/nworld/,,,,,,
,,,,,,Nature Republic,https://a.ipricegroup.com/brand/nature-republic.jpg,https://iprice.ph/nature-republic/,,,,,,
,,,,,,Vice Cosmetics,,https://iprice.ph/vice-cosmetics/,,,,,,
,,,,,,Etude House,https://a.ipricegroup.com/brand/etude-house.jpg,https://iprice.ph/etude-house/,,,,,,
,,,,,,Human Nature,,https://iprice.ph/human-nature/,,,,,,
,,,,,,The Body Shop,https://a.ipricegroup.com/brand/the-body-shop.jpg,https://iprice.ph/the-body-shop/,,,,,,
,,,,,,Victoria's Secret,https://a.ipricegroup.com/brand/victorias-secret.jpg,https://iprice.ph/victorias-secret/,,,,,,
,,,,,,Maybelline,https://s17.postimg.org/rt5epbe4v/maybelline.png,https://iprice.ph/maybelline/,,,,,,
,,,,,,Colourpop,https://a.ipricegroup.com/brand/colourpop.jpg,https://iprice.ph/colourpop/,,,,,,
,,,,,,Innisfree,https://a.ipricegroup.com/brand/innisfree.jpg,https://iprice.ph/innisfree/,,,,,,
,,,,,,Jo Malone,https://a.ipricegroup.com/brand/jo-malone.jpg,https://iprice.ph/jo-malone/,,,,,,
,,,,,,NYX Cosmetics,https://a.ipricegroup.com/brand/nyx-cosmetics.jpg,https://iprice.ph/nyx-cosmetics/,,,,,,
,,,,,,BLK Cosmetics,,https://iprice.ph/blk-cosmetics/,,,,,,
,,,,,,Peripera,https://a.ipricegroup.com/brand/peripera.jpg,https://iprice.ph/peripera/,,,,,,
,,,,,,The Faceshop,,https://iprice.ph/the-faceshop/,,,,,,
,,,,,,Happy Skin,,https://iprice.ph/happy-skin/,,,,,,
,,,,,,TONYMOLY,https://a.ipricegroup.com/brand/tonymoly.jpg,https://iprice.ph/tonymoly/,,,,,,
,,,,,,,https://a.ipricegroup.com/media/homepage/EN_allbrands.jpg,https://iprice.ph/brands/,,,,,,
PLP-HB-Category-Carousel,section14,product-carousel,,,,,,,,,,,,
,,,,,,items,,,,,,,,
,,,,,,name,image-url,url,,,,,,
,,,,,,Skin Care,https://a.ipricegroup.com/media/homepage/Icon_v2/Skin_Care.png,https://iprice.ph/skin-care/,items1,,,,,
,,,,,,,,,name,url,,,,
,,,,,,,,,Face Skin Care,https://iprice.ph/skin-care/face/,,,,
,,,,,,,,,Hand,https://iprice.ph/skin-care/hand/,,,,
,,,,,,,,,Eyes,https://iprice.ph/skin-care/eyes/,,,,
,,,,,,,,,Foot,https://iprice.ph/skin-care/foot/,,,,
,,,,,,Eyecare,https://a.ipricegroup.com/media/homepage/Icon_v2/Eye_Care.png,https://iprice.ph/eyecare/,items1,,,,,
,,,,,,,,,name,url,,,,
,,,,,,,,,Glasses,https://iprice.ph/eyecare/glasses/,,,,
,,,,,,,,,Contact Lenses,https://iprice.ph/eyecare/contact-lenses/,,,,
,,,,,,,,,Eye drops in the Philippines,https://iprice.ph/eyecare/eye-drops/,,,,
,,,,,,Dental Care,https://a.ipricegroup.com/media/homepage/Icon_v2/Dental_Care.png,https://iprice.ph/dental-care/,items1,,,,,
,,,,,,,,,name,url,,,,
,,,,,,,,,Toothbrushes,https://iprice.ph/dental-care/toothbrushes/,,,,
,,,,,,,,,Toothpastes,https://iprice.ph/dental-care/toothpastes/,,,,
,,,,,,,,,Flosses,https://iprice.ph/dental-care/flosses/,,,,
,,,,,,,,,Mouthwash,https://iprice.ph/dental-care/mouthwash/,,,,
,,,,,,,,,Accessories,https://iprice.ph/dental-care/accessories/,,,,
,,,,,,Makeup,https://a.ipricegroup.com/media/homepage/Icon_v2/Make_Up.png,https://iprice.ph/makeup/,items1,,,,,
,,,,,,,,,name,url,,,,
,,,,,,,,,Lips Makeups,https://iprice.ph/makeup/lips/,,,,
,,,,,,,,,Face,https://iprice.ph/makeup/face/,,,,
,,,,,,,,,Accessories,https://iprice.ph/makeup/accessories/,,,,
,,,,,,,,,Eye Makeups,https://iprice.ph/makeup/eyes/,,,,
,,,,,,,,,Wigs,https://iprice.ph/makeup/wigs/,,,,
,,,,,,,,,Set,https://iprice.ph/makeup/set/,,,,
,,,,,,,,,Setting Sprays,https://iprice.ph/makeup/setting-sprays/,,,,
,,,,,,,,,Makeup Removers,https://iprice.ph/makeup/removers/,,,,
,,,,,,,,,Sets,https://iprice.ph/makeup/sets/,,,,
,,,,,,Perfume,https://a.ipricegroup.com/media/homepage/Icon_v2/Perfume.png,https://iprice.ph/perfume/,items1,,,,,
,,,,,,,,,name,url,,,,
,,,,,,,,,Eau De Toilette,https://iprice.ph/perfume/eau-de-toilette/,,,,
,,,,,,,,,Eau De Parfum,https://iprice.ph/perfume/eau-de-parfum/,,,,
,,,,,,,,,Eau De Cologne,https://iprice.ph/perfume/eau-de-cologne/,,,,
,,,,,,Hair Care,https://a.ipricegroup.com/media/homepage/Icon_v2/Hair_Care.png,https://iprice.ph/hair-care/,items1,,,,,
,,,,,,,,,name,url,,,,
,,,,,,,,,Styling,https://iprice.ph/hair-care/styling/,,,,
,,,,,,,,,Treatments,https://iprice.ph/hair-care/treatments/,,,,
,,,,,,,,,Colouring,https://iprice.ph/hair-care/colouring/,,,,
,,,,,,,,,Shampoos,https://iprice.ph/hair-care/shampoos/,,,,
,,,,,,,,,Conditioners,https://iprice.ph/hair-care/conditioners/,,,,
,,,,,,Bath & Body,https://a.ipricegroup.com/media/homepage/Icon_v2/Bath_and_Body_.png,https://iprice.ph/bath-body/,items1,,,,,
,,,,,,,,,name,url,,,,
,,,,,,,,,Oils,https://iprice.ph/bath-body/oils/,,,,
,,,,,,,,,Lotions,https://iprice.ph/bath-body/lotions/,,,,
,,,,,,,,,Shower,https://iprice.ph/bath-body/shower/,,,,
,,,,,,,,,Mists,https://iprice.ph/bath-body/mists/,,,,
,,,,,,,,,Hair Removal,https://iprice.ph/bath-body/hair-removal/,,,,
,,,,,,,,,Massagers,https://iprice.ph/bath-body/massagers/,,,,
,,,,,,,,,Deodorants,https://iprice.ph/bath-body/deodorants/,,,,
,,,,,,,,,Accessories,https://iprice.ph/bath-body/accessories/,,,,
,,,,,,,,,Slimming,https://iprice.ph/bath-body/slimming/,,,,
,,,,,,,,,Slimming,https://iprice.ph/bath-body/slimming/,,,,
,,,,,,,,,Feminine Hygiene,https://iprice.ph/bath-body/feminine-hygiene/,,,,
,,,,,,,,,Massage Chairs,https://iprice.ph/bath-body/massage-chairs/,,,,
,,,,,,Supplements,https://a.ipricegroup.com/media/homepage/Icon_v2/Supplement.png,https://iprice.ph/supplements/,items1,,,,,
,,,,,,,,,name,url,,,,
,,,,,,,,,Vitamins,https://iprice.ph/supplements/vitamins/,,,,
,,,,,,,,,Dietary,https://iprice.ph/supplements/dietary/,,,,
,,,,,,,,,Chia Seeds,https://iprice.ph/supplements/chia-seeds/,,,,
,,,,,,,,,Collagen,https://iprice.ph/supplements/collagen/,,,,
,,,,,,,,,Minerals,https://iprice.ph/supplements/minerals/,,,,
,,,,,,,,,Antioxidants,https://iprice.ph/supplements/antioxidants/,,,,
,,,,,,,,,Weight Loss,https://iprice.ph/supplements/weight-loss/,,,,
,,,,,,Shaving Supplies,https://a.ipricegroup.com/media/homepage/Icon_v2/Shaving_Supplies.png,https://iprice.ph/shaving-supplies/,items1,,,,,
,,,,,,,,,name,url,,,,
,,,,,,,,,Trimmers & Clippers,https://iprice.ph/shaving-supplies/trimmers-clippers/,,,,
,,,,,,,,,After Shave,https://iprice.ph/shaving-supplies/after-shave/,,,,
,,,,,,,,,Creams,https://iprice.ph/shaving-supplies/creams/,,,,
,,,,,,,,,Razor Blades,https://iprice.ph/shaving-supplies/razor-blades/,,,,
,,,,,,,,,Razors,https://iprice.ph/shaving-supplies/razors/,,,,
,,,,,,,,,Gels,https://iprice.ph/shaving-supplies/gels/,,,,
,,,,,,Medical Supplies,https://a.ipricegroup.com/media/homepage/Icon_v2/Medical_Supplies.png,https://iprice.ph/medical-supplies/,items1,,,,,
,,,,,,,,,name,url,,,,
,,,,,,,,,Scale,https://iprice.ph/medical-supplies/scale/,,,,
,,,,,,,,,Blood Pressure,https://iprice.ph/medical-supplies/blood-pressure/,,,,
,,,,,,,,,Lumbar Support,https://iprice.ph/medical-supplies/lumbar-support/,,,,
,,,,,,,,,First Aid,https://iprice.ph/medical-supplies/first-aid/,,,,
,,,,,,,,,Injury Support,https://iprice.ph/medical-supplies/injury-support/,,,,
,,,,,,,,,Personal Pleasure,https://iprice.ph/medical-supplies/personal-pleasure/,,,,
,,,,,,,,,Thermometers,https://iprice.ph/medical-supplies/thermometers/,,,,
,,,,,,,,,Blood Glucose,https://iprice.ph/medical-supplies/blood-glucose/,,,,
,,,,,,,,,Wheel Chairs,https://iprice.ph/medical-supplies/wheel-chairs/,,,,
,,,,,,,,,Body Fat Analyzers,https://iprice.ph/medical-supplies/body-fat-analyzers/,,,,
,,,,,,,,,Nebulizers & Aspirators,https://iprice.ph/medical-supplies/nebulizers-aspirators/,,,,
,,,,,,,,,Commode Chairs,https://iprice.ph/medical-supplies/commode-chairs/,,,,
,,,,,,,,,Fertility Tests,https://iprice.ph/medical-supplies/fertility-tests/,,,,
,,,,,,,,,Ripple Mattresses,https://iprice.ph/medical-supplies/ripple-mattresses/,,,,
,,,,,,,,,Medical Beds,https://iprice.ph/medical-supplies/medical-beds/,,,,
PDP-HB-Carousel,section2,product-carousel,,,,items,,,,,,,,
,,,,,,name,price,store-count,image-url,url,,,,
,,,,,,Nature Republic Aloe Vera 92% Soothing Gel,₱ 41.00,6,https://p.ipricegroup.com/uploaded_d18d940e3220b4b2d05b7449c2eacf8e.jpg,https://iprice.ph/compare/nature-republic-aloe-vera-92-soothing-gel/,,,,
,,,,,,Maybelline Fit Me Foundation Matte Poreless,₱ 299.00,5,https://p.ipricegroup.com/uploaded_e8dddad35747641d0a61e4b2e37d7e0f.jpg,https://iprice.ph/compare/maybelline-fit-me-foundation-matte-poreless/,,,,
,,,,,,Nature Republic Aloe Vera,₱ 313.92,5,https://p.ipricegroup.com/18c613f06c09447fff214cdd986b81beae993660_0.jpg,https://iprice.ph/compare/nature-republic-aloe-vera/,,,,
,,,,,,Colourpop Ultra Matte Lip,₱ 199.00,3,https://p.ipricegroup.com/uploaded_2545f649188cee61d3de47979b810053.jpg,https://iprice.ph/compare/colourpop-ultra-matte-lip/,,,,
,,,,,,NYX Soft Matte Lip Cream,₱ 199.00,4,https://p.ipricegroup.com/uploaded_dfbacc456b11b4689a0887c8a1f79a71.jpg,https://iprice.ph/compare/nyx-soft-matte-lip-cream/,,,,
,,,,,,M.A.C Matte Lipstick,"₱ 1,100.00",6,https://p.ipricegroup.com/uploaded_b74672cbcfc7107400ee9e06e2b781f3.jpg,https://iprice.ph/compare/mac-matte-lipstick/,,,,
,,,,,,Innisfree Super Volcanic Pore Clay Mask,₱ 125.00,6,https://p.ipricegroup.com/794e97ae8ee5fde1b0be7ca883122aaa237bb5b2_0.jpg,https://iprice.ph/compare/innisfree-super-volcanic-pore-clay-mask/,,,,
,,,,,,Anastasia Beverly Hills Dipbrow Pomade,₱ 29.00,5,https://p.ipricegroup.com/uploaded_3b1c8cf032b88b50242cabb888617a69.jpg,https://iprice.ph/compare/anastasia-beverly-hills-dipbrow-pomade/,,,,
,,,,,,Bath & Body Works Fine Fragrance Mist,₱ 300.00,3,https://p.ipricegroup.com/uploaded_b3ac7f00461c60a52be6252af0906c03.jpg,https://iprice.ph/compare/bath-body-works-fine-fragrance-mist/,,,,
,,,,,,Versace Bright Crystal Absolu,₱ 360.00,8,https://p.ipricegroup.com/uploaded_e42679605caa24744074688eda3319d2.jpg,https://iprice.ph/compare/versace-bright-crystal-absolu/,,,,
,,,,,,Vice Cosmetics Lip and Cheek Tint,₱ 130.50,2,https://p.ipricegroup.com/uploaded_7a1952580c7c76380e85143a4e1d6cd0.jpg,https://iprice.ph/compare/vice-cosmetics-lip-and-cheek-tint/,,,,
,,,,,,Etude House Precious Mineral BB Cream Blooming Fit,₱ 185.00,2,https://p.ipricegroup.com/uploaded_8284a0e666e5fa30c06b47d697e79f48.jpg,https://iprice.ph/compare/etude-house-precious-mineral-bb-cream-blooming-fit/,,,,
,,,,,,LANEIGE Two Tone Lip Bar,₱ 500.00,6,https://p.ipricegroup.com/uploaded_947be0ab1369ded79928754b64778e9e.jpg,https://iprice.ph/compare/laneige-two-tone-lip-bar/,,,,
,,,,,,NYX Lip Lingerie,₱ 378.12,3,https://p.ipricegroup.com/uploaded_ec9dd8b2527b1e7ea04ce2f50f4567d1.jpg,https://iprice.ph/compare/nyx-lip-lingerie/,,,,
,,,,,,REVLON ColorBurst Matte Balm,₱ 448.00,5,https://p.ipricegroup.com/uploaded_5ce1cae3e0055a805a9550a97e5e7609.jpg,https://iprice.ph/compare/revlon-colorburst-matte-balm/,,,,
,,,,,,The Face Shop Jeju Aloe 99%,₱ 199.00,1,https://p.ipricegroup.com/uploaded_97ac83f6527a0488b6d5f850284d119e.jpg,https://iprice.ph/compare/the-face-shop-jeju-aloe-99/,,,,
,,,,,,LANEIGE BB Cushion Pore Control,"₱ 1,169.00",3,https://p.ipricegroup.com/uploaded_e1e25484bddd30e5f13f5dff56bd179a.jpg,https://iprice.ph/compare/laneige-bb-cushion-pore-control/,,,,
,,,,,,Revlon Ultra HD Matte Lipcolour,₱ 472.65,7,https://p.ipricegroup.com/uploaded_a567fbd6690d7eaa9a4dd5d60874050c.jpg,https://iprice.ph/compare/revlon-ultra-hd-matte-lipcolour/,,,,
PDP-HB-SeeMore,section2,product-carousel,,,,items,,,,,,,,
,,,,,,name,image-url,url,,,,,,
,,,,,,Nature Republic Aloe Vera,https://p.ipricegroup.com/18c613f06c09447fff214cdd986b81beae993660_0.jpg,https://iprice.ph/compare/nature-republic-aloe-vera/,,,,,,
,,,,,,Maybelline Fit Me Concealer,https://p.ipricegroup.com/uploaded_544117217e8fb6d9e3001c33995b578e.jpg,https://iprice.ph/compare/maybelline-fit-me-concealer/,,,,,,
,,,,,,LANEIGE Water Sleeping Mask,https://p.ipricegroup.com/uploaded_ce9a80bbc9c4fbca299292e483ca7ca8.jpg,https://iprice.ph/compare/laneige-water-sleeping-mask/,,,,,,
,,,,,,Cetaphil Gentle Skin Cleanser,https://p.ipricegroup.com/uploaded_cc30593a813a62838a7a47aab6410768.jpg,https://iprice.ph/compare/cetaphil-gentle-skin-cleanser/,,,,,,
,,,,,,Cetaphil Moisturizing Cream,https://p.ipricegroup.com/2aac974abc834743a067b1ef7d6103979b50a802_0.jpg,https://iprice.ph/compare/cetaphil-moisturizing-cream/,,,,,,
,,,,,,3CE Velvet Lip Tint,https://p.ipricegroup.com/uploaded_467ce29609c5da8a643a1dc131a7ac04.jpg,https://iprice.ph/compare/3ce-velvet-lip-tint/,,,,,,
,,,,,,M.A.C Matte Lipstick,https://p.ipricegroup.com/uploaded_b74672cbcfc7107400ee9e06e2b781f3.jpg,https://iprice.ph/compare/mac-matte-lipstick/,,,,,,
,,,,,,BVLGARI Extreme,https://p.ipricegroup.com/uploaded_071180c45b8e93e89d4e62d61005782c.jpg,https://iprice.ph/compare/bvlgari-extreme/,,,,,,
,,,,,,Cetaphil Moisturizing Lotion,https://p.ipricegroup.com/uploaded_e0246a2531ad557b04448d194e6bbf1a.jpg,https://iprice.ph/compare/cetaphil-moisturizing-lotion/,,,,,,
,,,,,,APRILSKIN Magic Snow Cushion,https://p.ipricegroup.com/uploaded_7795afe8131954ed1d1fba42d49e4e15.jpg,https://iprice.ph/compare/aprilskin-magic-snow-cushion/,,,,,,
PDP-PLP-SeeMore,section10,link,More Products,1234,1234,items,,,,,,,,
,,,,,,name,image-url,url,,,,,,
,,,,,,Lazada,https://p.ipricegroup.com/0a2bfe348683d1e1c09b841892ebe3cd381e4360_0.jpg,https://iprice.ph/lazada/,,,,,,
,,,,,,SHOWPO,https://p.ipricegroup.com/0f529762df5cd6a30a726680f97e32d838b99852_0.jpg,https://iprice.ph/showpo/,,,,,,
,,,,,,Star,https://p.ipricegroup.com/d60cef185622f410b4cf2f505001d3f6cd86795a_0.jpg,https://iprice.ph/star/,,,,,,
,,,,,,Huawei Y6 Pro,https://p.ipricegroup.com/uploaded_515dbdd476f91ce7acc1c32458cbcea8.jpg,https://iprice.ph/compare/huawei-y6-pro/,,,,,,
,,,,,,Samsung Galaxy A50,https://p.ipricegroup.com/uploaded_6fef33c1878d945ff5cb7845bba2af47.jpg,https://iprice.ph/compare/samsung-galaxy-a50/,,,,,,
,,,,,,Xiaomi Redmi Note 7 Pro,https://p.ipricegroup.com/117e1471002a0f582b2bb80c5f3c8c3101f190bc_0.jpg,https://iprice.ph/compare/xiaomi-redmi-note-7-pro/,,,,,,
,,,,,,Huawei Y7,https://p.ipricegroup.com/uploaded_78739fb02ada99fc7df107f447bf5ccd.jpg,https://iprice.ph/compare/huawei-y7/,,,,,,
,,,,,,Apple iPhone 6s Plus,https://p.ipricegroup.com/uploaded_7970e121af30cdd7ff0b4bb8e77f22bc.jpg,https://iprice.ph/compare/apple-iphone-6s-plus/,,,,,,
,,,,,,Apple iPhone 6 Plus,https://p.ipricegroup.com/uploaded_5a248f848b0ea67f711551924cc2fc3f.jpg,https://iprice.ph/compare/apple-iphone-6-plus/,,,,,,
,,,,,,Samsung Galaxy S10,https://p.ipricegroup.com/uploaded_23e307ef79dc1614c4b4ec2e042e6312.jpg,https://iprice.ph/compare/samsung-galaxy-s10/,,,,,,
,,,,,,Vivo V15 Pro,https://p.ipricegroup.com/uploaded_edb433d617c429ac40323d539833cd02.jpg,https://iprice.ph/compare/vivo-v15-pro/,,,,,,
,,,,,,Apple iPhone 8 Plus,https://p.ipricegroup.com/uploaded_d5a811a2a5010fb1b5ea05c19a764300.jpg,https://iprice.ph/compare/apple-iphone-8-plus/,,,,,,
,,,,,,Huawei P30 Pro,https://p.ipricegroup.com/uploaded_ef85b4f979f17267f1aec2a81160fbd3.jpg,https://iprice.ph/compare/huawei-p30-pro/,,,,,,
,,,,,,Xiaomi Mi 9,https://p.ipricegroup.com/uploaded_f7f74bb910b792b17b7ecc91fc206375.jpg,https://iprice.ph/compare/xiaomi-mi-9/,,,,,,
,,,,,,Apple iPhone Xs,https://p.ipricegroup.com/uploaded_331c9b16d11bd5a421d16df3700dd220.jpg,https://iprice.ph/compare/apple-iphone-xs/,,,,,,
,,,,,,On-Ear Headphones,https://p.ipricegroup.com/7868867_0.jpg,https://iprice.ph/compare/jabra-halo-halo/,,,,,,
,,,,,,Vivo Y91i,https://p.ipricegroup.com/uploaded_8d785142546e168337fb50e5271e4644.jpg,https://iprice.ph/compare/vivo-y91i/,,,,,,
,,,,,,Huawei Mate 20,https://p.ipricegroup.com/717647cbc524804c9e9c2caeb3cf1a6c19a81afa_0.jpg,https://iprice.ph/compare/huawei-mate-20/,,,,,,
,,,,,,Samsung Galaxy M20,https://p.ipricegroup.com/19c231130183bae2c915f67a270f1a7111ff5e06_0.jpg,https://iprice.ph/compare/samsung-galaxy-m20/,,,,,,
,,,,,,Huawei Y9 (2019),https://p.ipricegroup.com/uploaded_50d2a6a3fe416211324d91f5c27f1483.jpg,https://iprice.ph/compare/huawei-y9-2019/,,,,,,
End,,,,,,,,,,,,,,