section,name,type,title,go-to-url,go-to-title,,,,,,,,,
Coupons-Store-Carousel,section6,catagory-carousel-no-text,Find the Best Deals Online,,All Stores,items,,,,,,,,
,,,,,,name,image-url,url,,,,,,
,,,,,,Lazada Promo Code,https://a.ipricegroup.com/store/lazada-sg.jpg,https://iprice.sg/coupons/lazada/,,,,,,
,,,,,,Qoo10 Coupon,https://a.ipricegroup.com/store/qoo10-sg.jpg,https://iprice.sg/coupons/qoo10/,,,,,,
,,,,,,Shopee Promo Code,https://a.ipricegroup.com/store/shopee-sg.jpg,https://iprice.sg/coupons/shopee/,,,,,,
,,,,,,Zalora Promo Code,https://a.ipricegroup.com/store/zalora-sg.jpg,https://iprice.sg/coupons/zalora/,,,,,,
,,,,,,Agoda Promo Code,https://a.ipricegroup.com/store/agoda-sg.jpg,https://iprice.sg/coupons/agoda/,,,,,,
,,,,,,Apple,https://a.ipricegroup.com/store/apple-sg.jpg,https://iprice.sg/coupons/apple/,,,,,,
,,,,,,Asos Promo Code,https://a.ipricegroup.com/store/asos-sg.jpg,https://iprice.sg/coupons/asos/,,,,,,
,,,,,,Deliveroo Promo Code,https://a.ipricegroup.com/store/deliveroo-sg.jpg,https://iprice.sg/coupons/deliveroo/,,,,,,
,,,,,,Expedia Promo Code,https://a.ipricegroup.com/store/expedia-sg.jpg,https://iprice.sg/coupons/expedia/,,,,,,
,,,,,,Farfetch Promo Code,https://a.ipricegroup.com/store/farfetch-sg.jpg,https://iprice.sg/coupons/farfetch/,,,,,,
,,,,,,Fave,https://a.ipricegroup.com/store/fave-sg.jpg,https://iprice.sg/coupons/fave/,,,,,,
,,,,,,Hotels.com Promo Code,https://a.ipricegroup.com/store/hotelscom-sg.jpg,https://iprice.sg/coupons/hotelscom/,,,,,,
,,,,,,KKday Promo Code,https://a.ipricegroup.com/store/kkday-sg.jpg,https://iprice.sg/coupons/kkday/,,,,,,
,,,,,,Klook Promo Code,https://a.ipricegroup.com/store/klook-sg.jpg,https://iprice.sg/coupons/klook/,,,,,,
,,,,,,Vaniday Promo Code,https://a.ipricegroup.com/store/vaniday-sg.jpg,https://iprice.sg/coupons/vaniday/,,,,,,
,,,,,,IHerb,https://a.ipricegroup.com/store/iherb-sg.jpg,https://iprice.sg/coupons/iherb/,,,,,,
PLP-EL-BrandCategory-Carousel,section3,catagory-carousel,Compare the Best Prices in Electronics,,,items,,,,,,,,
,,,,,,brand-name,name,image-url,url,,,,,
,,,,,,Apple,Laptops,https://p.ipricegroup.com/uploaded_f427b46bc66db75e776936abf32c9e2e.jpg,https://iprice.sg/apple/computing/laptops/,,,,,
,,,,,,ASUS,Laptops,https://p.ipricegroup.com/uploaded_2510cfcd8fb152367db5952219e183cf.jpg,https://iprice.sg/asus/computing/laptops/,,,,,
,,,,,,Dell,Laptops,https://p.ipricegroup.com/uploaded_78b2f6fd794a59d8cfefa32df7f6903f.jpg,https://iprice.sg/dell/computing/laptops/,,,,,
,,,,,,Lenovo,Laptops,https://p.ipricegroup.com/uploaded_0f87f2a9415f8cbaba951c526175a27e.jpg,https://iprice.sg/lenovo/computing/laptops/,,,,,
,,,,,,OPPO,Smartphones,https://p.ipricegroup.com/uploaded_c4819eeb58d65cffb59265a10e0ff1de.jpg,https://iprice.sg/oppo/phones-tablets/smartphones/,,,,,
,,,,,,Microsoft,Office,https://p.ipricegroup.com/31738037_0.jpg,https://iprice.sg/microsoft/computing/software/office/,,,,,
,,,,,,Xiaomi,Smartphones,https://p.ipricegroup.com/cc218aca8d681a07de1af2311cc3f40d9a4b044e_0.jpg,https://iprice.sg/xiaomi/phones-tablets/smartphones/,,,,,
,,,,,,Apple,IPad,https://p.ipricegroup.com/uploaded_d4b610480b2428460d850139d76a3500.jpg,https://iprice.sg/apple/ipad/,,,,,
,,,,,,Google,Smartphones,https://p.ipricegroup.com/uploaded_af620173baa1a05620024c768c8fb843.jpg,https://iprice.sg/google/phones-tablets/smartphones/,,,,,
,,,,,,HP,Laptops,https://p.ipricegroup.com/uploaded_e06c84ebbcddb47c495a5a9b729f7119.jpg,https://iprice.sg/hp/computing/laptops/,,,,,
,,,,,,BIZGRAM,Hardware,https://p.ipricegroup.com/bc59160d801e2ee6e8f899723fe3146b6f8ae4d1_0.jpg,https://iprice.sg/bizgram/computing/hardware/,,,,,
,,,,,,Panasonic,Refrigerators,https://p.ipricegroup.com/bd4cc1788fb4f80ad6bd9f0f46972541213ad62c_0.jpg,https://iprice.sg/panasonic/appliances/refrigerators/,,,,,
,,,,,,Acer,Laptops,https://p.ipricegroup.com/uploaded_ee01c45d904d866957cce7ca35cc14ea.jpg,https://iprice.sg/acer/computing/laptops/,,,,,
,,,,,,Huawei,Smartphones,https://p.ipricegroup.com/uploaded_ca23625cad8dc6854d7774f5f7e2f8b4.jpg,https://iprice.sg/huawei/phones-tablets/smartphones/,,,,,
,,,,,,Vivo,Smartphones,https://p.ipricegroup.com/uploaded_d5dde77517b2e5723de35e28820a016e.jpg,https://iprice.sg/vivo/phones-tablets/smartphones/,,,,,
,,,,,,TP-LINK,WiFi Routers,https://p.ipricegroup.com/uploaded_e75b3e119910e145313a76b755e5d367.jpg,https://iprice.sg/tp-link/computing/network-gear/wifi-routers/,,,,,
,,,,,,RAZER,Mouse,https://p.ipricegroup.com/uploaded_8c1be110c9d2701931f8da50bfe82f3c.jpg,https://iprice.sg/razer/computing/accessories/mouse/,,,,,
,,,,,,Samsung,Tablets,https://p.ipricegroup.com/uploaded_2aab26ba5bc0482ba5e65e7754c72af3.jpg,https://iprice.sg/samsung/phones-tablets/tablets/,,,,,
,,,,,,xbox,Gaming,https://p.ipricegroup.com/50c3431272e53095594b1b3fc7f3c4ea9ff64900_0.jpg,https://iprice.sg/xbox/gaming/,,,,,
,,,,,,Bosch,Blenders,https://p.ipricegroup.com/32171410_0.jpg,https://iprice.sg/bosch/appliances/blenders/,,,,,
,,,,,,Fuji Xerox,Printers,https://p.ipricegroup.com/uploaded_cdcd52ded8594b2164da85846fd44d6e.jpg,https://iprice.sg/fuji-xerox/computing/printers/,,,,,
,,,,,,Bose,Headphones,https://p.ipricegroup.com/32319734_0.jpg,https://iprice.sg/bose/audio-hi-fi/headphones/,,,,,
PLP-EL-Brand-Carousel,section3_brand,catagory-carousel-no-text,,,,items,,,,,,,,
,,,,,,name,image-url,url,,,,,,
,,,,,,Samsung,https://a.ipricegroup.com/brand/samsung.jpg,https://iprice.sg/samsung/,,,,,,
,,,,,,Kindle,https://a.ipricegroup.com/brand/kindle.jpg,https://iprice.sg/kindle/,,,,,,
,,,,,,Apple,https://a.ipricegroup.com/media/Zach__2_/apple.png,https://iprice.sg/apple/,,,,,,
,,,,,,,,https://iprice.sg/garmin/,,,,,,
,,,,,,DELL,https://a.ipricegroup.com/media/Zach__2_/dell.png,https://iprice.sg/dell/,,,,,,
,,,,,,Lenovo,https://a.ipricegroup.com/media/Zach__2_/lenovo.png,https://iprice.sg/lenovo/,,,,,,
,,,,,,ASUS,https://a.ipricegroup.com/media/Zach__2_/asus.png,https://iprice.sg/asus/,,,,,,
,,,,,,Sony,https://a.ipricegroup.com/media/Zach__2_/sony.png,https://iprice.sg/sony/,,,,,,
,,,,,,Canon,https://a.ipricegroup.com/media/Zach__2_/canon.png,https://iprice.sg/canon/,,,,,,
,,,,,,Arduino,https://a.ipricegroup.com/brand/arduino.jpg,https://iprice.sg/arduino/,,,,,,
,,,,,,GoPro,https://a.ipricegroup.com/brand/gopro.jpg,https://iprice.sg/gopro/,,,,,,
,,,,,,LG,https://a.ipricegroup.com/media/Zach__2_/lg.png,https://iprice.sg/lg/,,,,,,
,,,,,,OnePlus,https://a.ipricegroup.com/brand/oneplus.jpg,https://iprice.sg/oneplus/,,,,,,
,,,,,,Acer,https://a.ipricegroup.com/media/Zach__2_/acer.png,https://iprice.sg/acer/,,,,,,
,,,,,,Spigen,https://a.ipricegroup.com/brand/spigen.jpg,https://iprice.sg/spigen/,,,,,,
,,,,,,Panasonic,https://a.ipricegroup.com/media/Zach__2_/panasonic.png,https://iprice.sg/panasonic/,,,,,,
,,,,,,Corsair,https://a.ipricegroup.com/brand/corsair.jpg,https://iprice.sg/corsair/,,,,,,
,,,,,,Sennheiser,https://a.ipricegroup.com/brand/sennheiser.jpg,https://iprice.sg/sennheiser/,,,,,,
,,,,,,Bitdefender,,https://iprice.sg/bitdefender/,,,,,,
,,,,,,Huawei,https://a.ipricegroup.com/media/Zach__2_/huawei.png,https://iprice.sg/huawei/,,,,,,
,,,,,,,https://a.ipricegroup.com/media/homepage/EN_allbrands.jpg,https://iprice.sg/brands/,,,,,,
PLP-EL-Category-Carousel,section11,product-carousel,,,,items,,,,,,,,
,,,,,,name,image-url,url,,,,,,
,,,,,,Computer,https://a.ipricegroup.com/media/homepage/Icon_v2/Computers.png,https://iprice.sg/computing/,items1,,,,,
,,,,,,,,,name,url,,,,
,,,,,,,,,Laptops,https://iprice.sg/computing/laptops/,,,,
,,,,,,,,,Desktop PCs,https://iprice.sg/computing/desktop-pcs/,,,,
,,,,,,,,,Webcams,https://iprice.sg/computing/webcams/,,,,
,,,,,,,,,Software,https://iprice.sg/computing/software/,,,,
,,,,,,,,,Printers,https://iprice.sg/computing/printers/,,,,
,,,,,,,,,Hardware,https://iprice.sg/computing/hardware/,,,,
,,,,,,,,,Accessories,https://iprice.sg/computing/accessories/,,,,
,,,,,,,,,External Storage,https://iprice.sg/computing/external-storage/,,,,
,,,,,,,,,Network Gear,https://iprice.sg/computing/network-gear/,,,,
,,,,,,Phones & Tablets,https://a.ipricegroup.com/media/homepage/Icon_v2/Tablets_and_Phones.png,https://iprice.sg/phones-tablets/,items1,,,,,
,,,,,,,,,name,url,,,,
,,,,,,,,,Smartphones,https://iprice.sg/phones-tablets/smartphones/,,,,
,,,,,,,,,Tablets,https://iprice.sg/phones-tablets/tablets/,,,,
,,,,,,,,,Smartwatches,https://iprice.sg/phones-tablets/smartwatches/,,,,
,,,,,,,,,Bluetooth Headsets,https://iprice.sg/phones-tablets/bluetooth-headsets/,,,,
,,,,,,,,,Basic Phones,https://iprice.sg/phones-tablets/basic-phones/,,,,
,,,,,,,,,Smartphones,https://iprice.sg/upcoming-products/smartphones/,,,,
,,,,,,Gaming,https://a.ipricegroup.com/media/homepage/Icon_v2/Gaming.png,https://iprice.sg/gaming/,items1,,,,,
,,,,,,,,,name,url,,,,
,,,,,,,,,Playstation,https://iprice.sg/gaming/playstation/,,,,
,,,,,,,,,Xbox,https://iprice.sg/gaming/xbox/,,,,
,,,,,,,,,Games,https://iprice.sg/gaming/games/,,,,
,,,,,,,,,Controllers,https://iprice.sg/gaming/controllers/,,,,
,,,,,,,,,Nintendo,https://iprice.sg/gaming/nintendo/,,,,
,,,,,,,,,Accessories,https://iprice.sg/gaming/accessories/,,,,
,,,,,,,,,Mobile,https://iprice.sg/gaming/mobile/,,,,
,,,,,,,,,Other Consoles,https://iprice.sg/gaming/other-consoles/,,,,
,,,,,,Camera & Photo,https://a.ipricegroup.com/media/homepage/Icon_v2/Cameras.png,https://iprice.sg/camera-photo/,items1,,,,,
,,,,,,,,,name,url,,,,
,,,,,,,,,DSLRs,https://iprice.sg/camera-photo/dslrs/,,,,
,,,,,,,,,Camcorders,https://iprice.sg/camera-photo/camcorders/,,,,
,,,,,,,,,Polaroid,https://iprice.sg/camera-photo/polaroid/,,,,
,,,,,,,,,Drone Cameras,https://iprice.sg/camera-photo/drones/,,,,
,,,,,,,,,CCTV,https://iprice.sg/camera-photo/cctv/,,,,
,,,,,,,,,Action,https://iprice.sg/camera-photo/action/,,,,
,,,,,,,,,Mirrorless Cameras,https://iprice.sg/camera-photo/mirrorless/,,,,
,,,,,,,,,Underwater,https://iprice.sg/camera-photo/underwater/,,,,
,,,,,,,,,Compact Cameras,https://iprice.sg/camera-photo/compact/,,,,
,,,,,,"TV, Video & DVD",https://a.ipricegroup.com/media/homepage/Icon_v2/Tv__DVD.png,https://iprice.sg/tv-video-dvd/,items1,,,,,
,,,,,,,,,name,url,,,,
,,,,,,,,,Media Players,https://iprice.sg/tv-video-dvd/media-players/,,,,
,,,,,,,,,Blu-Ray,https://iprice.sg/tv-video-dvd/blu-ray/,,,,
,,,,,,,,,DVD Players,https://iprice.sg/tv-video-dvd/dvd-players/,,,,
,,,,,,,,,LED,https://iprice.sg/tv-video-dvd/led/,,,,
,,,,,,,,,Accessories,https://iprice.sg/tv-video-dvd/accessories/,,,,
,,,,,,,,,Streaming Media Players,https://iprice.sg/tv-video-dvd/streaming-media-players/,,,,
,,,,,,Appliances,https://a.ipricegroup.com/media/homepage/Icon_v2/Appliances.png,https://iprice.sg/appliances/,items1,,,,,
,,,,,,,,,name,url,,,,
,,,,,,,,,Fans,https://iprice.sg/appliances/fans/,,,,
,,,,,,,,,Refrigerators,https://iprice.sg/appliances/refrigerators/,,,,
,,,,,,,,,Vacuum Cleaners,https://iprice.sg/appliances/vacuum-cleaners/,,,,
,,,,,,,,,Air Conditioners,https://iprice.sg/appliances/air-conditioners/,,,,
,,,,,,,,,Coffee Machines,https://iprice.sg/appliances/coffee-machines/,,,,
,,,,,,,,,Dishwashers,https://iprice.sg/appliances/dishwashers/,,,,
,,,,,,,,,Cookers,https://iprice.sg/appliances/cookers/,,,,
,,,,,,,,,Ovens,https://iprice.sg/appliances/ovens/,,,,
,,,,,,,,,Mixers,https://iprice.sg/appliances/mixers/,,,,
PDP-EL-Carousel,section1,product-carousel,,,,items,,,,,,,,
,,,,,,name,price,store-count,image-url,url,,,,
,,,,,,Apple iPhone X,"S$ 1,209.00",4,https://p.ipricegroup.com/uploaded_149fd591353013eb0adad5ae2ac51dcf.jpg,https://iprice.sg/compare/apple-iphone-x/,,,,
,,,,,,Samsung Galaxy S8,S$ 499.90,4,https://p.ipricegroup.com/uploaded_c9d27e115928859ce037665d8409492b.jpg,https://iprice.sg/compare/samsung-galaxy-s8/,,,,
,,,,,,Samsung Galaxy Note 8,S$ 616.00,4,https://p.ipricegroup.com/uploaded_f0e78e2652de7de88931325edc745dd5.jpg,https://iprice.sg/compare/samsung-galaxy-note-8/,,,,
,,,,,,Huawei Mate 10,S$ 710.00,4,https://p.ipricegroup.com/uploaded_98875d420da84e66df97ff47341a0449.jpg,https://iprice.sg/compare/huawei-mate-10/,,,,
,,,,,,Google Pixel 2,S$ 428.37,5,https://p.ipricegroup.com/uploaded_bb7660fda0b5904baa78f580eebe5bda.jpg,https://iprice.sg/compare/google-pixel-2/,,,,
,,,,,,OnePlus 5,S$ 490.71,6,https://p.ipricegroup.com/uploaded_ad2de11bfaf68e04e1ebd2489b780403.jpg,https://iprice.sg/compare/oneplus-5/,,,,
,,,,,,Samsung Galaxy Note 9,S$ 900.00,4,https://p.ipricegroup.com/uploaded_beee815c4190823838cba3041aa5209b.jpg,https://iprice.sg/compare/samsung-galaxy-note-9/,,,,
,,,,,,Apple MacBook Pro 15-inch,"S$ 3,658.00",2,https://p.ipricegroup.com/uploaded_a9eed68c3f3d1e1d464a0e433f1e9ff0.jpg,https://iprice.sg/compare/apple-macbook-pro-15-inch/,,,,
,,,,,,Huawei P20 Pro,S$ 699.00,7,https://p.ipricegroup.com/uploaded_88e4d17a7d7a4c2da082f059c7c67b92.jpg,https://iprice.sg/compare/huawei-p20-pro/,,,,
,,,,,,Spigen Tough Armor Case (iPhone 7),S$ 29.00,4,https://p.ipricegroup.com/uploaded_5c7e6145360c2b93eb6615939817461e.jpg,https://iprice.sg/compare/spigen-tough-armor-case-iphone-7/,,,,
,,,,,,LG G6,S$ 709.00,3,https://p.ipricegroup.com/uploaded_0f7d99ea8607311da92a75935160f204.jpg,https://iprice.sg/compare/lg-g6/,,,,
,,,,,,Huawei P20,S$ 564.00,4,https://p.ipricegroup.com/uploaded_be15a1d2f9ff3e960fd0eae8a7f1a4c0.jpg,https://iprice.sg/compare/huawei-p20/,,,,
,,,,,,DELL XPS 13,"S$ 2,085.00",1,https://p.ipricegroup.com/uploaded_78b2f6fd794a59d8cfefa32df7f6903f.jpg,https://iprice.sg/compare/dell-xps-13/,,,,
,,,,,,Razer Phone,"S$ 1,001.00",3,https://p.ipricegroup.com/uploaded_f0b018ad3b8e60ba80e4996d72c5ac08.jpg,https://iprice.sg/compare/razer-phone/,,,,
,,,,,,Apple iPhone 7 Plus,S$ 599.00,2,https://p.ipricegroup.com/uploaded_dee720e7e03b30a7d8f5a058d6c97cce.jpg,https://iprice.sg/compare/apple-iphone-7-plus/,,,,
,,,,,,OPPO R11,S$ 709.00,2,https://p.ipricegroup.com/uploaded_062c0fb8e4d656d9a3408b110abe935d.jpg,https://iprice.sg/compare/oppo-r11/,,,,
,,,,,,Huawei nova 3i,S$ 276.00,5,https://p.ipricegroup.com/uploaded_3feef59ac8bf830e66e025a9d3d889ca.jpg,https://iprice.sg/compare/huawei-nova-3i/,,,,
,,,,,,OnePlus 5T,S$ 585.00,4,https://p.ipricegroup.com/uploaded_38ee3a5637c6702476ee787806699966.jpg,https://iprice.sg/compare/oneplus-5t/,,,,
,,,,,,Nintendo Switch,S$ 417.00,4,https://p.ipricegroup.com/uploaded_c39042bf1c8fc151e29f88fae06062af.jpg,https://iprice.sg/compare/nintendo-switch/,,,,
,,,,,,,,,,https://iprice.sg/compare/samsung-galaxy-s8-plus/,,,,
PDP-EL-SeeMore,section1_link,link,,,,items,,,,,,,,
,,,,,,name,image-url,url,,,,,,
,,,,,,Apple iPhone XR,https://p.ipricegroup.com/uploaded_e6eef252bf3ad44ae6180ab130fccb6a.jpg,https://iprice.sg/compare/apple-iphone-xr/,,,,,,
,,,,,,Huawei Mate 20 Pro,https://p.ipricegroup.com/uploaded_ca23625cad8dc6854d7774f5f7e2f8b4.jpg,https://iprice.sg/compare/huawei-mate-20-pro/,,,,,,
,,,,,,Huawei P30 Pro,https://p.ipricegroup.com/uploaded_14eb7725a925d078dabf33a9775e9394.jpg,https://iprice.sg/compare/huawei-p30-pro/,,,,,,
,,,,,,Apple iPhone Xs Max,https://p.ipricegroup.com/uploaded_d739b4fee0a22e9f77087d7d16eeccb8.jpg,https://iprice.sg/compare/apple-iphone-xs-max/,,,,,,
,,,,,,Apple iPhone Xs,https://p.ipricegroup.com/uploaded_17b5dd294ea1ded8504d74fca7a10279.jpg,https://iprice.sg/compare/apple-iphone-xs/,,,,,,
,,,,,,Huawei Mate 20,https://p.ipricegroup.com/uploaded_227262d545e976c26cf9e89fe76a3bd6.jpg,https://iprice.sg/compare/huawei-mate-20/,,,,,,
,,,,,,Apple Watch,https://p.ipricegroup.com/29916038_0.jpg,https://iprice.sg/compare/apple-watch/,,,,,,
,,,,,,Apple iPad Pro,https://p.ipricegroup.com/uploaded_d4b610480b2428460d850139d76a3500.jpg,https://iprice.sg/compare/apple-ipad-pro/,,,,,,
,,,,,,Oppo R17,https://p.ipricegroup.com/uploaded_c4819eeb58d65cffb59265a10e0ff1de.jpg,https://iprice.sg/compare/oppo-r17/,,,,,,
,,,,,,Apple iPad mini,https://p.ipricegroup.com/17850874_0.jpg,https://iprice.sg/compare/apple-ipad-mini/,,,,,,
,,,,,,Apple AirPods,https://p.ipricegroup.com/uploaded_8eab43a855d3b74e99cb1a1120221fc9.jpg,https://iprice.sg/compare/apple-airpods/,,,,,,
,,,,,,Huawei Mate 20 X,https://p.ipricegroup.com/uploaded_25e71df9b4ce18dbdb56b7055d0a1d54.jpg,https://iprice.sg/compare/huawei-mate-20-x/,,,,,,
,,,,,,Xiaomi Redmi Note 7 Pro,https://p.ipricegroup.com/cc218aca8d681a07de1af2311cc3f40d9a4b044e_0.jpg,https://iprice.sg/compare/xiaomi-redmi-note-7-pro/,,,,,,
,,,,,,Google Home,https://p.ipricegroup.com/uploaded_1ad833dae14e3452ee2a758e557a7bba.jpg,https://iprice.sg/compare/google-home/,,,,,,
,,,,,,OnePlus 7,https://p.ipricegroup.com/placeholder.png,https://iprice.sg/compare/oneplus-7/,,,,,,
,,,,,,Samsung Galaxy S10,https://p.ipricegroup.com/uploaded_163b4c46d435d2215738feea8b9d026a.jpg,https://iprice.sg/compare/samsung-galaxy-s10/,,,,,,
,,,,,,Fitbit Versa,https://p.ipricegroup.com/uploaded_3834c83132aa427ac085391fffad18b4.jpg,https://iprice.sg/compare/fitbit-versa/,,,,,,
,,,,,,Apple iPhone 8,https://p.ipricegroup.com/uploaded_724d9e8a2309f7d7b3b5678aed75d8e8.jpg,https://iprice.sg/compare/apple-iphone-8/,,,,,,
,,,,,,Microsoft Surface Pro,https://p.ipricegroup.com/uploaded_bb01873ec771da1f504f0cb97b1a7b76.jpg,https://iprice.sg/compare/microsoft-surface-pro/,,,,,,
,,,,,,Apple iPhone 7,https://p.ipricegroup.com/uploaded_ed03e9488084327d852e1eeb2234dbb5.jpg,https://iprice.sg/compare/apple-iphone-7/,,,,,,
PLP-FA-BrandCategory-Men-Carousel,section4,fashion-panel,Shop Men's Fashion,https://iprice.sg/clothing/men/,,image-url,,label,type,,,,,
,,,,,,https://a.ipricegroup.com/media/homepage/SGHK_men-min.jpg,,1234,category-carousel,items,,,,
,,,,,,,,,,brand-name,name,url,image-url,main-url
,,,,,,,,,TRUE,A For Arcade,Clothing,https://iprice.sg/a-for-arcade/clothing/men/,https://p.ipricegroup.com/48345bc29ae5319dc133c3a1093492e6a9982ebd_0.jpg,https://iprice.sg/a-for-arcade/clothing/
,,,,,,,,,TRUE,Herschel Supply Co.,Bags,https://iprice.sg/herschel-supply-co/bags/men/,https://p.ipricegroup.com/e5eb26ec5b7e22122af7dfaa9d35aecfc9867a37_0.jpg,https://iprice.sg/herschel-supply-co/bags/
,,,,,,,,,FALSE,Timbuk2,Messenger,,,https://iprice.sg/timbuk2/bags/sling/messenger/
,,,,,,,,,TRUE,Audemars Piguet,Luxury,https://iprice.sg/audemars-piguet/watches/men/luxury/,https://p.ipricegroup.com/c1d5de13aa2f2462949681f0bc2f9a6896fc35cd_0.jpg,https://iprice.sg/audemars-piguet/watches/luxury/
,,,,,,,,,,,,,,https://iprice.sg/casio/g-shock/
,,,,,,,,,TRUE,Converse,Sneakers,https://iprice.sg/converse/shoes/men/sneakers/,https://p.ipricegroup.com/251a16a98ba68181c7847bfdd19439447c5526a3_0.jpg,https://iprice.sg/converse/shoes/sneakers/
,,,,,,,,,,,,,,https://iprice.sg/topman/
,,,,,,,,,TRUE,Reebok,Shoes,https://iprice.sg/reebok/shoes/men/,https://p.ipricegroup.com/a1021f3daea5fed179d5d4bd8c33c5d317855e77_0.jpg,https://iprice.sg/reebok/shoes/
,,,,,,,,,TRUE,PUMA,Shoes,https://iprice.sg/puma/shoes/men/,https://p.ipricegroup.com/0fead6ef28a163dd3271cf7aa22c3fac5f80c044_0.jpg,https://iprice.sg/puma/shoes/
,,,,,,,,,TRUE,ASICS,Shoes,https://iprice.sg/asics/shoes/men/,https://p.ipricegroup.com/7905db8102151b4064a1c54d249ea98c611bff17_0.jpg,https://iprice.sg/asics/shoes/
,,,,,,,,,TRUE,Nike,Shoes,https://iprice.sg/nike/shoes/men/,https://p.ipricegroup.com/288744976d368dd316569307a628189110f5b9fb_0.jpg,https://iprice.sg/nike/shoes/
,,,,,,,,,TRUE,FILA,Shoes,https://iprice.sg/fila/shoes/men/,https://p.ipricegroup.com/89629712d45d1c1eec7ba885b0d3ddaca598b37c_0.jpg,https://iprice.sg/fila/shoes/
,,,,,,,,,,,,,,https://iprice.sg/rolex/pre-owned-watches/
,,,,,,,,,TRUE,Adidas,Shoes,https://iprice.sg/adidas/shoes/men/,https://p.ipricegroup.com/37ac590bec6840fd21448b9b4cfa5b2732d497b6_0.jpg,https://iprice.sg/adidas/shoes/
,,,,,,,,,TRUE,Fossil,Watches,https://iprice.sg/fossil/watches/men/,https://p.ipricegroup.com/8e0e8edabb761c5ca23b0a7d83e52fc60dcc23cb_0.jpg,https://iprice.sg/fossil/watches/
,,,,,,,,,,,,,,https://iprice.sg/adidas/stan-smith/
,,,,,,,,,TRUE,Jaeger-LeCoultre,Luxury,https://iprice.sg/jaeger-lecoultre/reverso/watches/men/luxury/,https://p.ipricegroup.com/7eb93da6670ec91135d8c06936d159727042a661_0.jpg,https://iprice.sg/jaeger-lecoultre/reverso/watches/luxury/
,,,,,,,,,FALSE,Giordano,Clothing,,,https://iprice.sg/giordano/clothing/
,,,,,,,,,TRUE,TAG Heuer,Watches,https://iprice.sg/tag-heuer/watches/men/,https://p.ipricegroup.com/95aab4ddd1b33bb3e41b5f2312654667f3a91bc8_0.jpg,https://iprice.sg/tag-heuer/watches/
PLP-FA-BrandCategory-Women-Carousel,section5,fashion-panel,Shop Women's Fashion,https://iprice.sg/clothing/women/,,image-url,url,label,type,,,,,
,,,,,,https://a.ipricegroup.com/media/homepage/SGHK_women-min.jpg,,1234,category-carousel,items,,,,
,,,,,,,,,,brand-name,name,url,image-url,main-url
,,,,,,,,,FALSE,A For Arcade,Clothing,,,https://iprice.sg/asos/shoes/high-heels/
,,,,,,,,,TRUE,Herschel Supply Co.,Bags,https://iprice.sg/herschel-supply-co/bags/women/,https://p.ipricegroup.com/f0f94339262d30dfe73405930a20926a1dc9d22a_0.jpg,https://iprice.sg/kate-spade-new-york/bags/
,,,,,,,,,FALSE,Timbuk2,Messenger,,,https://iprice.sg/timberland/shoes/women/
,,,,,,,,,TRUE,Audemars Piguet,Luxury,https://iprice.sg/audemars-piguet/watches/women/luxury/,https://p.ipricegroup.com/ff9751309e0f4ac3e04ce549318406fdcbfbf731_0.jpg,https://iprice.sg/swarovski/jewellery/beads/
,,,,,,,,,,,,,,https://iprice.sg/aldo/shoes/
,,,,,,,,,TRUE,Converse,Sneakers,https://iprice.sg/converse/shoes/women/sneakers/,https://p.ipricegroup.com/44434b115b65d627e7c8469c5c4ef3a72c3f39eb_0.jpg,https://iprice.sg/dorothy-perkins/clothing/
,,,,,,,,,,,,,,https://iprice.sg/topshop/clothing/
,,,,,,,,,TRUE,Reebok,Shoes,https://iprice.sg/reebok/shoes/women/,https://p.ipricegroup.com/6d468f5c3bf57cbd19457cd619c450ee0b5a2d39_0.jpg,https://iprice.sg/hush-puppies/shoes/
,,,,,,,,,TRUE,PUMA,Shoes,https://iprice.sg/puma/shoes/women/,https://p.ipricegroup.com/9334d733f9b9c4eb8f2ea9a628324293f2215004_0.jpg,https://iprice.sg/charles-keith/bags/
,,,,,,,,,TRUE,ASICS,Shoes,https://iprice.sg/asics/shoes/women/,https://p.ipricegroup.com/7262ae79c65cc2ab081bffca95891c9a51963d11_0.jpg,https://iprice.sg/dr-martens/shoes/
,,,,,,,,,TRUE,Nike,Shoes,https://iprice.sg/nike/shoes/women/,https://p.ipricegroup.com/2cdb55334ebdb7b5d5ee6c498568d6a2a7bb9de8_0.jpg,https://iprice.sg/longchamp/bags/
,,,,,,,,,TRUE,FILA,Shoes,https://iprice.sg/fila/shoes/women/,https://p.ipricegroup.com/e601bbcf5d0953c285458d52e1e22cf093199ff4_0.jpg,https://iprice.sg/louis-vuitton/bags/
,,,,,,,,,,,,,,https://iprice.sg/mcm/bags/women/
,,,,,,,,,TRUE,Adidas,Shoes,https://iprice.sg/adidas/shoes/women/,https://p.ipricegroup.com/5bfea665021d1b72e0e67871aa32d5c41b3c3035_0.jpg,https://iprice.sg/bvlgari/watches/
,,,,,,,,,TRUE,Fossil,Watches,https://iprice.sg/fossil/watches/women/,https://p.ipricegroup.com/c94308712c4a5166d1c3090f0bf9ba09d8ff4f20_0.jpg,https://iprice.sg/issey-miyake/bags/
,,,,,,,,,,,,,,https://iprice.sg/anello/bags/
,,,,,,,,,TRUE,Jaeger-LeCoultre,Luxury,https://iprice.sg/jaeger-lecoultre/reverso/watches/women/luxury/,https://p.ipricegroup.com/4ce93f060c399c7fe8cb846316683c700d59f58a_0.jpg,https://iprice.sg/breitling/watches/
,,,,,,,,,FALSE,Giordano,Clothing,,,https://iprice.sg/salvatore-ferragamo/shoes/
,,,,,,,,,TRUE,TAG Heuer,Watches,https://iprice.sg/tag-heuer/watches/women/,https://p.ipricegroup.com/2a4f0739eb4e74aa059db1b95c5550c4c241ca56_0.jpg,https://iprice.sg/gucci/bags/sling/
PLP-FA-Brand-Carousel,section5_brand,link,Popular Fashion Brands,,,items,,,,,,,,
,,,,,,name,image-url,url,,,,,,
,,,,,,Adidas,https://a.ipricegroup.com/media/Zach__2_/adidas.png,https://iprice.sg/adidas/,,,,,,
,,,,,,Charles & Keith,https://a.ipricegroup.com/brand/charles-keith.jpg,https://iprice.sg/charles-keith/,,,,,,
,,,,,,Nike,https://a.ipricegroup.com/media/Zach__2_/nike.png,https://iprice.sg/nike/,,,,,,
,,,,,,ZALORA,https://a.ipricegroup.com/brand/zalora.jpg,https://iprice.sg/zalora/,,,,,,
,,,,,,Zalia,https://a.ipricegroup.com/brand/zalia.jpg,https://iprice.sg/zalia/,,,,,,
,,,,,,,,https://iprice.sg/longchamp/,,,,,,
,,,,,,Zara,https://a.ipricegroup.com/brand/zara.jpg,https://iprice.sg/zara/,,,,,,
,,,,,,Cotton On,https://a.ipricegroup.com/media/Zach__2_/cotton-on.png,https://iprice.sg/cotton-on/,,,,,,
,,,,,,Rolex,https://a.ipricegroup.com/brand/rolex.jpg,https://iprice.sg/rolex/,,,,,,
,,,,,,Kate Spade New York,https://a.ipricegroup.com/media/Zach__2_/kate-spade.png,https://iprice.sg/kate-spade-new-york/,,,,,,
,,,,,,Gucci,https://a.ipricegroup.com/media/Zach__2_/gucci.png,https://iprice.sg/gucci/,,,,,,
,,,,,,Mango,https://a.ipricegroup.com/brand/mango.jpg,https://iprice.sg/mango/,,,,,,
,,,,,,Louis Vuitton,https://a.ipricegroup.com/media/Zach__2_/louis-vuitton.png,https://iprice.sg/louis-vuitton/,,,,,,
,,,,,,Supreme,https://a.ipricegroup.com/brand/supreme.jpg,https://iprice.sg/supreme/,,,,,,
,,,,,,Dressabelle,https://a.ipricegroup.com/brand/dressabelle.jpg,https://iprice.sg/dressabelle/,,,,,,
,,,,,,Lululemon,https://a.ipricegroup.com/brand/lululemon.jpg,https://iprice.sg/lululemon/,,,,,,
,,,,,,Vans,https://a.ipricegroup.com/brand/vans.jpg,https://iprice.sg/vans/,,,,,,
,,,,,,Michael Kors,https://a.ipricegroup.com/media/Zach__2_/michael-kors.png,https://iprice.sg/michael-kors/,,,,,,
,,,,,,Daniel Wellington,https://a.ipricegroup.com/media/Zach__2_/daniel-wellington.png,https://iprice.sg/daniel-wellington/,,,,,,
,,,,,,Timberland,https://a.ipricegroup.com/brand/timberland.jpg,https://iprice.sg/timberland/,,,,,,
,,,,,,ASOS,https://a.ipricegroup.com/brand/asos.jpg,https://iprice.sg/asos/,,,,,,
,,,,,,,https://a.ipricegroup.com/media/homepage/EN_allbrands.jpg,https://iprice.sg/brands/,,,,,,
PLP-FA-Category-Carousel,section12,product-carousel,,,,,,,,,,,,
,,,,,,items,,,,,,,,
,,,,,,name,image-url,url,,,,,,
,,,,,,Womens' Clothing,https://a.ipricegroup.com/media/homepage/Icon_v2/Womens_Clothing.png,https://iprice.sg/clothing/women/,items1,,,,,
,,,,,,,,,name,url,,,,
,,,,,,,,,Dresses,https://iprice.sg/clothing/women/dresses/,,,,
,,,,,,,,,Tops,https://iprice.sg/clothing/women/tops/,,,,
,,,,,,,,,Jeans,https://iprice.sg/clothing/women/jeans/,,,,
,,,,,,,,,Jumpsuits,https://iprice.sg/clothing/women/jumpsuits/,,,,
,,,,,,,,,Shirts,https://iprice.sg/clothing/women/shirts/,,,,
,,,,,,,,,Skirts,https://iprice.sg/clothing/women/skirts/,,,,
,,,,,,,,,Pants,https://iprice.sg/clothing/women/pants/,,,,
,,,,,,,,,Swimwear,https://iprice.sg/clothing/women/swimwear/,,,,
,,,,,,,,,Shorts,https://iprice.sg/clothing/women/shorts/,,,,
,,,,,,,,,Sportswear,https://iprice.sg/clothing/women/sportswear/,,,,
,,,,,,,,,T-Shirts,https://iprice.sg/clothing/women/t-shirts/,,,,
,,,,,,,,,Formal Wear,https://iprice.sg/clothing/women/formal-wear/,,,,
,,,,,,,,,Polo Shirts,https://iprice.sg/clothing/women/polo-shirts/,,,,
,,,,,,,,,Sunglasses,https://iprice.sg/clothing/women/sunglasses/,,,,
,,,,,,Womens' shoes,https://a.ipricegroup.com/media/homepage/Icon_v2/Womens_Shoes.png,https://iprice.sg/shoes/women/,items1,,,,,
,,,,,,,,,name,url,,,,
,,,,,,,,,Boots,https://iprice.sg/shoes/women/boots/,,,,
,,,,,,,,,Flats,https://iprice.sg/shoes/women/flats/,,,,
,,,,,,,,,High Heels,https://iprice.sg/shoes/women/high-heels/,,,,
,,,,,,,,,Sneakers,https://iprice.sg/shoes/women/sneakers/,,,,
,,,,,,,,,Sports,https://iprice.sg/shoes/women/sports/,,,,
,,,,,,,,,Boat,https://iprice.sg/shoes/women/boat/,,,,
,,,,,,,,,Sandals,https://iprice.sg/shoes/women/sandals/,,,,
,,,,,,,,,Brogues,https://iprice.sg/shoes/women/brogues/,,,,
,,,,,,,,,Wedges,https://iprice.sg/shoes/women/wedges/,,,,
,,,,,,Mens' clothing,https://a.ipricegroup.com/media/homepage/Icon_v2/Mans_Clothing.png,https://iprice.sg/clothing/men/,items1,,,,,
,,,,,,,,,name,url,,,,
,,,,,,,,,Tops,https://iprice.sg/clothing/men/tops/,,,,
,,,,,,,,,Jeans,https://iprice.sg/clothing/men/jeans/,,,,
,,,,,,,,,Shirts,https://iprice.sg/clothing/men/shirts/,,,,
,,,,,,,,,Pants,https://iprice.sg/clothing/men/pants/,,,,
,,,,,,,,,Swimwear,https://iprice.sg/clothing/men/swimwear/,,,,
,,,,,,,,,Shorts,https://iprice.sg/clothing/men/shorts/,,,,
,,,,,,,,,Sportswear,https://iprice.sg/clothing/men/sportswear/,,,,
,,,,,,,,,T-Shirts,https://iprice.sg/clothing/men/t-shirts/,,,,
,,,,,,,,,Formal Wear,https://iprice.sg/clothing/men/formal-wear/,,,,
,,,,,,,,,Polo Shirts,https://iprice.sg/clothing/men/polo-shirts/,,,,
,,,,,,,,,Sunglasses,https://iprice.sg/clothing/men/sunglasses/,,,,
,,,,,,Mens' shoes,https://a.ipricegroup.com/media/homepage/Icon_v2/Mans_Shoes.png,https://iprice.sg/shoes/men/,items1,,,,,
,,,,,,,,,name,url,,,,
,,,,,,,,,Boots,https://iprice.sg/shoes/men/boots/,,,,
,,,,,,,,,Sneakers,https://iprice.sg/shoes/men/sneakers/,,,,
,,,,,,,,,Loafers,https://iprice.sg/shoes/men/loafers/,,,,
,,,,,,,,,Flip Flops,https://iprice.sg/shoes/men/flip-flops/,,,,
,,,,,,,,,Sports,https://iprice.sg/shoes/men/sports/,,,,
,,,,,,,,,Boat,https://iprice.sg/shoes/men/boat/,,,,
,,,,,,,,,Sandals,https://iprice.sg/shoes/men/sandals/,,,,
,,,,,,,,,Brogues,https://iprice.sg/shoes/men/brogues/,,,,
,,,,,,Bags,https://a.ipricegroup.com/media/homepage/Icon_v2/Bags.png,https://iprice.sg/bags/,items1,,,,,
,,,,,,,,,name,url,,,,
,,,,,,,,,Backpacks,https://iprice.sg/bags/backpacks/,,,,
,,,,,,,,,Wallets,https://iprice.sg/bags/wallets/,,,,
,,,,,,,,,Tote,https://iprice.sg/bags/handbags/tote/,,,,
,,,,,,,,,Clutches,https://iprice.sg/bags/handbags/clutches/,,,,
,,,,,,,,,Sling,https://iprice.sg/bags/sling/,,,,
,,,,,,,,,Handbags,https://iprice.sg/bags/women/handbags/,,,,
,,,,,,,,,Duffel,https://iprice.sg/bags/duffel/,,,,
,,,,,,,,,Briefcases,https://iprice.sg/bags/briefcases/,,,,
,,,,,,,,,Luggage,https://iprice.sg/bags/travel/luggage/,,,,
,,,,,,,,,Waist,https://iprice.sg/bags/waist/,,,,
,,,,,,Jewellery,https://a.ipricegroup.com/media/homepage/Icon_v2/Jewellery.png,https://iprice.sg/jewellery/,items1,,,,,
,,,,,,,,,name,url,,,,
,,,,,,,,,Rings,https://iprice.sg/jewellery/rings/,,,,
,,,,,,,,,Bracelets,https://iprice.sg/jewellery/bracelets/,,,,
,,,,,,,,,Charms,https://iprice.sg/jewellery/charms/,,,,
,,,,,,,,,Necklaces,https://iprice.sg/jewellery/necklaces/,,,,
,,,,,,,,,Earrings,https://iprice.sg/jewellery/earrings/,,,,
,,,,,,,,,Cufflinks,https://iprice.sg/jewellery/cufflinks/,,,,
,,,,,,,,,Beads,https://iprice.sg/jewellery/beads/,,,,
,,,,,,,,,Brooches,https://iprice.sg/jewellery/brooches/,,,,
,,,,,,,,,Sets,https://iprice.sg/jewellery/sets/,,,,
,,,,,,,,,Jewellery Accessories,https://iprice.sg/jewellery/accessories/,,,,
,,,,,,Watches,https://a.ipricegroup.com/media/homepage/Icon_v2/Watches_v2.png,https://iprice.sg/watches/,items1,,,,,
,,,,,,,,,name,url,,,,
,,,,,,,,,Sports,https://iprice.sg/watches/sports/,,,,
,,,,,,,,,Digital,https://iprice.sg/watches/digital/,,,,
,,,,,,,,,Chronograph,https://iprice.sg/watches/chronograph/,,,,
,,,,,,,,,Analogue,https://iprice.sg/watches/analogue/,,,,
,,,,,,,,,Luxury,https://iprice.sg/watches/luxury/,,,,
PLP-HB-BrandCategory-Carousel,section13,fashion-panel,Shop Health & Beauty,,,items,,,,,,,,
,,,,,,brand-name,name,image-url,url,,,,,
,,,,,,Jo Malone,Perfume,https://p.ipricegroup.com/bfb4fb13deafc5f8fe4d0db2914996dc59b4c99a_0.jpg,https://iprice.sg/jo-malone/perfume/,,,,,
,,,,,,Okamoto,Condoms,https://p.ipricegroup.com/6c27a5401b8a2eed7a5a51f04467cf8b34b8e991_0.jpg,https://iprice.sg/okamoto/medical-supplies/personal-pleasure/condoms/,,,,,
,,,,,,,,,https://iprice.sg/atomy/skin-care/,,,,,
,,,,,,innisfree,Masks,https://p.ipricegroup.com/uploaded_9f1879aba46cba2f3dc3ee8f3f3ca4c3.jpg,https://iprice.sg/innisfree/skin-care/face/masks/,,,,,
,,,,,,Yves Saint Laurent,Lipsticks,https://p.ipricegroup.com/995921559090aef096b51b82f7528ff8cbf96ced_0.jpg,https://iprice.sg/yves-saint-laurent/makeup/lips/lipsticks/,,,,,
,,,,,,M.A.C,Lipsticks,https://p.ipricegroup.com/uploaded_5cb8efce5a22137aa3c03d019e8fbce9.jpg,https://iprice.sg/mac/makeup/lips/lipsticks/,,,,,
,,,,,,Swisse,Supplements,https://p.ipricegroup.com/caaeb2bdaf5e2a12f9e1e80be01f1094ec985026_0.jpg,https://iprice.sg/swisse/supplements/,,,,,
,,,,,,TRESemmé,Hair Care,https://p.ipricegroup.com/81e6b73e47c0283ef1ed05377da0861ac93f0273_0.jpg,https://iprice.sg/tresemme/hair-care/,,,,,
,,,,,,Hada Labo,Skin Care,https://p.ipricegroup.com/bb87f206b917165ff3b563cae9bc4377269b0cdc_0.jpg,https://iprice.sg/hada-labo/skin-care/,,,,,
,,,,,,NYX,Makeup,https://p.ipricegroup.com/uploaded_dfbacc456b11b4689a0887c8a1f79a71.jpg,https://iprice.sg/nyx/makeup/,,,,,
,,,,,,Vaseline,Lips,https://p.ipricegroup.com/fa164197d1b41d623b1bad9a48fe5a62ba0d642a_0.jpg,https://iprice.sg/vaseline/makeup/lips/,,,,,
,,,,,,M.A.C,Makeup,https://p.ipricegroup.com/uploaded_6d3f8d741c95edf45ae246bef9c15b7b.jpg,https://iprice.sg/mac/makeup/,,,,,
,,,,,,CLARINS,Skin Care,https://p.ipricegroup.com/d5ab8146eedb41ccd8d15c8d4eed3e4bdf556310_0.jpg,https://iprice.sg/clarins/skin-care/,,,,,
,,,,,,Shiseido,Skin Care,https://p.ipricegroup.com/c2b899d5c097ca5c11702fc621965968ca0b1dbd_0.jpg,https://iprice.sg/shiseido/skin-care/,,,,,
,,,,,,APRILSKIN,Face Cushions,https://p.ipricegroup.com/6efe9cb432f9ce62123e196be3265203544af34c_0.jpg,https://iprice.sg/aprilskin/makeup/face/cushions/,,,,,
,,,,,,L'OCCITANE,Skin Care,https://p.ipricegroup.com/13d6c84e73b711c42f7ad3a6d33e8aac7d4a1cc1_0.jpg,https://iprice.sg/loccitane/skin-care/,,,,,
,,,,,,Kiehl's,Skin Care,https://p.ipricegroup.com/1dca86250b9b1872fb8c6adcb45fc5a1cb49a0ee_0.jpg,https://iprice.sg/kiehls/skin-care/,,,,,
,,,,,,Aesop,Skin Care,https://p.ipricegroup.com/7ceedccdb56912045be22d2bb637a2ef2c2f8aae_0.jpg,https://iprice.sg/aesop/skin-care/,,,,,
,,,,,,Maybelline,Foundations,https://p.ipricegroup.com/uploaded_e8dddad35747641d0a61e4b2e37d7e0f.jpg,https://iprice.sg/maybelline/makeup/face/foundations/,,,,,
,,,,,,Blackmores,Supplements,https://p.ipricegroup.com/120d2d78ad1def38f88fa862d4b7a6c0020f8423_0.jpg,https://iprice.sg/blackmores/supplements/,,,,,
PLP-HB-Brand-Carousel,section13_brand,link,,,,items,,,,,,,,
,,,,,,name,image-url,url,,,,,,
,,,,,,Innisfree,https://a.ipricegroup.com/brand/innisfree.jpg,https://iprice.sg/innisfree/,,,,,,
,,,,,,Sephora,https://a.ipricegroup.com/media/Zach__2_/sephora.png,https://iprice.sg/sephora/,,,,,,
,,,,,,Colourpop,https://a.ipricegroup.com/brand/colourpop.jpg,https://iprice.sg/colourpop/,,,,,,
,,,,,,Eu Yan Sang,,https://iprice.sg/eu-yan-sang/,,,,,,
,,,,,,LANEIGE,https://a.ipricegroup.com/brand/laneige.jpg,https://iprice.sg/laneige/,,,,,,
,,,,,,GNC,https://a.ipricegroup.com/brand/gnc.jpg,https://iprice.sg/gnc/,,,,,,
,,,,,,Etude House,https://a.ipricegroup.com/brand/etude-house.jpg,https://iprice.sg/etude-house/,,,,,,
,,,,,,Young Living,https://a.ipricegroup.com/brand/young-living.jpg,https://iprice.sg/young-living/,,,,,,
,,,,,,The Body Shop,,https://iprice.sg/the-body-shop/,,,,,,
,,,,,,Herbalife,https://a.ipricegroup.com/brand/herbalife.jpg,https://iprice.sg/herbalife/,,,,,,
,,,,,,LUSH,https://a.ipricegroup.com/brand/lush.jpg,https://iprice.sg/lush/,,,,,,
,,,,,,Bath & Body Works,https://a.ipricegroup.com/brand/bath-body-works.jpg,https://iprice.sg/bath-body-works/,,,,,,
,,,,,,Estée Lauder,https://a.ipricegroup.com/brand/estee-lauder.jpg,https://iprice.sg/estee-lauder/,,,,,,
,,,,,,Kiehl's,https://a.ipricegroup.com/brand/kiehls.jpg,https://iprice.sg/kiehls/,,,,,,
,,,,,,Shiseido,https://a.ipricegroup.com/brand/shiseido.jpg,https://iprice.sg/shiseido/,,,,,,
,,,,,,Durex,https://a.ipricegroup.com/brand/durex.jpg,https://iprice.sg/durex/,,,,,,
,,,,,,Kinohimitsu,https://a.ipricegroup.com/brand/kinohimitsu.jpg,https://iprice.sg/kinohimitsu/,,,,,,
,,,,,,Sulwhasoo,https://a.ipricegroup.com/brand/sulwhasoo.jpg,https://iprice.sg/sulwhasoo/,,,,,,
,,,,,,The Face Shop,https://a.ipricegroup.com/brand/the-face-shop.jpg,https://iprice.sg/the-face-shop/,,,,,,
,,,,,,MEDICUBE,https://a.ipricegroup.com/brand/medicube.jpg,https://iprice.sg/medicube/,,,,,,
,,,,,,Jo Malone,https://a.ipricegroup.com/brand/jo-malone.jpg,https://iprice.sg/jo-malone/,,,,,,
,,,,,,Tarte,https://a.ipricegroup.com/brand/tarte.jpg,https://iprice.sg/tarte/,,,,,,
,,,,,,Panadol,,https://iprice.sg/panadol/,,,,,,
,,,,,,Cetaphil,https://a.ipricegroup.com/brand/cetaphil.jpg,https://iprice.sg/cetaphil/,,,,,,
,,,,,,Benefit,https://a.ipricegroup.com/brand/benefit.jpg,https://iprice.sg/benefit/,,,,,,
,,,,,,Skin Inc,https://a.ipricegroup.com/brand/skin-inc.jpg,https://iprice.sg/skin-inc/,,,,,,
,,,,,,,https://a.ipricegroup.com/media/homepage/EN_allbrands.jpg,https://iprice.sg/brands/,,,,,,
PLP-HB-Category-Carousel,section14,product-carousel,,,,,,,,,,,,
,,,,,,items,,,,,,,,
,,,,,,name,image-url,url,,,,,,
,,,,,,Skin Care,https://a.ipricegroup.com/media/homepage/Icon_v2/Skin_Care.png,https://iprice.sg/skin-care/,items1,,,,,
,,,,,,,,,name,url,,,,
,,,,,,,,,Face,https://iprice.sg/skin-care/face/,,,,
,,,,,,,,,Hand,https://iprice.sg/skin-care/hand/,,,,
,,,,,,,,,Eyes,https://iprice.sg/skin-care/eyes/,,,,
,,,,,,,,,Foot,https://iprice.sg/skin-care/foot/,,,,
,,,,,,Eyecare,https://a.ipricegroup.com/media/homepage/Icon_v2/Eye_Care.png,https://iprice.sg/eyecare/,items1,,,,,
,,,,,,,,,name,url,,,,
,,,,,,,,,Glasses,https://iprice.sg/eyecare/glasses/,,,,
,,,,,,,,,Contact Lenses,https://iprice.sg/eyecare/contact-lenses/,,,,
,,,,,,,,,Eye Drops,https://iprice.sg/eyecare/eye-drops/,,,,
,,,,,,Dental Care,https://a.ipricegroup.com/media/homepage/Icon_v2/Dental_Care.png,https://iprice.sg/dental-care/,items1,,,,,
,,,,,,,,,name,url,,,,
,,,,,,,,,Toothbrushes,https://iprice.sg/dental-care/toothbrushes/,,,,
,,,,,,,,,Toothpastes,https://iprice.sg/dental-care/toothpastes/,,,,
,,,,,,,,,Flosses,https://iprice.sg/dental-care/flosses/,,,,
,,,,,,,,,Mouthwash,https://iprice.sg/dental-care/mouthwash/,,,,
,,,,,,,,,Accessories,https://iprice.sg/dental-care/accessories/,,,,
,,,,,,Makeup,https://a.ipricegroup.com/media/homepage/Icon_v2/Make_Up.png,https://iprice.sg/makeup/,items1,,,,,
,,,,,,,,,name,url,,,,
,,,,,,,,,Lips,https://iprice.sg/makeup/lips/,,,,
,,,,,,,,,Face,https://iprice.sg/makeup/face/,,,,
,,,,,,,,,Accessories,https://iprice.sg/makeup/accessories/,,,,
,,,,,,,,,Eyes Makeups,https://iprice.sg/makeup/eyes/,,,,
,,,,,,,,,Wigs,https://iprice.sg/makeup/wigs/,,,,
,,,,,,,,,Setting Sprays,https://iprice.sg/makeup/setting-sprays/,,,,
,,,,,,,,,Makeup Removers,https://iprice.sg/makeup/removers/,,,,
,,,,,,,,,Sets,https://iprice.sg/makeup/sets/,,,,
,,,,,,Perfume,https://a.ipricegroup.com/media/homepage/Icon_v2/Perfume.png,https://iprice.sg/perfume/,items1,,,,,
,,,,,,,,,name,url,,,,
,,,,,,,,,Eau De Toilette,https://iprice.sg/perfume/eau-de-toilette/,,,,
,,,,,,,,,Eau De Parfum,https://iprice.sg/perfume/eau-de-parfum/,,,,
,,,,,,,,,Eau De Cologne,https://iprice.sg/perfume/eau-de-cologne/,,,,
,,,,,,Hair Care,https://a.ipricegroup.com/media/homepage/Icon_v2/Hair_Care.png,https://iprice.sg/hair-care/,items1,,,,,
,,,,,,,,,name,url,,,,
,,,,,,,,,Styling,https://iprice.sg/hair-care/styling/,,,,
,,,,,,,,,Treatments,https://iprice.sg/hair-care/treatments/,,,,
,,,,,,,,,Colouring,https://iprice.sg/hair-care/colouring/,,,,
,,,,,,,,,Shampoos,https://iprice.sg/hair-care/shampoos/,,,,
,,,,,,,,,Conditioners,https://iprice.sg/hair-care/conditioners/,,,,
,,,,,,Bath & Body,https://a.ipricegroup.com/media/homepage/Icon_v2/Bath_and_Body_.png,https://iprice.sg/bath-body/,items1,,,,,
,,,,,,,,,name,url,,,,
,,,,,,,,,Oils,https://iprice.sg/bath-body/oils/,,,,
,,,,,,,,,Lotions,https://iprice.sg/bath-body/lotions/,,,,
,,,,,,,,,Shower,https://iprice.sg/bath-body/shower/,,,,
,,,,,,,,,Body Mists,https://iprice.sg/bath-body/mists/,,,,
,,,,,,,,,Hair Removal,https://iprice.sg/bath-body/hair-removal/,,,,
,,,,,,,,,Massagers,https://iprice.sg/bath-body/massagers/,,,,
,,,,,,,,,Deodorants,https://iprice.sg/bath-body/deodorants/,,,,
,,,,,,,,,Accessories,https://iprice.sg/bath-body/accessories/,,,,
,,,,,,,,,Slimming,https://iprice.sg/bath-body/slimming/,,,,
,,,,,,,,,Slimming,https://iprice.sg/bath-body/slimming/,,,,
,,,,,,,,,Feminine Hygiene,https://iprice.sg/bath-body/feminine-hygiene/,,,,
,,,,,,,,,Massage Chairs,https://iprice.sg/bath-body/massage-chairs/,,,,
,,,,,,Supplements,https://a.ipricegroup.com/media/homepage/Icon_v2/Supplement.png,https://iprice.sg/supplements/,items1,,,,,
,,,,,,,,,name,url,,,,
,,,,,,,,,Vitamins,https://iprice.sg/supplements/vitamins/,,,,
,,,,,,,,,Dietary,https://iprice.sg/supplements/dietary/,,,,
,,,,,,,,,Chia Seeds,https://iprice.sg/supplements/chia-seeds/,,,,
,,,,,,,,,Collagen,https://iprice.sg/supplements/collagen/,,,,
,,,,,,,,,Minerals,https://iprice.sg/supplements/minerals/,,,,
,,,,,,,,,Antioxidants,https://iprice.sg/supplements/antioxidants/,,,,
,,,,,,,,,Weight Loss,https://iprice.sg/supplements/weight-loss/,,,,
,,,,,,Shaving Supplies,https://a.ipricegroup.com/media/homepage/Icon_v2/Shaving_Supplies.png,https://iprice.sg/shaving-supplies/,items1,,,,,
,,,,,,,,,name,url,,,,
,,,,,,,,,Trimmers & Clippers,https://iprice.sg/shaving-supplies/trimmers-clippers/,,,,
,,,,,,,,,After Shave,https://iprice.sg/shaving-supplies/after-shave/,,,,
,,,,,,,,,Creams,https://iprice.sg/shaving-supplies/creams/,,,,
,,,,,,,,,Razor Blades,https://iprice.sg/shaving-supplies/razor-blades/,,,,
,,,,,,,,,Razors,https://iprice.sg/shaving-supplies/razors/,,,,
,,,,,,,,,Gels,https://iprice.sg/shaving-supplies/gels/,,,,
,,,,,,Medical Supplies,https://a.ipricegroup.com/media/homepage/Icon_v2/Medical_Supplies.png,https://iprice.sg/medical-supplies/,items1,,,,,
,,,,,,,,,name,url,,,,
,,,,,,,,,Scale,https://iprice.sg/medical-supplies/scale/,,,,
,,,,,,,,,Blood Pressure,https://iprice.sg/medical-supplies/blood-pressure/,,,,
,,,,,,,,,Lumbar Support,https://iprice.sg/medical-supplies/lumbar-support/,,,,
,,,,,,,,,First Aid,https://iprice.sg/medical-supplies/first-aid/,,,,
,,,,,,,,,Injury Support,https://iprice.sg/medical-supplies/injury-support/,,,,
,,,,,,,,,Personal Pleasure,https://iprice.sg/medical-supplies/personal-pleasure/,,,,
,,,,,,,,,Thermometers,https://iprice.sg/medical-supplies/thermometers/,,,,
,,,,,,,,,Blood Glucose,https://iprice.sg/medical-supplies/blood-glucose/,,,,
,,,,,,,,,Wheel Chairs,https://iprice.sg/medical-supplies/wheel-chairs/,,,,
,,,,,,,,,Body Fat Analyzers,https://iprice.sg/medical-supplies/body-fat-analyzers/,,,,
,,,,,,,,,Nebulizers & Aspirators,https://iprice.sg/medical-supplies/nebulizers-aspirators/,,,,
,,,,,,,,,Commode Chairs,https://iprice.sg/medical-supplies/commode-chairs/,,,,
,,,,,,,,,Fertility Tests,https://iprice.sg/medical-supplies/fertility-tests/,,,,
,,,,,,,,,Ripple Mattresses,https://iprice.sg/medical-supplies/ripple-mattresses/,,,,
,,,,,,,,,Medical Beds,https://iprice.sg/medical-supplies/medical-beds/,,,,
PDP-HB-Carousel,section2,product-carousel,,,,items,,,,,,,,
,,,,,,name,price,store-count,image-url,url,,,,
,,,,,,Urban Decay Flushed Strip,S$ 49.99,2,https://p.ipricegroup.com/7a2569a4259680a2310902319968458e8fd86838_0.jpg,https://iprice.sg/compare/urban-decay-flushed-strip/,,,,
,,,,,,LANEIGE Water Sleeping Mask,S$ 2.29,7,https://p.ipricegroup.com/uploaded_ce9a80bbc9c4fbca299292e483ca7ca8.jpg,https://iprice.sg/compare/laneige-water-sleeping-mask/,,,,
,,,,,,Xiaomi Mi Air Purifier 2,S$ 159.00,3,https://p.ipricegroup.com/uploaded_0c70a8167eaf7484cbfd640b4a260cbd.jpg,https://iprice.sg/compare/xiaomi-mi-air-purifier-2/,,,,
,,,,,,LANEIGE BB Cushion Pore Control,S$ 33.90,6,https://p.ipricegroup.com/uploaded_e1e25484bddd30e5f13f5dff56bd179a.jpg,https://iprice.sg/compare/laneige-bb-cushion-pore-control/,,,,
,,,,,,banila co. Clean it Zero,S$ 26.60,4,https://p.ipricegroup.com/34b9208ab24190824c31cd4a703cd49ec2de9e3f_0.jpg,https://iprice.sg/compare/banila-co-clean-it-zero/,,,,
,,,,,,Innisfree The Green tea Seed Serum 80ml,S$ 13.90,10,https://p.ipricegroup.com/uploaded_8c74b132e179883d456b1fdc512cec8e.jpg,https://iprice.sg/compare/innisfree-the-green-tea-seed-serum-80ml/,,,,
,,,,,,LANEIGE Lip Sleeping Mask,S$ 2.75,9,https://p.ipricegroup.com/uploaded_2a3a59673f7d7c38d41fe42881b3ba23.jpg,https://iprice.sg/compare/laneige-lip-sleeping-mask/,,,,
,,,,,,Anastasia Beverly Hills Dipbrow Pomade,S$ 27.90,4,https://p.ipricegroup.com/uploaded_3b1c8cf032b88b50242cabb888617a69.jpg,https://iprice.sg/compare/anastasia-beverly-hills-dipbrow-pomade/,,,,
,,,,,,Innisfree No Sebum Mineral Powder,S$ 5.08,11,https://p.ipricegroup.com/uploaded_84f05b86b7c1fd350e95d141f1673b20.jpg,https://iprice.sg/compare/innisfree-no-sebum-mineral-powder/,,,,
,,,,,,KangerTech Subox Mini,S$ 42.15,2,https://p.ipricegroup.com/uploaded_542bbcddb78960368b6594255d8552be.jpg,https://iprice.sg/compare/kangertech-subox-mini/,,,,
,,,,,,Xiaomi Mi 5,S$ 428.00,2,https://p.ipricegroup.com/uploaded_610ff03422e822b801900f62e72878c2.jpg,https://iprice.sg/compare/xiaomi-mi-5/,,,,
,,,,,,LANEIGE Two Tone Lip Bar,S$ 12.10,10,https://p.ipricegroup.com/uploaded_947be0ab1369ded79928754b64778e9e.jpg,https://iprice.sg/compare/laneige-two-tone-lip-bar/,,,,
,,,,,,Philips Lumea Prestige IPL Silver,S$ 777.26,4,https://p.ipricegroup.com/uploaded_ea4e7e77137b7426672050e0d4e6638a.jpg,https://iprice.sg/compare/philips-lumea-prestige-ipl-silver/,,,,
,,,,,,Clinique Moisture Surge Extended Thirst Relief,S$ 27.00,3,https://p.ipricegroup.com/uploaded_4d4e63eb14b7dd526c4aaa1818d4faa9.jpg,https://iprice.sg/compare/clinique-moisture-surge-extended-thirst-relief/,,,,
,,,,,,Innisfree Super Volcanic Pore Clay Mask,S$ 9.90,10,https://p.ipricegroup.com/uploaded_9f1879aba46cba2f3dc3ee8f3f3ca4c3.jpg,https://iprice.sg/compare/innisfree-super-volcanic-pore-clay-mask/,,,,
,,,,,,SK-II Facial Treatment Essence,S$ 14.90,6,https://p.ipricegroup.com/uploaded_121ffe768b93ad0443c67c92bc96a80c.jpg,https://iprice.sg/compare/sk-ii-facial-treatment-essence/,,,,
,,,,,,Colourpop Lippie Stix,S$ 7.75,4,https://p.ipricegroup.com/uploaded_44d6cb864b134423d608215453591514.jpg,https://iprice.sg/compare/colourpop-lippie-stix/,,,,
,,,,,,,,,,https://iprice.sg/compare/maybelline-fit-me-foundation-matte-poreless/,,,,
PDP-HB-SeeMore,section2,product-carousel,,,,items,,,,,,,,
,,,,,,name,image-url,url,,,,,,
,,,,,,Philips Series 5000 BT5200/15,https://p.ipricegroup.com/uploaded_b07a8364cc4d886ef001ca7633ac949a.jpg,https://iprice.sg/compare/philips-series-5000-bt520015/,,,,,,
,,,,,,LANEIGE Lip Sleeping Mask,https://p.ipricegroup.com/uploaded_2a3a59673f7d7c38d41fe42881b3ba23.jpg,https://iprice.sg/compare/laneige-lip-sleeping-mask/,,,,,,
,,,,,,Philips InfraCare HP3643/01,https://p.ipricegroup.com/uploaded_5817a4af91ef7b2c03eb9e350a31d875.jpg,https://iprice.sg/compare/philips-infracare-hp364301/,,,,,,
,,,,,,The Face Shop Damyang Bamboo Fresh Soothing Gel,https://p.ipricegroup.com/uploaded_0729a7856aef26689e3fcf1774692585.jpg,https://iprice.sg/compare/the-face-shop-damyang-bamboo-fresh-soothing-gel/,,,,,,
,,,,,,Clinique Moisture Surge Extended Thirst Relief,https://p.ipricegroup.com/uploaded_4d4e63eb14b7dd526c4aaa1818d4faa9.jpg,https://iprice.sg/compare/clinique-moisture-surge-extended-thirst-relief/,,,,,,
,,,,,,Maybelline Superstay 24hr Foundation,https://p.ipricegroup.com/uploaded_740b642b08c3158be9542f8ac9ca624d.jpg,https://iprice.sg/compare/maybelline-superstay-24hr-foundation/,,,,,,
,,,,,,Estée Lauder Advanced Night Repair Eye,https://p.ipricegroup.com/uploaded_1955813d84bf89351c05929d9911b425.jpg,https://iprice.sg/compare/estee-lauder-advanced-night-repair-eye/,,,,,,
,,,,,,Hitachi CM-N4000,https://p.ipricegroup.com/uploaded_32ef6c06182daf02de54c4729243e26b.jpg,https://iprice.sg/compare/hitachi-cm-n4000/,,,,,,
,,,,,,Innisfree Vivid Cotton Ink,https://p.ipricegroup.com/uploaded_14923fdaf62deb6f5aa76b6826576e25.jpg,https://iprice.sg/compare/innisfree-vivid-cotton-ink/,,,,,,
,,,,,,Kiehl's Rare Earth Deep Pore Cleansing Masque,https://p.ipricegroup.com/uploaded_11870ad996d6588478353ac64e016e44.jpg,https://iprice.sg/compare/kiehls-rare-earth-deep-pore-cleansing-masque/,,,,,,
PDP-PLP-SeeMore,section10,link,More Products,1234,1234,items,,,,,,,,
,,,,,,name,image-url,url,,,,,,
,,,,,,Pools,https://p.ipricegroup.com/b555742b1013a4e5fd2af9b854fe8ddf9d52d706_0.jpg,https://iprice.sg/outdoor-garden/lawn/pools/,,,,,,
,,,,,,Lazada,https://p.ipricegroup.com/a124abc6d56ee6f6ebb248a27163c06612e7d247_0.jpg,https://iprice.sg/lazada/,,,,,,
,,,,,,IKEA,https://p.ipricegroup.com/493937a0192a7132b163964875d34f701291ace4_0.jpg,https://iprice.sg/ikea/,,,,,,
,,,,,,TOTO,https://p.ipricegroup.com/e931a5a664d3a86a9bb3d191244a84d2322973e0_0.jpg,https://iprice.sg/toto/,,,,,,
,,,,,,TOME,https://p.ipricegroup.com/86e9df3ec036f77e5e414145999574ec6b6e436c_0.jpg,https://iprice.sg/tome/,,,,,,
,,,,,,Air,https://p.ipricegroup.com/21894561_0.jpg,https://iprice.sg/appliances/fryers/air/,,,,,,
,,,,,,Air,https://p.ipricegroup.com/3852704ad1d5f209ebc5526bbbc5e780b620bfbd_0.jpg,https://iprice.sg/bedroom/beds/air/,,,,,,
,,,,,,Movies,https://p.ipricegroup.com/6298a37ac674a743aa3278ab93f73cbc6cec0d9a_0.jpg,https://iprice.sg/hobbies/movies/,,,,,,
,,,,,,Luxury,https://p.ipricegroup.com/b604056dd6e08f30519bd1fc0da14b1bad13ab71_0.jpg,https://iprice.sg/watches/luxury/,,,,,,
,,,,,,MUJI,https://p.ipricegroup.com/ab6d370bc31ff6ef94f7fe66f7ca5ebd753ec0be_0.jpg,https://iprice.sg/muji/,,,,,,
,,,,,,Grab Promo Code,https://a.ipricegroup.com/store/grab-sg.jpg,https://iprice.sg/coupons/grab/,,,,,,
,,,,,,Grabfood Promo Code,https://a.ipricegroup.com/store/grabfood-sg.jpg,https://iprice.sg/coupons/grabfood/,,,,,,
,,,,,,Scooters,https://p.ipricegroup.com/bf43f91b1c283bb9714e96c6f9a62a8fa7672e1a_0.jpg,https://iprice.sg/toys/outdoor-play/scooters/,,,,,,
,,,,,,Watsons,https://p.ipricegroup.com/0b7b1322dd0b7b313161e5974433dcf672c998d7_0.jpg,https://iprice.sg/watsons/,,,,,,
,,,,,,GUARDIAN,https://p.ipricegroup.com/edc873119d019d97487bb373cd8121cd31edda34_0.jpg,https://iprice.sg/guardian/,,,,,,
,,,,,,Google,https://p.ipricegroup.com/uploaded_1ad833dae14e3452ee2a758e557a7bba.jpg,https://iprice.sg/google/,,,,,,
,,,,,,Foodpanda Promo,https://a.ipricegroup.com/store/foodpanda-sg.jpg,https://iprice.sg/coupons/foodpanda/,,,,,,
,,,,,,Starbucks,https://p.ipricegroup.com/bee530ec557b39cba7a3313bcb447745da9a99ea_0.jpg,https://iprice.sg/starbucks/,,,,,,
,,,,,,Radios,https://p.ipricegroup.com/534cfa5ddad898293d277251a9ae3a947e8c2d02_0.jpg,https://iprice.sg/audio-hi-fi/radios/,,,,,,
,,,,,,TimeZone,https://p.ipricegroup.com/d5699f3efa74283dc7911132e6cbe9d74a9b273b_0.jpg,https://iprice.sg/timezone/,,,,,,
End,,,,,,,,,,,,,,