section,name,type,title,go-to-url,go-to-title,,,,,,,,,
Coupons-Store-Carousel,section6,catagory-carousel-no-text,Find the Best Deals Online,https://iprice.my/coupons/stores/,All Stores,items,,,,,,,,
,,,,,,name,image-url,url,,,,,,
,,,,,,Booking.com Promo Code,https://a.ipricegroup.com/store/bookingcom-my.jpg,https://iprice.my/coupons/bookingcom/,,,,,,
,,,,,,Fave Promo Code,https://a.ipricegroup.com/store/fave-my.jpg,https://iprice.my/coupons/fave/,,,,,,
,,,,,,Lazada Voucher,https://a.ipricegroup.com/store/lazada-my.jpg,https://iprice.my/coupons/lazada/,,,,,,
,,,,,,Shopee Promo Code,https://a.ipricegroup.com/store/shopee-my.jpg,https://iprice.my/coupons/shopee/,,,,,,
,,,,,,Zalora Promo Code,https://a.ipricegroup.com/store/zalora-my.jpg,https://iprice.my/coupons/zalora/,,,,,,
,,,,,,GrabFood Promo Code,https://a.ipricegroup.com/store/grabfood-my.jpg,https://iprice.my/coupons/grabfood/,,,,,,
,,,,,,SOCAR,https://a.ipricegroup.com/store/socar-my.jpg,https://iprice.my/coupons/socar/,,,,,,
,,,,,,Agoda Promo Code,https://a.ipricegroup.com/store/agoda-my.jpg,https://iprice.my/coupons/agoda/,,,,,,
,,,,,,Expedia Promo Code,https://a.ipricegroup.com/store/expedia-my.jpg,https://iprice.my/coupons/expedia/,,,,,,
,,,,,,Groupon,https://a.ipricegroup.com/store/groupon-my.jpg,https://iprice.my/coupons/groupon/,,,,,,
,,,,,,Hermo Promo Code,https://a.ipricegroup.com/store/hermo-my.jpg,https://iprice.my/coupons/hermo/,,,,,,
,,,,,,JD Sports,https://a.ipricegroup.com/store/jd-sports-my.jpg,https://iprice.my/coupons/jd-sports/,,,,,,
,,,,,,KKday Promo Code,https://a.ipricegroup.com/store/kkday-my.jpg,https://iprice.my/coupons/kkday/,,,,,,
,,,,,,Klook Promo Code,https://a.ipricegroup.com/store/klook-my.jpg,https://iprice.my/coupons/klook/,,,,,,
,,,,,,Malaysia Airlines Promotion,https://a.ipricegroup.com/store/malaysia.jpg,https://iprice.my/coupons/malaysia-airlines/,,,,,,
PLP-EL-BrandCategory-Carousel,section3,catagory-carousel,Compare the Best Prices in Electronics,,,items,,,,,,,,
,,,,,,brand-name,name,image-url,url,,,,,
,,,,,,OPPO,Smartphones,https://p.ipricegroup.com/uploaded_5e3155c5c7c078f86853cb104a7f7f3e.jpg,https://iprice.my/oppo/phones-tablets/smartphones/,,,,,
,,,,,,Acer,Laptops,https://p.ipricegroup.com/uploaded_ee01c45d904d866957cce7ca35cc14ea.jpg,https://iprice.my/acer/computing/laptops/,,,,,
,,,,,,Canon,Camera & Photo,https://p.ipricegroup.com/a937ce3dfcf660ff17443af17b16d74ce74af5e0_0.jpg,https://iprice.my/canon/camera-photo/,,,,,
,,,,,,MSI,Laptops,https://p.ipricegroup.com/uploaded_2fe6e966c2a470914f64f3edce1049a4.jpg,https://iprice.my/msi/computing/laptops/,,,,,
,,,,,,Vivo,Smartphones,https://p.ipricegroup.com/uploaded_d5dde77517b2e5723de35e28820a016e.jpg,https://iprice.my/vivo/phones-tablets/smartphones/,,,,,
,,,,,,Apple,Macbook,https://p.ipricegroup.com/31742752_0.jpg,https://iprice.my/apple/macbook/,,,,,
,,,,,,Dell,Gaming,https://p.ipricegroup.com/uploaded_e432b78bd3b38b7ef05a4112237d6f02.jpg,https://iprice.my/dell/alienware/computing/laptops/gaming/,,,,,
,,,,,,Canon,Printers,https://p.ipricegroup.com/uploaded_d4ac38951e996c1c102f19b342c5544b.jpg,https://iprice.my/canon/computing/printers/,,,,,
,,,,,,Daikin,Air Conditioners,https://p.ipricegroup.com/33267035_0.jpg,https://iprice.my/daikin/appliances/air-conditioners/,,,,,
,,,,,,LEAGOO,Smartphones,https://p.ipricegroup.com/uploaded_9302e4226e52ff1b808f799b78c9526a.jpg,https://iprice.my/leagoo/phones-tablets/smartphones/,,,,,
,,,,,,Sony,Playstation,https://p.ipricegroup.com/uploaded_0b4c5abb48a8175b040b2e8daa39b298.jpg,https://iprice.my/sony/gaming/playstation/,,,,,
,,,,,,ASUS,Zenfone,https://p.ipricegroup.com/uploaded_4d01eeabe8e744e837f7f22537dc73b5.jpg,https://iprice.my/asus/zenfone/,,,,,
,,,,,,SanDisk Ultra,Micro SD Cards,https://p.ipricegroup.com/1bf15af183b16f6b41b053f25ad16994b1419011_0.jpg,https://iprice.my/sandisk-ultra/camera-photo/memory-cards/micro-sds/,,,,,
,,,,,,HP,Laptops,https://p.ipricegroup.com/uploaded_e06c84ebbcddb47c495a5a9b729f7119.jpg,https://iprice.my/hp/computing/laptops/,,,,,
,,,,,,Microsoft,Office,https://p.ipricegroup.com/uploaded_1dfd6277927eab1a9cf27f0fc5d96d49.jpg,https://iprice.my/microsoft/computing/software/office/,,,,,
,,,,,,Samsung,Tablets,https://p.ipricegroup.com/uploaded_67b5f6156996dbd5e7523adcba6adf63.jpg,https://iprice.my/samsung/phones-tablets/tablets/,,,,,
,,,,,,Nikon,Camera & Photo,https://p.ipricegroup.com/uploaded_b53df4fd61bff20b01f42129f0194bc1.jpg,https://iprice.my/nikon/camera-photo/,,,,,
,,,,,,Ricoh,Printers,https://p.ipricegroup.com/ea14a72388f39d2129da89cc464fa3359cdfa42b_0.jpg,https://iprice.my/ricoh/computing/printers/,,,,,
,,,,,,Fuji Xerox,Printers,https://p.ipricegroup.com/1650ad4fa8445d3eafb07b6634f32aceb40fe21a_0.jpg,https://iprice.my/fuji-xerox/computing/printers/,,,,,
,,,,,,Hitachi,Appliances,https://p.ipricegroup.com/35241815_0.jpg,https://iprice.my/hitachi/appliances/,,,,,
,,,,,,Brother,Printers,https://p.ipricegroup.com/uploaded_46b7feeb8cda92d4a78e8c677482afbd.jpg,https://iprice.my/brother/computing/printers/,,,,,
,,,,,,Motorola,Phones & Tablets,https://p.ipricegroup.com/uploaded_195401a3cbc383083825a5accce0510f.jpg,https://iprice.my/motorola/phones-tablets/,,,,,
PLP-EL-Brand-Carousel,section3_brand,catagory-carousel-no-text,,,,items,,,,,,,,
,,,,,,name,image-url,url,,,,,,
,,,,,,Apple,https://a.ipricegroup.com/media/apple_2.png,https://iprice.my/apple/,,,,,,
,,,,,,Samsung,https://a.ipricegroup.com/brand/samsung.jpg,https://iprice.my/samsung/,,,,,,
,,,,,,Xiaomi,https://a.ipricegroup.com/brand/xiaomi.jpg,https://iprice.my/xiaomi/,,,,,,
,,,,,,Dell,https://a.ipricegroup.com/media/dell.png,https://iprice.my/dell/,,,,,,
,,,,,,ASUS,https://a.ipricegroup.com/media/asus_2.png,https://iprice.my/asus/,,,,,,
,,,,,,Sony,https://a.ipricegroup.com/media/sony.png,https://iprice.my/sony/,,,,,,
,,,,,,HP,https://a.ipricegroup.com/brand/hp.jpg,https://iprice.my/hp/,,,,,,
,,,,,,Huawei,https://a.ipricegroup.com/media/huawei.png,https://iprice.my/huawei/,,,,,,
,,,,,,Vivo,https://a.ipricegroup.com/brand/vivo.jpg,https://iprice.my/vivo/,,,,,,
,,,,,,Acer,https://a.ipricegroup.com/media/acer.png,https://iprice.my/acer/,,,,,,
,,,,,,Lenovo,https://a.ipricegroup.com/media/lenovos.png,https://iprice.my/lenovo/,,,,,,
,,,,,,Canon,https://a.ipricegroup.com/brand/canon.jpg,https://iprice.my/canon/,,,,,,
,,,,,,Panasonic,https://a.ipricegroup.com/media/panasonic.png,https://iprice.my/panasonic/,,,,,,
,,,,,,ONEXOX,https://a.ipricegroup.com/brand/onexox.jpg,https://iprice.my/onexox/,,,,,,
,,,,,,OnePlus,https://a.ipricegroup.com/brand/oneplus.jpg,https://iprice.my/oneplus/,,,,,,
,,,,,,LG,,https://iprice.my/lg/,,,,,,
,,,,,,GoPro,https://a.ipricegroup.com/brand/gopro.jpg,https://iprice.my/gopro/,,,,,,
,,,,,,TP-LINK,https://a.ipricegroup.com/brand/tp-link.jpg,https://iprice.my/tp-link/,,,,,,
,,,,,,Nokia,https://a.ipricegroup.com/brand/nokia.jpg,https://iprice.my/nokia/,,,,,,
,,,,,,MSI,https://a.ipricegroup.com/brand/msi.jpg,https://iprice.my/msi/,,,,,,
,,,,,,,https://a.ipricegroup.com/media/homepage/EN_allbrands.jpg,https://iprice.my/brands/,,,,,,
PLP-EL-Category-Carousel,section11,product-carousel,,,,items,,,,,,,,
,,,,,,name,image-url,url,,,,,,
,,,,,,Computer,https://a.ipricegroup.com/media/homepage/Icon_v2/Computers.png,https://iprice.my/computing/,items1,,,,,
,,,,,,,,,name,url,,,,
,,,,,,,,,Laptops,https://iprice.my/computing/laptops/,,,,
,,,,,,,,,Desktop PCs,https://iprice.my/computing/desktop-pcs/,,,,
,,,,,,,,,Webcams,https://iprice.my/computing/webcams/,,,,
,,,,,,,,,Software,https://iprice.my/computing/software/,,,,
,,,,,,,,,Printers,https://iprice.my/computing/printers/,,,,
,,,,,,,,,Hardware,https://iprice.my/computing/hardware/,,,,
,,,,,,,,,Accessories,https://iprice.my/computing/accessories/,,,,
,,,,,,,,,External Storage,https://iprice.my/computing/external-storage/,,,,
,,,,,,,,,Network Gear,https://iprice.my/computing/network-gear/,,,,
,,,,,,Phones & Tablets,https://a.ipricegroup.com/media/homepage/Icon_v2/Tablets_and_Phones.png,https://iprice.my/phones-tablets/,items1,,,,,
,,,,,,,,,name,url,,,,
,,,,,,,,,Smartphones,https://iprice.my/phones-tablets/smartphones/,,,,
,,,,,,,,,Tablets,https://iprice.my/phones-tablets/tablets/,,,,
,,,,,,,,,Smartwatches,https://iprice.my/phones-tablets/smartwatches/,,,,
,,,,,,,,,Bluetooth Headsets,https://iprice.my/phones-tablets/bluetooth-headsets/,,,,
,,,,,,,,,Basic Phones,https://iprice.my/phones-tablets/basic-phones/,,,,
,,,,,,,,,Upcoming Mobile Phones,https://iprice.my/upcoming-products/smartphones/,,,,
,,,,,,Gaming,https://a.ipricegroup.com/media/homepage/Icon_v2/Gaming.png,https://iprice.my/gaming/,items1,,,,,
,,,,,,,,,name,url,,,,
,,,,,,,,,Playstation,https://iprice.my/gaming/playstation/,,,,
,,,,,,,,,Xbox,https://iprice.my/gaming/xbox/,,,,
,,,,,,,,,Games,https://iprice.my/gaming/games/,,,,
,,,,,,,,,Controllers,https://iprice.my/gaming/controllers/,,,,
,,,,,,,,,Nintendo,https://iprice.my/gaming/nintendo/,,,,
,,,,,,,,,Accessories,https://iprice.my/gaming/accessories/,,,,
,,,,,,,,,Mobile,https://iprice.my/gaming/mobile/,,,,
,,,,,,,,,Other Consoles,https://iprice.my/gaming/other-consoles/,,,,
,,,,,,Camera & Photo,https://a.ipricegroup.com/media/homepage/Icon_v2/Cameras.png,https://iprice.my/camera-photo/,items1,,,,,
,,,,,,,,,name,url,,,,
,,,,,,,,,DSLRs,https://iprice.my/camera-photo/dslrs/,,,,
,,,,,,,,,Camcorders,https://iprice.my/camera-photo/camcorders/,,,,
,,,,,,,,,Polaroid,https://iprice.my/camera-photo/polaroid/,,,,
,,,,,,,,,Drones,https://iprice.my/camera-photo/drones/,,,,
,,,,,,,,,CCTV,https://iprice.my/camera-photo/cctv/,,,,
,,,,,,,,,Action,https://iprice.my/camera-photo/action/,,,,
,,,,,,,,,Mirrorless Cameras,https://iprice.my/camera-photo/mirrorless/,,,,
,,,,,,,,,Underwater,https://iprice.my/camera-photo/underwater/,,,,
,,,,,,,,,Compact Cameras,https://iprice.my/camera-photo/compact/,,,,
,,,,,,"TV, Video & DVD",https://a.ipricegroup.com/media/homepage/Icon_v2/Tv__DVD.png,https://iprice.my/tv-video-dvd/,items1,,,,,
,,,,,,,,,name,url,,,,
,,,,,,,,,Media Players,https://iprice.my/tv-video-dvd/media-players/,,,,
,,,,,,,,,Blu-Ray,https://iprice.my/tv-video-dvd/blu-ray/,,,,
,,,,,,,,,DVD Players,https://iprice.my/tv-video-dvd/dvd-players/,,,,
,,,,,,,,,LED,https://iprice.my/tv-video-dvd/led/,,,,
,,,,,,,,,OLED,https://iprice.my/tv-video-dvd/oled/,,,,
,,,,,,,,,Plasma,https://iprice.my/tv-video-dvd/plasma/,,,,
,,,,,,,,,UHD,https://iprice.my/tv-video-dvd/uhd/,,,,
,,,,,,,,,Accessories,https://iprice.my/tv-video-dvd/accessories/,,,,
,,,,,,,,,Streaming Media Players,https://iprice.my/tv-video-dvd/streaming-media-players/,,,,
,,,,,,,,,HDMI Media Players,https://iprice.my/tv-video-dvd/hdmi-media-players/,,,,
,,,,,,Appliances,https://a.ipricegroup.com/media/homepage/Icon_v2/Appliances.png,https://iprice.my/appliances/,items1,,,,,
,,,,,,,,,name,url,,,,
,,,,,,,,,Fans,https://iprice.my/appliances/fans/,,,,
,,,,,,,,,Refrigerators,https://iprice.my/appliances/refrigerators/,,,,
,,,,,,,,,Vacuum Cleaners,https://iprice.my/appliances/vacuum-cleaners/,,,,
,,,,,,,,,Air Conditioners,https://iprice.my/appliances/air-conditioners/,,,,
,,,,,,,,,Microwaves,https://iprice.my/appliances/microwaves/,,,,
,,,,,,,,,Freezers,https://iprice.my/appliances/freezers/,,,,
,,,,,,,,,Dishwashers,https://iprice.my/appliances/dishwashers/,,,,
,,,,,,,,,Cookers,https://iprice.my/appliances/cookers/,,,,
,,,,,,,,,Ovens,https://iprice.my/appliances/ovens/,,,,
,,,,,,,,,Mixers,https://iprice.my/appliances/mixers/,,,,
PDP-EL-Carousel,section1,product-carousel,,,,items,,,,,,,,
,,,,,,name,price,store-count,image-url,url,,,,
,,,,,,Apple iPhone 7,"RM 1,280.00",5,https://p.ipricegroup.com/uploaded_dea2a1a61d2e16e71fd0ef988a900d67.jpg,https://iprice.my/compare/apple-iphone-7/,,,,
,,,,,,Huawei P10,"RM 1,225.50",7,https://p.ipricegroup.com/uploaded_33bfb9a6905ccfc7ec946b1ebd45777b.jpg,https://iprice.my/compare/huawei-p10/,,,,
,,,,,,Apple iPhone 7 Plus,"RM 1,370.00",6,https://p.ipricegroup.com/uploaded_dee720e7e03b30a7d8f5a058d6c97cce.jpg,https://iprice.my/compare/apple-iphone-7-plus/,,,,
,,,,,,Samsung Galaxy S8,"RM 1,500.00",6,https://p.ipricegroup.com/uploaded_c9d27e115928859ce037665d8409492b.jpg,https://iprice.my/compare/samsung-galaxy-s8/,,,,
,,,,,,Huawei P20,"RM 1,501.00",7,https://p.ipricegroup.com/uploaded_be15a1d2f9ff3e960fd0eae8a7f1a4c0.jpg,https://iprice.my/compare/huawei-p20/,,,,
,,,,,,OPPO F5,RM 230.00,5,https://p.ipricegroup.com/uploaded_aa1c62a8426509d20f2b3e0c11704f93.jpg,https://iprice.my/compare/oppo-f5/,,,,
,,,,,,Huawei Mate 10,"RM 2,169.00",5,https://p.ipricegroup.com/uploaded_98875d420da84e66df97ff47341a0449.jpg,https://iprice.my/compare/huawei-mate-10/,,,,
,,,,,,Samsung Galaxy Note 8,"RM 1,899.00",5,https://p.ipricegroup.com/uploaded_f0e78e2652de7de88931325edc745dd5.jpg,https://iprice.my/compare/samsung-galaxy-note-8/,,,,
,,,,,,OPPO F7,"RM 1,076.00",3,https://p.ipricegroup.com/uploaded_498dd38d23174a22ba540940118c6477.jpg,https://iprice.my/compare/oppo-f7/,,,,
,,,,,,Vivo V9,RM 500.00,5,https://p.ipricegroup.com/uploaded_084310ff7b6e8b27be1ab02acbeea6d1.jpg,https://iprice.my/compare/vivo-v9/,,,,
,,,,,,Samsung Galaxy J7 Prime,RM 599.00,3,https://p.ipricegroup.com/uploaded_9af6adc7872902f278ceac3eea988486.jpg,https://iprice.my/compare/samsung-galaxy-j7-prime/,,,,
,,,,,,OPPO A37,RM 420.00,3,https://p.ipricegroup.com/uploaded_fa7eccb676e7d8115d5cd5d7cfa81521.jpg,https://iprice.my/compare/oppo-a37/,,,,
,,,,,,Huawei P10 Lite,"RM 1,099.00",3,https://p.ipricegroup.com/uploaded_c41b86d4c7d5605d6720d80d6dd5c866.jpg,https://iprice.my/compare/huawei-p10-lite/,,,,
,,,,,,Xiaomi Redmi Note 4,RM 449.00,5,https://p.ipricegroup.com/uploaded_0fc5c9c164d74a29a5c069d74442ff72.jpg,https://iprice.my/compare/xiaomi-redmi-note-4/,,,,
,,,,,,vivo V5,RM 549.00,3,https://p.ipricegroup.com/uploaded_5f8caf5be2e1c0ec9bc92c067eda0276.jpg,https://iprice.my/compare/vivo-v5/,,,,
,,,,,,Oppo F9,RM 500.00,4,https://p.ipricegroup.com/uploaded_86e1f0058f55ec990099824a8255b5c9.jpg,https://iprice.my/compare/oppo-f9/,,,,
,,,,,,Samsung Galaxy S9,"RM 2,249.00",6,https://p.ipricegroup.com/uploaded_9b5e2c28a190bf4ecb973112f95d8075.jpg,https://iprice.my/compare/samsung-galaxy-s9/,,,,
,,,,,,Apple iPhone X,"RM 2,750.00",7,https://p.ipricegroup.com/uploaded_149fd591353013eb0adad5ae2ac51dcf.jpg,https://iprice.my/compare/apple-iphone-x/,,,,
,,,,,,Nokia 3310 (2017),RM 58.00,4,https://p.ipricegroup.com/uploaded_efdf57064ec4e4e7aa10eaa53b2c1c2e.jpg,https://iprice.my/compare/nokia-3310-2017/,,,,
,,,,,,Apple iPhone 8 Plus,"RM 2,230.00",8,https://p.ipricegroup.com/uploaded_d5a811a2a5010fb1b5ea05c19a764300.jpg,https://iprice.my/compare/apple-iphone-8-plus/,,,,
PDP-EL-SeeMore,section1_link,link,,,,items,,,,,,,,
,,,,,,name,image-url,url,,,,,,
,,,,,,Huawei nova 3i,https://p.ipricegroup.com/uploaded_a0588a7277868badb3600f3ef8c3a2ff.jpg,https://iprice.my/compare/huawei-nova-3i/,,,,,,
,,,,,,OPPO A3s,https://p.ipricegroup.com/uploaded_5e3155c5c7c078f86853cb104a7f7f3e.jpg,https://iprice.my/compare/oppo-a3s/,,,,,,
,,,,,,Huawei Nova 4,https://p.ipricegroup.com/uploaded_23ebf5bd01102d107991a5a3a1f59f37.jpg,https://iprice.my/compare/huawei-nova-4/,,,,,,
,,,,,,Vivo V15,https://p.ipricegroup.com/uploaded_d5dde77517b2e5723de35e28820a016e.jpg,https://iprice.my/compare/vivo-v15/,,,,,,
,,,,,,Huawei Mate 20,https://p.ipricegroup.com/uploaded_5b89e8f96697994c76cb02127fe524a6.jpg,https://iprice.my/compare/huawei-mate-20/,,,,,,
,,,,,,Huawei Honor 8X,https://p.ipricegroup.com/uploaded_bf8e9d4e2f9c041c18d2a01ca581fd13.jpg,https://iprice.my/compare/huawei-honor-8x/,,,,,,
,,,,,,OPPO F11 Pro,https://p.ipricegroup.com/uploaded_ae274e16bd4aaeec76bb3fbd4c0ca734.jpg,https://iprice.my/compare/oppo-f11-pro/,,,,,,
,,,,,,Apple iPhone Xs Max,https://p.ipricegroup.com/uploaded_86fe0a47e553f5e46da91d517a04aa96.jpg,https://iprice.my/compare/apple-iphone-xs-max/,,,,,,
,,,,,,Apple iPhone XR,https://p.ipricegroup.com/uploaded_9c44fecb3c6b8dc85c91e97165e66093.jpg,https://iprice.my/compare/apple-iphone-xr/,,,,,,
,,,,,,OPPO F11,https://p.ipricegroup.com/uploaded_246f557da5f6ad7262d6dca9af325d20.jpg,https://iprice.my/compare/oppo-f11/,,,,,,
,,,,,,Huawei Mate 20 Pro,https://p.ipricegroup.com/uploaded_db5a90abe01436b33936e7613b544c68.jpg,https://iprice.my/compare/huawei-mate-20-pro/,,,,,,
,,,,,,Huawei P30 Pro,https://p.ipricegroup.com/uploaded_ef85b4f979f17267f1aec2a81160fbd3.jpg,https://iprice.my/compare/huawei-p30-pro/,,,,,,
,,,,,,Vivo Y91,https://p.ipricegroup.com/uploaded_6e0fa1b5f5082f7621b003518545513f.jpg,https://iprice.my/compare/vivo-y91/,,,,,,
,,,,,,Huawei Nova 4e,https://p.ipricegroup.com/uploaded_2caa5d2adec65cd6425e97be7b051e8d.jpg,https://iprice.my/compare/huawei-nova-4e/,,,,,,
,,,,,,Apple iPhone Xs,https://p.ipricegroup.com/uploaded_415c858b4e883614cfba4cc8847e7c84.jpg,https://iprice.my/compare/apple-iphone-xs/,,,,,,
,,,,,,Huawei P20 Pro,https://p.ipricegroup.com/uploaded_88e4d17a7d7a4c2da082f059c7c67b92.jpg,https://iprice.my/compare/huawei-p20-pro/,,,,,,
,,,,,,Apple iPhone 6,https://p.ipricegroup.com/uploaded_8fedeedccef59f3c2fba21f8541299c5.jpg,https://iprice.my/compare/apple-iphone-6/,,,,,,
,,,,,,Huawei Mate X,https://p.ipricegroup.com/uploaded_3ce822295a53f32356d842c39470a75f.jpg,https://iprice.my/compare/huawei-mate-x/,,,,,,
,,,,,,Vivo V15 Pro,https://p.ipricegroup.com/uploaded_edb433d617c429ac40323d539833cd02.jpg,https://iprice.my/compare/vivo-v15-pro/,,,,,,
,,,,,,Nintendo Switch,https://p.ipricegroup.com/uploaded_c39042bf1c8fc151e29f88fae06062af.jpg,https://iprice.my/compare/nintendo-switch/,,,,,,
PLP-FA-BrandCategory-Men-Carousel,section4,fashion-panel,Shop Men's Fashion,https://iprice.my/clothing/men/,,image-url,url,label,type,,,,,
,,,,,,https://a.ipricegroup.com/media/homepage/MY_menfashion.jpg,,1234,category-carousel,items,,,,
,,,,,,,,,,brand-name,name,url,image-url,main-url
,,,,,,,,,TRUE,Timberland,Shoes,https://iprice.my/timberland/shoes/men/,https://p.ipricegroup.com/d4d553b92523ece29d2d22116153187d2ddeb58d_0.jpg,https://iprice.my/timberland/shoes/
,,,,,,,,,TRUE,Fossil,Watches,https://iprice.my/fossil/watches/men/,https://p.ipricegroup.com/7cb3230a5795fd8137bcf1042e3feefadd7f7054_0.jpg,https://iprice.my/fossil/watches/
,,,,,,,,,TRUE,Seiko,Watches,https://iprice.my/seiko/watches/men/,https://p.ipricegroup.com/2853fccba8e69d65d79f76c00f534a575463fb77_0.jpg,https://iprice.my/seiko/watches/
,,,,,,,,,TRUE,Tommy Hilfiger,Clothing,https://iprice.my/tommy-hilfiger/clothing/men/,https://p.ipricegroup.com/32cd932827975e6dfe491aa4b9faec46e04c2638_0.jpg,https://iprice.my/tommy-hilfiger/clothing/
,,,,,,,,,TRUE,New Balance,Shoes,https://iprice.my/new-balance/shoes/men/,https://p.ipricegroup.com/c6994fd58d8f501751f5b88aa8de7216f467fbc9_0.jpg,https://iprice.my/new-balance/shoes/
,,,,,,,,,TRUE,Topman,Clothing,https://iprice.my/topman/clothing/men/,https://p.ipricegroup.com/3dd0fc1ace743cf99401b50a9ff41c1db4ce4135_0.jpg,https://iprice.my/topman/clothing/
,,,,,,,,,TRUE,Tomaz,Shoes,https://iprice.my/tomaz/shoes/men/,https://p.ipricegroup.com/4146bfc172e175f27a476d0c246f0e13f2c5e2a9_0.jpg,https://iprice.my/tomaz/shoes/
,,,,,,,,,TRUE,PUMA,Shoes,https://iprice.my/puma/shoes/men/,https://p.ipricegroup.com/195344f3207db309d0ee5b3c0422d9efddb135b9_0.jpg,https://iprice.my/puma/shoes/
,,,,,,,,,TRUE,Bigood,Beanies,https://iprice.my/clothing/men/beanies/,https://p.ipricegroup.com/38bbaa9d54f397424d1a3fbbb897418789c09401_0.jpg,https://iprice.my/clothing/beanies/
,,,,,,,,,TRUE,Casio,Watches,https://iprice.my/casio/watches/men/,https://p.ipricegroup.com/b0bdbbb7b60db7b95efc4f416ce1bbb60750e2b8_0.jpg,https://iprice.my/casio/watches/
,,,,,,,,,TRUE,Bata,Shoes,https://iprice.my/bata/shoes/men/,https://p.ipricegroup.com/3fe4d4564893153f78521e65f0a4e1d6d6af5a4a_0.jpg,https://iprice.my/bata/shoes/
,,,,,,,,,TRUE,Polo,Clothing,https://iprice.my/polo/clothing/men/,https://p.ipricegroup.com/01bda951bf7db91d5a233488a683ffb59a74928a_0.jpg,https://iprice.my/polo/clothing/
,,,,,,,,,TRUE,adidas,Duffel,https://iprice.my/bags/men/duffel/,https://p.ipricegroup.com/3352c20dc6340d3a8508f6a847d42819165a9e7b_0.jpg,https://iprice.my/bags/duffel/
,,,,,,,,,TRUE,Suunto,Watches,https://iprice.my/suunto/watches/men/,https://p.ipricegroup.com/50bf98481d812263bda2280a0146adac5d2a6a4c_0.jpg,https://iprice.my/suunto/watches/
,,,,,,,,,TRUE,Dockers,Pants,https://iprice.my/dockers/clothing/men/pants/,https://p.ipricegroup.com/ad18f8736482cd98d0ad8ced44a705ffa4d1b09d_0.jpg,https://iprice.my/dockers/clothing/pants/
,,,,,,,,,TRUE,Reebok,Shoes,https://iprice.my/reebok/shoes/men/,https://p.ipricegroup.com/41ff477205d7f8b97faa55a56b854c225fcdb54d_0.jpg,https://iprice.my/reebok/shoes/
,,,,,,,,,TRUE,Nike,Bags,https://iprice.my/nike/bags/men/,https://p.ipricegroup.com/f1e56130319381af8b35213cfa8eda9610d87a9f_0.jpg,https://iprice.my/nike/bags/
,,,,,,,,,TRUE,Nike,Shoes,https://iprice.my/nike/shoes/men/,https://p.ipricegroup.com/72c8c742b2959038e9e1aaa4a80f132010b21c3d_0.jpg,https://iprice.my/nike/shoes/
,,,,,,,,,TRUE,CURREN,Watches,https://iprice.my/curren/watches/men/,https://p.ipricegroup.com/57aadf30b1207cbbce23fe7346d7667be9d171fe_0.jpg,https://iprice.my/curren/watches/
PLP-FA-BrandCategory-Women-Carousel,section5,fashion-panel,Shop Women's Fashion,https://iprice.my/clothing/women/,,image-url,url,label,type,,,,,
,,,,,,https://a.ipricegroup.com/media/homepage/MY_womenfashion.jpg,,1234,category-carousel,items,,,,
,,,,,,,,,,brand-name,name,url,image-url,main-url
,,,,,,,,,TRUE,Timberland,Shoes,https://iprice.my/timberland/shoes/women/,https://p.ipricegroup.com/0eb31e22501350ffa4a801053e0025802fc18166_0.jpg,https://iprice.my/chanel/bags/
,,,,,,,,,TRUE,Fossil,Watches,https://iprice.my/fossil/watches/women/,https://p.ipricegroup.com/c9d51af382880e2f30c9c7c6ebd772d0d109527c_0.jpg,https://iprice.my/coach/bags/
,,,,,,,,,TRUE,Seiko,Watches,https://iprice.my/seiko/watches/women/,https://p.ipricegroup.com/c4b4415a3ae0446c337121ecf4cd5111de8c507e_0.jpg,https://iprice.my/charles-keith/bags/
,,,,,,,,,TRUE,Tommy Hilfiger,Clothing,https://iprice.my/tommy-hilfiger/clothing/women/,https://p.ipricegroup.com/6ee21142f34b3da1a79a89ff41980801f074646d_0.jpg,https://iprice.my/michael-kors/bags/
,,,,,,,,,TRUE,New Balance,Shoes,https://iprice.my/new-balance/shoes/women/,https://p.ipricegroup.com/f24601a70ba2428d93f9b98f5b9485f63889a92d_0.jpg,https://iprice.my/duck/clothing/scarves/
,,,,,,,,,FALSE,Topman,Clothing,,,https://iprice.my/swarovski/jewellery/
,,,,,,,,,TRUE,Tomaz,Shoes,https://iprice.my/tomaz/shoes/women/,https://p.ipricegroup.com/6a9737aad256d06016496f1187f93a45c363ee89_0.jpg,https://iprice.my/prada/bags/
,,,,,,,,,TRUE,PUMA,Shoes,https://iprice.my/puma/shoes/women/,https://p.ipricegroup.com/be27cf1b2d245a91c3a41493acf0e356ce638c63_0.jpg,https://iprice.my/bonia/bags/
,,,,,,,,,TRUE,Bigood,Beanies,https://iprice.my/clothing/women/beanies/,https://p.ipricegroup.com/17ecdd0f9c8859c6b57a6aadcff43994e7bc5048_0.jpg,https://iprice.my/vans/shoes/
,,,,,,,,,TRUE,Casio,Watches,https://iprice.my/casio/watches/women/,https://p.ipricegroup.com/79f401b8f83e0b2b6109fb67984d4523321bf266_0.jpg,https://iprice.my/birkenstock/shoes/
,,,,,,,,,TRUE,Bata,Shoes,https://iprice.my/bata/shoes/women/,https://p.ipricegroup.com/d09aee5685e2c2cd5a3b13120729efd654a11087_0.jpg,https://iprice.my/topshop/clothing/
,,,,,,,,,FALSE,Polo,Clothing,,,https://iprice.my/esprit/watches/
,,,,,,,,,TRUE,adidas,Duffel,https://iprice.my/bags/women/duffel/,https://p.ipricegroup.com/d8e6d35fadc544058422d23b3d4c5ed44307f06e_0.jpg,https://iprice.my/esprit/bags/
,,,,,,,,,TRUE,Suunto,Watches,https://iprice.my/suunto/watches/women/,https://p.ipricegroup.com/e94dabdab7afc11628f725fa84d950e396a70c87_0.jpg,https://iprice.my/fossil/bags/
,,,,,,,,,FALSE,Dockers,Pants,,,https://iprice.my/mango/bags/
,,,,,,,,,TRUE,Reebok,Shoes,https://iprice.my/reebok/shoes/women/,https://p.ipricegroup.com/c67dfdeefe0b8f2e00367adff25578996ea84661_0.jpg,https://iprice.my/vincci/shoes/
,,,,,,,,,TRUE,Nike,Bags,https://iprice.my/nike/bags/women/,https://p.ipricegroup.com/0dc1cf99fe30111e6c406949aa1d77033f9a91b7_0.jpg,https://iprice.my/zalia/clothing/
,,,,,,,,,TRUE,Nike,Shoes,https://iprice.my/nike/shoes/women/,https://p.ipricegroup.com/5659ffc1ea76f7ae658b571d92a99b2c7d87630d_0.jpg,https://iprice.my/kate-spade-new-york/bags/
PLP-FA-Brand-Carousel,section5_brand,link,Popular Fashion Brands,,,items,,,TRUE,CURREN,Watches,https://iprice.my/curren/watches/women/,https://p.ipricegroup.com/d44b0fc694e7b7928a53a17daa575bb4c42534cb_0.jpg,
,,,,,,name,image-url,url,,,,,,
,,,,,,Uniqlo,https://a.ipricegroup.com/brand/uniqlo.jpg,https://iprice.my/uniqlo/,,,,,,
,,,,,,Adidas,https://a.ipricegroup.com/media/Zach__2_/adidas.png,https://iprice.my/adidas/,,,,,,
,,,,,,Zara,https://a.ipricegroup.com/brand/zara.jpg,https://iprice.my/zara/,,,,,,
,,,,,,H&M,https://a.ipricegroup.com/brand/h-m.jpg,https://iprice.my/h-m/,,,,,,
,,,,,,Nike,https://a.ipricegroup.com/brand/nike.jpg,https://iprice.my/nike/,,,,,,
,,,,,,ASOS,https://a.ipricegroup.com/brand/asos.jpg,https://iprice.my/asos/,,,,,,
,,,,,,Gucci,https://a.ipricegroup.com/brand/gucci.jpg,https://iprice.my/gucci/,,,,,,
,,,,,,Charles & Keith,https://a.ipricegroup.com/brand/charles-keith.jpg,https://iprice.my/charles-keith/,,,,,,
,,,,,,Pandora,https://a.ipricegroup.com/brand/pandora.jpg,https://iprice.my/pandora/,,,,,,
,,,,,,Cotton On,https://a.ipricegroup.com/brand/cotton-on.jpg,https://iprice.my/cotton-on/,,,,,,
,,,,,,Mango,https://a.ipricegroup.com/brand/mango.jpg,https://iprice.my/mango/,,,,,,
,,,,,,Louis Vuitton,https://a.ipricegroup.com/brand/louis-vuitton.jpg,https://iprice.my/louis-vuitton/,,,,,,
,,,,,,Casio,https://a.ipricegroup.com/media/Zach__2_/casio.png,https://iprice.my/casio/,,,,,,
,,,,,,SKECHERS,https://a.ipricegroup.com/brand/skechers.jpg,https://iprice.my/skechers/,,,,,,
,,,,,,Vans,https://a.ipricegroup.com/brand/vans.jpg,https://iprice.my/vans/,,,,,,
,,,,,,Daniel Wellington,https://a.ipricegroup.com/brand/daniel-wellington.jpg,https://iprice.my/daniel-wellington/,,,,,,
,,,,,,Fossil,https://a.ipricegroup.com/media/Zach__2_/fossil.png,https://iprice.my/fossil/,,,,,,
,,,,,,PUMA,https://a.ipricegroup.com/brand/puma.jpg,https://iprice.my/puma/,,,,,,
,,,,,,Swarovski,https://a.ipricegroup.com/media/Zach__2_/swarovski.png,https://iprice.my/swarovski/,,,,,,
,,,,,,Rolex,,https://iprice.my/rolex/,,,,,,
,,,,,,Coach,https://a.ipricegroup.com/brand/coach.jpg,https://iprice.my/coach/,,,,,,
,,,,,,,https://a.ipricegroup.com/media/homepage/EN_allbrands.jpg,https://iprice.my/brands/,,,,,,
PLP-FA-Category-Carousel,section12,product-carousel,,,,,,,,,,,,
,,,,,,items,,,,,,,,
,,,,,,name,image-url,url,,,,,,
,,,,,,Womens' Clothing,https://a.ipricegroup.com/media/homepage/Icon_v2/Womens_Clothing.png,https://iprice.my/clothing/women/,items1,,,,,
,,,,,,,,,name,url,,,,
,,,,,,,,,Dresses,https://iprice.my/clothing/women/dresses/,,,,
,,,,,,,,,Tops,https://iprice.my/clothing/women/tops/,,,,
,,,,,,,,,Baju Kebaya,https://iprice.my/clothing/traditional/baju-kebaya/,,,,
,,,,,,,,,Baju Kurung,https://iprice.my/clothing/traditional/baju-kurung/,,,,
,,,,,,,,,Baju Kurung Moden,https://iprice.my/clothing/traditional/baju-kurung/moderns/,,,,
,,,,,,,,,Jeans,https://iprice.my/clothing/women/jeans/,,,,
,,,,,,,,,Skirts,https://iprice.my/clothing/women/skirts/,,,,
,,,,,,,,,Pants,https://iprice.my/clothing/women/pants/,,,,
,,,,,,,,,Evening Gown,https://iprice.my/clothing/women/dresses/evening-gown/,,,,
,,,,,,,,,Swimwear,https://iprice.my/clothing/women/swimwear/,,,,
,,,,,,,,,Sportswear,https://iprice.my/clothing/women/sportswear/,,,,
,,,,,,,,,Lingerie,https://iprice.my/clothing/women/underwear/lingerie/,,,,
,,,,,,,,,Baju Raya 2018,https://iprice.my/baju-raya/,,,,
,,,,,,Womens' shoes,https://a.ipricegroup.com/media/homepage/Icon_v2/Womens_Shoes.png,https://iprice.my/shoes/women/,items1,,,,,
,,,,,,,,,name,url,,,,
,,,,,,,,,Boots,https://iprice.my/shoes/women/boots/,,,,
,,,,,,,,,Flats,https://iprice.my/shoes/women/flats/,,,,
,,,,,,,,,High Heels,https://iprice.my/shoes/women/high-heels/,,,,
,,,,,,,,,Sneakers,https://iprice.my/shoes/women/sneakers/,,,,
,,,,,,,,,Sports,https://iprice.my/shoes/women/sports/,,,,
,,,,,,,,,Boat,https://iprice.my/shoes/women/boat/,,,,
,,,,,,,,,Sandals,https://iprice.my/shoes/women/sandals/,,,,
,,,,,,,,,Brogues,https://iprice.my/shoes/women/brogues/,,,,
,,,,,,,,,Wedges,https://iprice.my/shoes/women/wedges/,,,,
,,,,,,Mens' clothing,https://a.ipricegroup.com/media/homepage/Icon_v2/Mans_Clothing.png,https://iprice.my/clothing/men/,items1,,,,,
,,,,,,,,,name,url,,,,
,,,,,,,,,Jackets,https://iprice.my/clothing/men/jackets/,,,,
,,,,,,,,,Formal Wear,https://iprice.my/clothing/men/formal-wear/,,,,
,,,,,,,,,Jeans,https://iprice.my/clothing/men/jeans/,,,,
,,,,,,,,,Shirts,https://iprice.my/clothing/men/shirts/,,,,
,,,,,,,,,Pants,https://iprice.my/clothing/men/pants/,,,,
,,,,,,,,,Baju Melayu,https://iprice.my/clothing/traditional/baju-melayu/,,,,
,,,,,,,,,Shorts,https://iprice.my/clothing/men/shorts/,,,,
,,,,,,,,,Sportswear,https://iprice.my/clothing/men/sportswear/,,,,
,,,,,,,,,T-Shirts,https://iprice.my/clothing/men/t-shirts/,,,,
,,,,,,,,,Polo Shirts,https://iprice.my/clothing/men/polo-shirts/,,,,
,,,,,,,,,Sunglasses,https://iprice.my/clothing/men/sunglasses/,,,,
,,,,,,Mens' shoes,https://a.ipricegroup.com/media/homepage/Icon_v2/Mans_Shoes.png,https://iprice.my/shoes/men/,items1,,,,,
,,,,,,,,,name,url,,,,
,,,,,,,,,Boots,https://iprice.my/shoes/men/boots/,,,,
,,,,,,,,,Sneakers,https://iprice.my/shoes/men/sneakers/,,,,
,,,,,,,,,Loafers,https://iprice.my/shoes/men/loafers/,,,,
,,,,,,,,,Flip Flops,https://iprice.my/shoes/men/flip-flops/,,,,
,,,,,,,,,Sports,https://iprice.my/shoes/men/sports/,,,,
,,,,,,,,,Running,https://iprice.my/shoes/men/sports/running/,,,,
,,,,,,,,,Sandals,https://iprice.my/shoes/men/sandals/,,,,
,,,,,,Bags,https://a.ipricegroup.com/media/homepage/Icon_v2/Bags.png,https://iprice.my/bags/,items1,,,,,
,,,,,,,,,name,url,,,,
,,,,,,,,,Backpacks,https://iprice.my/bags/backpacks/,,,,
,,,,,,,,,Wallets,https://iprice.my/bags/wallets/,,,,
,,,,,,,,,Tote,https://iprice.my/bags/handbags/tote/,,,,
,,,,,,,,,Clutches,https://iprice.my/bags/handbags/clutches/,,,,
,,,,,,,,,Sling,https://iprice.my/bags/sling/,,,,
,,,,,,,,,Handbags,https://iprice.my/bags/women/handbags/,,,,
,,,,,,,,,Duffel,https://iprice.my/bags/duffel/,,,,
,,,,,,,,,Briefcases,https://iprice.my/bags/briefcases/,,,,
,,,,,,,,,Luggage,https://iprice.my/bags/travel/luggage/,,,,
,,,,,,,,,Waist,https://iprice.my/bags/waist/,,,,
,,,,,,Jewellery,https://a.ipricegroup.com/media/homepage/Icon_v2/Jewellery.png,https://iprice.my/jewellery/,items1,,,,,
,,,,,,,,,name,url,,,,
,,,,,,,,,Rings,https://iprice.my/jewellery/rings/,,,,
,,,,,,,,,Bracelets,https://iprice.my/jewellery/bracelets/,,,,
,,,,,,,,,Charms,https://iprice.my/jewellery/charms/,,,,
,,,,,,,,,Necklaces,https://iprice.my/jewellery/necklaces/,,,,
,,,,,,,,,Earrings,https://iprice.my/jewellery/earrings/,,,,
,,,,,,,,,Cufflinks,https://iprice.my/jewellery/cufflinks/,,,,
,,,,,,,,,Beads,https://iprice.my/jewellery/beads/,,,,
,,,,,,,,,Brooches,https://iprice.my/jewellery/brooches/,,,,
,,,,,,,,,Sets,https://iprice.my/jewellery/sets/,,,,
,,,,,,,,,Accessories,https://iprice.my/jewellery/accessories/,,,,
,,,,,,Watches,https://a.ipricegroup.com/media/homepage/Icon_v2/Watches_v2.png,https://iprice.my/watches/,items1,,,,,
,,,,,,,,,name,url,,,,
,,,,,,,,,Women,https://iprice.my/watches/women/,,,,
,,,,,,,,,Men,https://iprice.my/watches/men/,,,,
,,,,,,,,,Sports,https://iprice.my/watches/sports/,,,,
,,,,,,,,,Digital,https://iprice.my/watches/digital/,,,,
,,,,,,,,,Chronograph,https://iprice.my/watches/chronograph/,,,,
,,,,,,,,,Analogue,https://iprice.my/watches/analogue/,,,,
,,,,,,,,,Luxury,https://iprice.my/watches/luxury/,,,,
PLP-HB-BrandCategory-Carousel,section13,fashion-panel,Shop Health & Beauty,,,items,,,,,,,,
,,,,,,brand-name,name,image-url,url,,,,,
,,,,,,innisfree,Skin Care,https://p.ipricegroup.com/957f679fbec76f030f46050a65aff7540fefac23_0.jpg,https://iprice.my/innisfree/skin-care/,,,,,
,,,,,,HERBALIFE,Food Supplements,https://p.ipricegroup.com/ce4720ffd60fcf01452c6cac8cabccc8a4cacb44_0.jpg,https://iprice.my/herbalife/food-supplements/,,,,,
,,,,,,Clinique,Skin Care,https://p.ipricegroup.com/1cbb6ba85199b329335193478d42b3570f176bf2_0.jpg,https://iprice.my/clinique/skin-care/,,,,,
,,,,,,BLACKMORES,Vitamins,https://p.ipricegroup.com/29510e61624ed44a09498cedf99d8678d3d36f9b_0.jpg,https://iprice.my/blackmores/supplements/vitamins/,,,,,
,,,,,,Sephora,Makeup,https://p.ipricegroup.com/uploaded_5f9e53c66918c695c93ce84c465c31e6.jpg,https://iprice.my/sephora/makeup/,,,,,
,,,,,,Cosmoderm,Face Skin Care,https://p.ipricegroup.com/6663b7035499147e4eef3a16d0777e3fc91753ca_0.jpg,https://iprice.my/cosmoderm/skin-care/face/,,,,,
,,,,,,LANEIGE,Face Skin Care,https://p.ipricegroup.com/uploaded_35f0b52a9e2158029fb2dd07954857ab.jpg,https://iprice.my/laneige/skin-care/face/,,,,,
,,,,,,Hada Labo,Face Skin Care,https://p.ipricegroup.com/411e0d6dc59e40d1ad7b9370b1989ced0d5136fb_0.jpg,https://iprice.my/hada-labo/skin-care/face/,,,,,
,,,,,,M.A.C Cosmetics,Lipsticks,https://p.ipricegroup.com/d51091ec39be230b73d3029ebe109abe8207cab7_0.jpg,https://iprice.my/mac-cosmetics/makeup/lips/lipsticks/,,,,,
,,,,,,Bio-essence,Face Skin Care,https://p.ipricegroup.com/334b93fce49bf203ced531e8aa2cb412974171ec_0.jpg,https://iprice.my/bio-essence/skin-care/face/,,,,,
,,,,,,Elianto,Makeup,https://p.ipricegroup.com/aa9a7e46644a17bae3e2046c126741104d0be97c_0.jpg,https://iprice.my/elianto/makeup/,,,,,
,,,,,,Shaklee,Supplements,https://p.ipricegroup.com/9cf8ca70e1f86e87dedb8f31d8e139dd1ef217c7_0.jpg,https://iprice.my/shaklee/supplements/,,,,,
,,,,,,NYX,Makeup,https://p.ipricegroup.com/uploaded_dfbacc456b11b4689a0887c8a1f79a71.jpg,https://iprice.my/nyx/makeup/,,,,,
,,,,,,NARS,Lip Makeup,https://p.ipricegroup.com/7b032e314efaaaa13624f78365217253f93f8c24_0.jpg,https://iprice.my/nars/makeup/lips/,,,,,
,,,,,,NARS,Foundations,https://p.ipricegroup.com/feaf2753a6c97e6eaa2d79accec202f4b9737da7_0.jpg,https://iprice.my/nars/makeup/face/foundations/,,,,,
,,,,,,NYX,Concealers,https://p.ipricegroup.com/93cc2bf0d6f4c7f3183f8dd73b8d5b85957c8d22_0.jpg,https://iprice.my/nyx/makeup/face/concealers/,,,,,
,,,,,,Dianz,Vitamin C,https://p.ipricegroup.com/d610d764f95f02329300ac7a5adb50e747ff638e_0.jpg,https://iprice.my/dianz/supplements/vitamins/vitamin-c/,,,,,
,,,,,,Lancôme,Serums,https://p.ipricegroup.com/8dc6d14b83b806a032558ffdd648d3e139c124d7_0.jpg,https://iprice.my/lancome/skin-care/face/serums/,,,,,
,,,,,,Nature Republic,Face Skin Care,https://p.ipricegroup.com/c220e4b967cc5925adff43a9008581933b39930e_0.jpg,https://iprice.my/nature-republic/skin-care/face/,,,,,
PLP-HB-Brand-Carousel,section13_brand,link,,,,items,,,,,,,,
,,,,,,name,image-url,url,,,,,,
,,,,,,Sephora,https://a.ipricegroup.com/brand/sephora.jpg,https://iprice.my/sephora/,,,,,,
,,,,,,Lancôme,https://a.ipricegroup.com/brand/lancome.jpg,https://iprice.my/lancome/,,,,,,
,,,,,,Tarte,https://a.ipricegroup.com/brand/tarte.jpg,https://iprice.my/tarte/,,,,,,
,,,,,,Guardian,https://a.ipricegroup.com/media/new_guardian.png,https://iprice.my/guardian/,,,,,,
,,,,,,Innisfree,https://a.ipricegroup.com/brand/innisfree.jpg,https://iprice.my/innisfree/,,,,,,
,,,,,,Marykay,,https://iprice.my/marykay/,,,,,,
,,,,,,ColourPop,https://a.ipricegroup.com/brand/colourpop.jpg,https://iprice.my/colourpop/,,,,,,
,,,,,,Cetaphil,https://a.ipricegroup.com/brand/cetaphil.jpg,https://iprice.my/cetaphil/,,,,,,
,,,,,,Kiehl's,https://a.ipricegroup.com/brand/kiehls.jpg,https://iprice.my/kiehls/,,,,,,
,,,,,,The Body Shop,https://a.ipricegroup.com/brand/the-body-shop.jpg,https://iprice.my/the-body-shop/,,,,,,
,,,,,,Young Living,https://a.ipricegroup.com/brand/young-living.jpg,https://iprice.my/young-living/,,,,,,
,,,,,,LANEIGE,https://a.ipricegroup.com/brand/laneige.jpg,https://iprice.my/laneige/,,,,,,
,,,,,,The Face Shop,,https://iprice.my/the-face-shop/,,,,,,
,,,,,,PRISTIN,,https://iprice.my/pristin/,,,,,,
,,,,,,Mac,,https://iprice.my/mac/,,,,,,
,,,,,,Hada Labo,https://a.ipricegroup.com/brand/hada-labo.jpg,https://iprice.my/hada-labo/,,,,,,
,,,,,,Avon,https://a.ipricegroup.com/brand/avon.jpg,https://iprice.my/avon/,,,,,,
,,,,,,NARUKO,https://a.ipricegroup.com/brand/naruko.jpg,https://iprice.my/naruko/,,,,,,
,,,,,,Vaseline,https://a.ipricegroup.com/brand/vaseline.jpg,https://iprice.my/vaseline/,,,,,,
,,,,,,ETUDEHOUSE,,https://iprice.my/etude-house/,,,,,,
,,,,,,Bath and body works,,https://iprice.my/bath-body-works/,,,,,,
,,,,,,Bio-essence,https://a.ipricegroup.com/brand/bio-essence.jpg,https://iprice.my/bio-essence/,,,,,,
,,,,,,Elianto,https://a.ipricegroup.com/brand/elianto.jpg,https://iprice.my/elianto/,,,,,,
,,,,,,Huda Beauty,,https://iprice.my/huda-beauty/,,,,,,
,,,,,,Klairs,,https://iprice.my/klairs/,,,,,,
,,,,,,Mamonde,,https://iprice.my/mamonde/,,,,,,
,,,,,,,https://a.ipricegroup.com/media/homepage/EN_allbrands.jpg,https://iprice.my/brands/,,,,,,
PLP-HB-Category-Carousel,section14,product-carousel,,,,,,,,,,,,
,,,,,,items,,,,,,,,
,,,,,,name,image-url,url,,,,,,
,,,,,,Skin Care,https://a.ipricegroup.com/media/homepage/Icon_v2/Skin_Care.png,https://iprice.my/skin-care/,items1,,,,,
,,,,,,,,,name,url,,,,
,,,,,,,,,Face Skin Care,https://iprice.my/skin-care/face/,,,,
,,,,,,,,,Hand,https://iprice.my/skin-care/hand/,,,,
,,,,,,,,,Eyes,https://iprice.my/skin-care/eyes/,,,,
,,,,,,,,,Foot,https://iprice.my/skin-care/foot/,,,,
,,,,,,Eyecare,https://a.ipricegroup.com/media/homepage/Icon_v2/Eye_Care.png,https://iprice.my/eyecare/,items1,,,,,
,,,,,,,,,name,url,,,,
,,,,,,,,,Glasses,https://iprice.my/eyecare/glasses/,,,,
,,,,,,,,,Contact Lenses,https://iprice.my/eyecare/contact-lenses/,,,,
,,,,,,,,,Eye Drops,https://iprice.my/eyecare/eye-drops/,,,,
,,,,,,Dental Care,https://a.ipricegroup.com/media/homepage/Icon_v2/Dental_Care.png,https://iprice.my/dental-care/,items1,,,,,
,,,,,,,,,name,url,,,,
,,,,,,,,,Toothbrushes,https://iprice.my/dental-care/toothbrushes/,,,,
,,,,,,,,,Toothpastes,https://iprice.my/dental-care/toothpastes/,,,,
,,,,,,,,,Flosses,https://iprice.my/dental-care/flosses/,,,,
,,,,,,,,,Mouthwash,https://iprice.my/dental-care/mouthwash/,,,,
,,,,,,,,,Accessories,https://iprice.my/dental-care/accessories/,,,,
,,,,,,Makeup,https://a.ipricegroup.com/media/homepage/Icon_v2/Make_Up.png,https://iprice.my/makeup/,items1,,,,,
,,,,,,,,,name,url,,,,
,,,,,,,,,Lip Makeup,https://iprice.my/makeup/lips/,,,,
,,,,,,,,,Face,https://iprice.my/makeup/face/,,,,
,,,,,,,,,Accessories,https://iprice.my/makeup/accessories/,,,,
,,,,,,,,,Eye Makeup,https://iprice.my/makeup/eyes/,,,,
,,,,,,,,,Wigs,https://iprice.my/makeup/wigs/,,,,
,,,,,,,,,Set,https://iprice.my/makeup/set/,,,,
,,,,,,,,,Setting Sprays,https://iprice.my/makeup/setting-sprays/,,,,
,,,,,,,,,Makeup Removers,https://iprice.my/makeup/removers/,,,,
,,,,,,,,,Makeup Sets,https://iprice.my/makeup/sets/,,,,
,,,,,,Perfume,https://a.ipricegroup.com/media/homepage/Icon_v2/Perfume.png,https://iprice.my/perfume/,items1,,,,,
,,,,,,,,,name,url,,,,
,,,,,,,,,Eau De Toilette,https://iprice.my/perfume/eau-de-toilette/,,,,
,,,,,,,,,Eau De Parfum,https://iprice.my/perfume/eau-de-parfum/,,,,
,,,,,,,,,Eau De Cologne,https://iprice.my/perfume/eau-de-cologne/,,,,
,,,,,,Hair Care,https://a.ipricegroup.com/media/homepage/Icon_v2/Hair_Care.png,https://iprice.my/hair-care/,items1,,,,,
,,,,,,,,,name,url,,,,
,,,,,,,,,Styling,https://iprice.my/hair-care/styling/,,,,
,,,,,,,,,Hair Treatments,https://iprice.my/hair-care/treatments/,,,,
,,,,,,,,,Colouring,https://iprice.my/hair-care/colouring/,,,,
,,,,,,,,,Shampoos,https://iprice.my/hair-care/shampoos/,,,,
,,,,,,,,,Conditioners,https://iprice.my/hair-care/conditioners/,,,,
,,,,,,Bath & Body,https://a.ipricegroup.com/media/homepage/Icon_v2/Bath_and_Body_.png,https://iprice.my/bath-body/,items1,,,,,
,,,,,,,,,name,url,,,,
,,,,,,,,,Oils,https://iprice.my/bath-body/oils/,,,,
,,,,,,,,,Lotions,https://iprice.my/bath-body/lotions/,,,,
,,,,,,,,,Shower,https://iprice.my/bath-body/shower/,,,,
,,,,,,,,,Body Mists,https://iprice.my/bath-body/mists/,,,,
,,,,,,,,,Hair Removal,https://iprice.my/bath-body/hair-removal/,,,,
,,,,,,,,,Massagers,https://iprice.my/bath-body/massagers/,,,,
,,,,,,,,,Deodorants,https://iprice.my/bath-body/deodorants/,,,,
,,,,,,,,,Accessories,https://iprice.my/bath-body/accessories/,,,,
,,,,,,,,,Slimming,https://iprice.my/bath-body/slimming/,,,,
,,,,,,,,,Slimming,https://iprice.my/bath-body/slimming/,,,,
,,,,,,,,,Feminine Hygiene,https://iprice.my/bath-body/feminine-hygiene/,,,,
,,,,,,,,,Massage Chairs,https://iprice.my/bath-body/massage-chairs/,,,,
,,,,,,Supplements,https://a.ipricegroup.com/media/homepage/Icon_v2/Supplement.png,https://iprice.my/supplements/,items1,,,,,
,,,,,,,,,name,url,,,,
,,,,,,,,,Vitamins,https://iprice.my/supplements/vitamins/,,,,
,,,,,,,,,Dietary,https://iprice.my/supplements/dietary/,,,,
,,,,,,,,,Chia Seeds,https://iprice.my/supplements/chia-seeds/,,,,
,,,,,,,,,Collagen,https://iprice.my/supplements/collagen/,,,,
,,,,,,,,,Minerals,https://iprice.my/supplements/minerals/,,,,
,,,,,,,,,Antioxidants,https://iprice.my/supplements/antioxidants/,,,,
,,,,,,,,,Weight Loss Supplements,https://iprice.my/supplements/weight-loss/,,,,
,,,,,,Shaving Supplies,https://a.ipricegroup.com/media/homepage/Icon_v2/Shaving_Supplies.png,https://iprice.my/shaving-supplies/,items1,,,,,
,,,,,,,,,name,url,,,,
,,,,,,,,,Trimmers & Clippers,https://iprice.my/shaving-supplies/trimmers-clippers/,,,,
,,,,,,,,,After Shave,https://iprice.my/shaving-supplies/after-shave/,,,,
,,,,,,,,,Creams,https://iprice.my/shaving-supplies/creams/,,,,
,,,,,,,,,Razor Blades,https://iprice.my/shaving-supplies/razor-blades/,,,,
,,,,,,,,,Razors,https://iprice.my/shaving-supplies/razors/,,,,
,,,,,,,,,Gels,https://iprice.my/shaving-supplies/gels/,,,,
,,,,,,Medical Supplies,https://a.ipricegroup.com/media/homepage/Icon_v2/Medical_Supplies.png,https://iprice.my/medical-supplies/,items1,,,,,
,,,,,,,,,name,url,,,,
,,,,,,,,,Weighing Scales,https://iprice.my/medical-supplies/scale/,,,,
,,,,,,,,,Blood Pressure,https://iprice.my/medical-supplies/blood-pressure/,,,,
,,,,,,,,,Lumbar Support,https://iprice.my/medical-supplies/lumbar-support/,,,,
,,,,,,,,,First Aid,https://iprice.my/medical-supplies/first-aid/,,,,
,,,,,,,,,Injury Support,https://iprice.my/medical-supplies/injury-support/,,,,
,,,,,,,,,Personal Pleasure,https://iprice.my/medical-supplies/personal-pleasure/,,,,
,,,,,,,,,Thermometers,https://iprice.my/medical-supplies/thermometers/,,,,
,,,,,,,,,Blood Glucose,https://iprice.my/medical-supplies/blood-glucose/,,,,
,,,,,,,,,Wheel Chairs,https://iprice.my/medical-supplies/wheel-chairs/,,,,
,,,,,,,,,Body Fat Analyzers,https://iprice.my/medical-supplies/body-fat-analyzers/,,,,
,,,,,,,,,Nebulizers & Aspirators,https://iprice.my/medical-supplies/nebulizers-aspirators/,,,,
,,,,,,,,,Commode Chairs,https://iprice.my/medical-supplies/commode-chairs/,,,,
,,,,,,,,,Fertility Tests,https://iprice.my/medical-supplies/fertility-tests/,,,,
,,,,,,,,,Ripple Mattresses,https://iprice.my/medical-supplies/ripple-mattresses/,,,,
,,,,,,,,,Medical Beds,https://iprice.my/medical-supplies/medical-beds/,,,,
PDP-HB-Carousel,section2,product-carousel,,,,items,,,,,,,,
,,,,,,name,price,store-count,image-url,url,,,,
,,,,,,LANEIGE Water Sleeping Mask,RM 4.50,8,https://p.ipricegroup.com/uploaded_ce9a80bbc9c4fbca299292e483ca7ca8.jpg,https://iprice.my/compare/laneige-water-sleeping-mask/,,,,
,,,,,,Sendayu Tinggi DTOX Natural,RM 40.00,2,https://p.ipricegroup.com/uploaded_29d25b427ad11c08f9a866637cecb1d1.jpg,https://iprice.my/compare/sendayu-tinggi-dtox-natural/,,,,
,,,,,,The Face Shop White Seed Brightening Serum,RM 63.93,6,https://p.ipricegroup.com/uploaded_d446bde966868f885fe5641ed18030bc.jpg,https://iprice.my/compare/the-face-shop-white-seed-brightening-serum/,,,,
,,,,,,Lancome Advanced Génifique Youth Activating Concentrate,RM 30.00,5,https://p.ipricegroup.com/8dc6d14b83b806a032558ffdd648d3e139c124d7_0.jpg,https://iprice.my/compare/lancome-advanced-genifique-youth-activating-concentrate/,,,,
,,,,,,M.A.C Matte Lipstick,RM 64.00,5,https://p.ipricegroup.com/uploaded_b74672cbcfc7107400ee9e06e2b781f3.jpg,https://iprice.my/compare/mac-matte-lipstick/,,,,
,,,,,,Enfagrow A Plus Step 3,RM 49.90,4,https://p.ipricegroup.com/92200d8fc721f058bea3360e0344711b1d74969f_0.jpg,https://iprice.my/compare/enfagrow-a-plus-step-3/,,,,
,,,,,,Nature Republic Aloe Vera 92% Soothing Gel 10 Units,RM 60.90,1,https://p.ipricegroup.com/uploaded_05f43911305cf689206fc2458e87b547.jpg,https://iprice.my/compare/nature-republic-aloe-vera-92-soothing-gel-10-units/,,,,
,,,,,,LANEIGE BB Cushion,RM 43.00,5,https://p.ipricegroup.com/uploaded_f1061522234d9bea78a302ed2fb83e4a.jpg,https://iprice.my/compare/laneige-bb-cushion/,,,,
,,,,,,Maybelline Fit Me Foundation Matte Poreless 115 Ivory,RM 47.07,3,https://p.ipricegroup.com/1f2016b5b8f7b169e0362a0c4caa772fb8987b76_0.jpg,https://iprice.my/compare/maybelline-fit-me-foundation-matte-poreless-115-ivory/,,,,
,,,,,,Enfalac A Plus Step 1,RM 187.50,2,https://p.ipricegroup.com/uploaded_99aeff38df490aaee89fd9bdbd610e5b.jpg,https://iprice.my/compare/enfalac-a-plus-step-1/,,,,
,,,,,,Frisolac Step 1,RM 99.00,1,https://p.ipricegroup.com/9391b5dd6de68691e3e3ec2e504783677f81171b_0.jpg,https://iprice.my/compare/frisolac-step-1/,,,,
,,,,,,Laura Mercier Candleglow Soft Luminous Foundation,RM 138.50,2,https://p.ipricegroup.com/uploaded_ee9a5913429a632ef8c24e2e4754a4db.jpg,https://iprice.my/compare/laura-mercier-candleglow-soft-luminous-foundation/,,,,
,,,,,,NYX Soft Matte Lip Cream,RM 14.77,7,https://p.ipricegroup.com/uploaded_dfbacc456b11b4689a0887c8a1f79a71.jpg,https://iprice.my/compare/nyx-soft-matte-lip-cream/,,,,
,,,,,,LANEIGE Lip Sleeping Mask,RM 9.60,11,https://p.ipricegroup.com/uploaded_35f0b52a9e2158029fb2dd07954857ab.jpg,https://iprice.my/compare/laneige-lip-sleeping-mask/,,,,
,,,,,,Maybelline Color Show Lipstick,RM 28.00,1,https://p.ipricegroup.com/uploaded_a7b1746e5531f7eb733b081648cf3ee5.jpg,https://iprice.my/compare/maybelline-color-show-lipstick/,,,,
,,,,,,,,,,https://iprice.my/compare/bath-body-works-shower-gel/,,,,
,,,,,,,,,,https://iprice.my/compare/innisfree-super-volcanic-pore-clay-mask/,,,,
,,,,,,,,,,https://iprice.my/compare/colourpop-i-think-i-love-you/,,,,
PDP-HB-SeeMore,section2,product-carousel,,,,items,,,,,,,,
,,,,,,name,image-url,url,,,,,,
,,,,,,Pixi Glow Tonic,https://p.ipricegroup.com/uploaded_c957dca5355687f948c583713364ec2d.jpg,https://iprice.my/compare/pixi-glow-tonic/,,,,,,
,,,,,,LANEIGE Lip Sleeping Mask,https://p.ipricegroup.com/uploaded_35f0b52a9e2158029fb2dd07954857ab.jpg,https://iprice.my/compare/laneige-lip-sleeping-mask/,,,,,,
,,,,,,Alha Alfa Foundation,https://p.ipricegroup.com/uploaded_8d07addd9c638be53eeae90b35a9fef7.jpg,https://iprice.my/compare/alha-alfa-foundation/,,,,,,
,,,,,,M.A.C Matte Lipstick,https://p.ipricegroup.com/uploaded_b74672cbcfc7107400ee9e06e2b781f3.jpg,https://iprice.my/compare/mac-matte-lipstick/,,,,,,
,,,,,,LANEIGE Water Sleeping Mask,https://p.ipricegroup.com/uploaded_ce9a80bbc9c4fbca299292e483ca7ca8.jpg,https://iprice.my/compare/laneige-water-sleeping-mask/,,,,,,
,,,,,,Innisfree Vivid Cotton Ink,https://p.ipricegroup.com/50983a0eeee2f6a81fd359e2070a2b3677632d26_0.jpg,https://iprice.my/compare/innisfree-vivid-cotton-ink/,,,,,,
,,,,,,Huggies Dry Pants,https://p.ipricegroup.com/56d3cea631d89cdded2987eae6b0ca87f3390a20_0.jpg,https://iprice.my/compare/huggies-dry-pants/,,,,,,
,,,,,,Drypers Touch,https://p.ipricegroup.com/1fdf1548de9057ca2e8239e5976e21df8fe83f9c_0.jpg,https://iprice.my/compare/drypers-touch/,,,,,,
,,,,,,banila co. Clean it Zero,https://p.ipricegroup.com/1b50f438de8475b5aaadac478c8830b63806e4e2_0.jpg,https://iprice.my/compare/banila-co-clean-it-zero/,,,,,,
,,,,,,Kiehl's Ultra Facial Cream,https://p.ipricegroup.com/ba01100df16bfd96c59d0f1df02c73ec35d1aea7_0.jpg,https://iprice.my/compare/kiehls-ultra-facial-cream/,,,,,,
PDP-PLP-SeeMore,section10,link,More Products,1234,1234,items,,,,,,,,
,,,,,,name,image-url,url,,,,,,
,,,,,,Lazada,https://p.ipricegroup.com/377d60de94009d4768b7963d02491c5f51aff33e_0.jpg,https://iprice.my/lazada/,,,,,,
,,,,,,Hoda,https://p.ipricegroup.com/75c65ba35d825ee281d7272462a6edc2881029b3_0.jpg,https://iprice.my/hoda/,,,,,,
,,,,,,WATSONS,https://p.ipricegroup.com/50b90b031c19a234ef22117e308825dcda18540e_0.jpg,https://iprice.my/watsons/,,,,,,
,,,,,,Tesco,https://p.ipricegroup.com/46efde01382eca94690e5c2bbcf27ed0b8e0bd68_0.jpg,https://iprice.my/tesco/,,,,,,
,,,,,,Malindo Air Promotion,https://a.ipricegroup.com/store/malindo-air-my.jpg,https://iprice.my/coupons/malindo-air/,,,,,,
,,,,,,Apple iPhone 8,https://p.ipricegroup.com/uploaded_724d9e8a2309f7d7b3b5678aed75d8e8.jpg,https://iprice.my/compare/apple-iphone-8/,,,,,,
,,,,,,Vivo Y91i,https://p.ipricegroup.com/uploaded_8d785142546e168337fb50e5271e4644.jpg,https://iprice.my/compare/vivo-y91i/,,,,,,
,,,,,,Vivo Y81,https://p.ipricegroup.com/uploaded_1be5391f1aebcc608201c7ca28de4dcb.jpg,https://iprice.my/compare/vivo-y81/,,,,,,
,,,,,,Grab Promo Code,https://a.ipricegroup.com/store/grab-my.jpg,https://iprice.my/coupons/grab/,,,,,,
,,,,,,Apple iPhone 6s,https://p.ipricegroup.com/uploaded_99a1ce3f2307fb6a0417cfcd6ce33f08.jpg,https://iprice.my/compare/apple-iphone-6s/,,,,,,
,,,,,,Oppo A7,https://p.ipricegroup.com/uploaded_dafc8bfb380741e760a8cc65d9ed745b.jpg,https://iprice.my/compare/oppo-a7/,,,,,,
,,,,,,AirAsia Promotion,https://a.ipricegroup.com/store/airasia-my.jpg,https://iprice.my/coupons/airasia/,,,,,,
,,,,,,Huawei Nova 2i,https://p.ipricegroup.com/uploaded_28e85dcc986fdc5a8a3fc2e9e3c99957.jpg,https://iprice.my/compare/huawei-nova-2i/,,,,,,
,,,,,,Xiaomi Redmi Note 7 Pro,https://p.ipricegroup.com/22f3277db8c58f8636977ff17d75deb6d42d1e46_0.jpg,https://iprice.my/compare/xiaomi-redmi-note-7-pro/,,,,,,
,,,,,,Starbucks,https://p.ipricegroup.com/32a119e47703769e9dd5b963d8084e6580a7cc6d_0.jpg,https://iprice.my/starbucks/,,,,,,
,,,,,,Apple iPhone 6 Plus,https://p.ipricegroup.com/uploaded_5a248f848b0ea67f711551924cc2fc3f.jpg,https://iprice.my/compare/apple-iphone-6-plus/,,,,,,
,,,,,,Samsung Galaxy S10,https://p.ipricegroup.com/uploaded_6a4634245a99f8d9d0841d69b398092b.jpg,https://iprice.my/compare/samsung-galaxy-s10/,,,,,,
,,,,,,Huawei Nova 2 Lite,https://p.ipricegroup.com/uploaded_5d5e9cf4a6670c6447aefa460a3de226.jpg,https://iprice.my/compare/huawei-nova-2-lite/,,,,,,
,,,,,,Google,https://p.ipricegroup.com/uploaded_a9671b7c2c0fbf98961ef32763e3c3b2.jpg,https://iprice.my/google/,,,,,,
,,,,,,Oppo Realme 2 Pro,https://p.ipricegroup.com/uploaded_e5658dfe83101d76c743689c8270a204.jpg,https://iprice.my/compare/oppo-realme-2-pro/,,,,,,
End,,,,,,,,,,,,,,