section,name,type,title,go-to-url,go-to-title,,,,,,,,,
Coupons-Store-Carousel,section6,catagory-carousel-no-text,Find the Best Deals Online,,All Stores,items,,,,,,,,
,,,,,,name,image-url,url,,,,,,
,,,,,,Klook Promo Code,https://a.ipricegroup.com/store/klook-hk.jpg,https://iprice.hk/coupons/klook/,,,,,,
,,,,,,KKday Promo Code,https://a.ipricegroup.com/store/kkday-hk.jpg,https://iprice.hk/coupons/kkday/,,,,,,
,,,,,,Agoda Discount Code,https://a.ipricegroup.com/store/agoda-hk.jpg,https://iprice.hk/coupons/agoda/,,,,,,
,,,,,,Zalora Code,https://a.ipricegroup.com/store/zalora-hk.jpg,https://iprice.hk/coupons/zalora/,,,,,,
,,,,,,Iherb Code,https://a.ipricegroup.com/store/iherb-hk.jpg,https://iprice.hk/coupons/iherb/,,,,,,
,,,,,,Trip com Promo Code,https://a.ipricegroup.com/store/tripcom-hk.jpg,https://iprice.hk/coupons/tripcom/,,,,,,
,,,,,,Expedia Code,https://a.ipricegroup.com/store/expedia-hk.jpg,https://iprice.hk/coupons/expedia/,,,,,,
,,,,,,Charles and Keith Promo Code,https://a.ipricegroup.com/store/charles-keith-sg.jpg,https://iprice.hk/coupons/charles-keith/,,,,,,
,,,,,,Wing on Travel Promotion Code,https://a.ipricegroup.com/store/wing-on-travel-hk.jpg,https://iprice.hk/coupons/wing-on-travel/,,,,,,
,,,,,,Ssense Sale,https://a.ipricegroup.com/store/ssense-hk.jpg,https://iprice.hk/coupons/ssense/,,,,,,
,,,,,,Asos Promo Code,https://a.ipricegroup.com/store/asos-hk.jpg,https://iprice.hk/coupons/asos/,,,,,,
,,,,,,Booking.com Promotion Code,https://a.ipricegroup.com/store/bookingcom-hk.jpg,https://iprice.hk/coupons/bookingcom/,,,,,,
,,,,,,AXA Travel Insurance Promotion,https://a.ipricegroup.com/store/axa-travel-insurance-hk.jpg,https://iprice.hk/coupons/axa-travel-insurance/,,,,,,
,,,,,,Yoox Promo Code,https://a.ipricegroup.com/store/yoox-hk.jpg,https://iprice.hk/coupons/yoox/,,,,,,
,,,,,,Ctrip Promotion Code,https://a.ipricegroup.com/store/ctrip-hk.jpg,https://iprice.hk/coupons/ctrip/,,,,,,
,,,,,,Japanican 優惠代碼 ‌ ‌,https://a.ipricegroup.com/store/japanican-hk.jpg,https://iprice.hk/coupons/japanican/,,,,,,
PLP-EL-BrandCategory-Carousel,section3,catagory-carousel,Compare the Best Prices in Electronics,,,items,,,,,,,,
,,,,,,brand-name,name,image-url,url,,,,,
,,,,,,Xiaomi,Smartphones,https://p.ipricegroup.com/uploaded_3a78a2b453705344ef6e87b938cbe666.jpg,https://iprice.hk/xiaomi/phones-tablets/smartphones/,,,,,
,,,,,,Samsung,Smartphones,https://p.ipricegroup.com/uploaded_23e307ef79dc1614c4b4ec2e042e6312.jpg,https://iprice.hk/samsung/phones-tablets/smartphones/,,,,,
,,,,,,LG,Smartphones,https://p.ipricegroup.com/uploaded_3dae98635b5054fcdb2c84d1f049ec15.jpg,https://iprice.hk/lg/phones-tablets/smartphones/,,,,,
,,,,,,HTC,Smartphones,https://p.ipricegroup.com/uploaded_209b52b4349e73ac92214de003478d43.jpg,https://iprice.hk/htc/phones-tablets/smartphones/,,,,,
,,,,,,TP-LINK,WiFi Routers,https://p.ipricegroup.com/uploaded_b5af74e20ddd1bd5868bef4f48ee2b97.jpg,https://iprice.hk/tp-link/computing/network-gear/wifi-routers/,,,,,
,,,,,,Google,Smartphones,https://p.ipricegroup.com/uploaded_e3266a6ea7d269c417a4255a9e8ebe26.jpg,https://iprice.hk/google/phones-tablets/smartphones/,,,,,
,,,,,,Dell,Laptops,https://p.ipricegroup.com/uploaded_5cb866d78ba11e6052f689855fd65b24.jpg,https://iprice.hk/dell/computing/laptops/,,,,,
,,,,,,Asus,Laptops,https://p.ipricegroup.com/uploaded_2510cfcd8fb152367db5952219e183cf.jpg,https://iprice.hk/asus/computing/laptops/,,,,,
,,,,,,Lenovo,Smartphones,https://p.ipricegroup.com/uploaded_7f4c936fe7a75e6e862c9c78d5c11f23.jpg,https://iprice.hk/lenovo/phones-tablets/smartphones/,,,,,
,,,,,,Canon,Camera & Photo,https://p.ipricegroup.com/uploaded_907600789702416f4ce5bf4b08189f4d.jpg,https://iprice.hk/canon/camera-photo/,,,,,
,,,,,,vivo,Smartphones,https://p.ipricegroup.com/uploaded_8ed8bd9b62f0c6b7603f0db74a4581fa.jpg,https://iprice.hk/vivo/phones-tablets/smartphones/,,,,,
,,,,,,Acer,Laptops,https://p.ipricegroup.com/uploaded_ee01c45d904d866957cce7ca35cc14ea.jpg,https://iprice.hk/acer/computing/laptops/,,,,,
,,,,,,Fujifilm,Camera & Photo,https://p.ipricegroup.com/uploaded_c722ee18e86016e80f35c7dc3f2060aa.jpg,https://iprice.hk/fujifilm/camera-photo/,,,,,
,,,,,,Gigabyte,Computing,https://p.ipricegroup.com/8adfbd42c30f21aa6ce7e2b27b38edd434d5ee8a_0.jpg,https://iprice.hk/gigabyte/computing/,,,,,
,,,,,,Olympus,Camera & Photo,https://p.ipricegroup.com/32303167_0.jpg,https://iprice.hk/olympus/camera-photo/,,,,,
,,,,,,Sennheiser,Headphones,https://p.ipricegroup.com/19530687_0.jpg,https://iprice.hk/sennheiser/audio-hi-fi/headphones/,,,,,
,,,,,,Wacom,Computing,https://p.ipricegroup.com/29410003_0.jpg,https://iprice.hk/wacom/computing/,,,,,
,,,,,,Fujitsu,Computing,https://p.ipricegroup.com/32350707_0.jpg,https://iprice.hk/fujitsu/computing/,,,,,
,,,,,,Soul,Headphones,https://p.ipricegroup.com/uploaded_958603b9723e9003bcb02f6abf6a6740.jpg,https://iprice.hk/soul/audio-hi-fi/headphones/,,,,,
,,,,,,Whirlpool,Appliances,https://p.ipricegroup.com/e044596a835caee43bcc9bc9279bc4ca0838a4c9_0.jpg,https://iprice.hk/whirlpool/appliances/,,,,,
,,,,,,Meizu,Smartphones,https://p.ipricegroup.com/uploaded_fcfe4dbd771d391bf5389adabc89c1ce.jpg,https://iprice.hk/meizu/phones-tablets/smartphones/,,,,,
,,,,,,HP,Laptops,https://p.ipricegroup.com/uploaded_e06c84ebbcddb47c495a5a9b729f7119.jpg,https://iprice.hk/hp/computing/laptops/,,,,,
PLP-EL-Brand-Carousel,section3_brand,catagory-carousel-no-text,,,,items,,,,,,,,
,,,,,,name,image-url,url,,,,,,
,,,,,,Apple,https://a.ipricegroup.com/media/apple_2.png,https://iprice.hk/apple/,,,,,,
,,,,,,Xiaomi,https://a.ipricegroup.com/brand/xiaomi.jpg,https://iprice.hk/xiaomi/,,,,,,
,,,,,,Sony,https://a.ipricegroup.com/media/sony.png,https://iprice.hk/sony/,,,,,,
,,,,,,Dell,https://a.ipricegroup.com/media/dell.png,https://iprice.hk/dell/,,,,,,
,,,,,,Panasonic,https://a.ipricegroup.com/media/panasonic.png,https://iprice.hk/panasonic/,,,,,,
,,,,,,ASUS,https://a.ipricegroup.com/media/asus.png,https://iprice.hk/asus/,,,,,,
,,,,,,LG,https://a.ipricegroup.com/media/lg.png,https://iprice.hk/lg/,,,,,,
,,,,,,DJI,https://a.ipricegroup.com/brand/dji.jpg,https://iprice.hk/dji/,,,,,,
,,,,,,Dyson,https://a.ipricegroup.com/brand/dyson.jpg,https://iprice.hk/dyson/,,,,,,
,,,,,,Huawei,https://a.ipricegroup.com/media/huawei.png,https://iprice.hk/huawei/,,,,,,
,,,,,,Samsung,https://a.ipricegroup.com/brand/samsung.jpg,https://iprice.hk/samsung/,,,,,,
,,,,,,HIKVISION,https://a.ipricegroup.com/brand/hikvision.jpg,https://iprice.hk/hikvision/,,,,,,
,,,,,,Acer,https://a.ipricegroup.com/media/acer.png,https://iprice.hk/acer/,,,,,,
,,,,,,GARMIN,https://a.ipricegroup.com/brand/garmin.jpg,https://iprice.hk/garmin/,,,,,,
,,,,,,Nikon,https://a.ipricegroup.com/media/nikon.png,https://iprice.hk/nikon/,,,,,,
,,,,,,Nokia,https://a.ipricegroup.com/brand/nokia.jpg,https://iprice.hk/nokia/,,,,,,
,,,,,,OnePlus,https://a.ipricegroup.com/brand/oneplus.jpg,https://iprice.hk/oneplus/,,,,,,
,,,,,,nintendo,https://a.ipricegroup.com/brand/nintendo.jpg,https://iprice.hk/nintendo/,,,,,,
,,,,,,Logitech,https://a.ipricegroup.com/brand/logitech.jpg,https://iprice.hk/logitech/,,,,,,
,,,,,,HTC,https://a.ipricegroup.com/media/htc_2.png,https://iprice.hk/htc/,,,,,,
,,,,,,,https://a.ipricegroup.com/media/homepage/EN_allbrands.jpg,https://iprice.hk/brands/,,,,,,
PLP-EL-Category-Carousel,section11,product-carousel,,,,items,,,,,,,,
,,,,,,name,image-url,url,,,,,,
,,,,,,Computer,https://a.ipricegroup.com/media/homepage/Icon_v2/Computers.png,https://iprice.hk/computing/,items1,,,,,
,,,,,,,,,name,url,,,,
,,,,,,,,,Laptops,https://iprice.hk/computing/laptops/,,,,
,,,,,,,,,Desktop PCs,https://iprice.hk/computing/desktop-pcs/,,,,
,,,,,,,,,Webcams,https://iprice.hk/computing/webcams/,,,,
,,,,,,,,,Computing Software,https://iprice.hk/computing/software/,,,,
,,,,,,,,,Printers,https://iprice.hk/computing/printers/,,,,
,,,,,,,,,Hardware,https://iprice.hk/computing/hardware/,,,,
,,,,,,,,,Computing Accessories,https://iprice.hk/computing/accessories/,,,,
,,,,,,,,,External Storage,https://iprice.hk/computing/external-storage/,,,,
,,,,,,,,,Network Gear,https://iprice.hk/computing/network-gear/,,,,
,,,,,,Phones & Tablets,https://a.ipricegroup.com/media/homepage/Icon_v2/Tablets_and_Phones.png,https://iprice.hk/phones-tablets/,items1,,,,,
,,,,,,,,,name,url,,,,
,,,,,,,,,Smartphones,https://iprice.hk/phones-tablets/smartphones/,,,,
,,,,,,,,,Tablets,https://iprice.hk/phones-tablets/tablets/,,,,
,,,,,,,,,Smartwatches,https://iprice.hk/phones-tablets/smartwatches/,,,,
,,,,,,,,,Bluetooth Headsets,https://iprice.hk/phones-tablets/bluetooth-headsets/,,,,
,,,,,,,,,Basic Phones,https://iprice.hk/phones-tablets/basic-phones/,,,,
,,,,,,,,,Upcoming Mobile Phones,https://iprice.hk/upcoming-products/smartphones/,,,,
,,,,,,Gaming,https://a.ipricegroup.com/media/homepage/Icon_v2/Gaming.png,https://iprice.hk/gaming/,items1,,,,,
,,,,,,,,,name,url,,,,
,,,,,,,,,Playstation,https://iprice.hk/gaming/playstation/,,,,
,,,,,,,,,Xbox,https://iprice.hk/gaming/xbox/,,,,
,,,,,,,,,Games,https://iprice.hk/gaming/games/,,,,
,,,,,,,,,Controllers,https://iprice.hk/gaming/controllers/,,,,
,,,,,,,,,Nintendo,https://iprice.hk/gaming/nintendo/,,,,
,,,,,,,,,Accessories,https://iprice.hk/gaming/accessories/,,,,
,,,,,,,,,Mobile,https://iprice.hk/gaming/mobile/,,,,
,,,,,,,,,Other Consoles,https://iprice.hk/gaming/other-consoles/,,,,
,,,,,,Camera & Photo,https://a.ipricegroup.com/media/homepage/Icon_v2/Cameras.png,https://iprice.hk/camera-photo/,items1,,,,,
,,,,,,,,,name,url,,,,
,,,,,,,,,DSLRs,https://iprice.hk/camera-photo/dslrs/,,,,
,,,,,,,,,Camcorders,https://iprice.hk/camera-photo/camcorders/,,,,
,,,,,,,,,Polaroid,https://iprice.hk/camera-photo/polaroid/,,,,
,,,,,,,,,Drones,https://iprice.hk/camera-photo/drones/,,,,
,,,,,,,,,CCTV Cameras,https://iprice.hk/camera-photo/cctv/,,,,
,,,,,,,,,Action,https://iprice.hk/camera-photo/action/,,,,
,,,,,,,,,Mirrorless,https://iprice.hk/camera-photo/mirrorless/,,,,
,,,,,,,,,Underwater,https://iprice.hk/camera-photo/underwater/,,,,
,,,,,,,,,Compact Cameras,https://iprice.hk/camera-photo/compact/,,,,
,,,,,,"TV, Video & DVD",https://a.ipricegroup.com/media/homepage/Icon_v2/Tv__DVD.png,https://iprice.hk/tv-video-dvd/,items1,,,,,
,,,,,,,,,name,url,,,,
,,,,,,,,,Media Players,https://iprice.hk/tv-video-dvd/media-players/,,,,
,,,,,,,,,Blu-Ray,https://iprice.hk/tv-video-dvd/blu-ray/,,,,
,,,,,,,,,DVD Players,https://iprice.hk/tv-video-dvd/dvd-players/,,,,
,,,,,,,,,LED,https://iprice.hk/tv-video-dvd/led/,,,,
,,,,,,,,,Accessories,https://iprice.hk/tv-video-dvd/accessories/,,,,
,,,,,,,,,Streaming Media Players,https://iprice.hk/tv-video-dvd/streaming-media-players/,,,,
,,,,,,Appliances,https://a.ipricegroup.com/media/homepage/Icon_v2/Appliances.png,https://iprice.hk/appliances/,items1,,,,,
,,,,,,,,,name,url,,,,
,,,,,,,,,Fans,https://iprice.hk/appliances/fans/,,,,
,,,,,,,,,Refrigerators,https://iprice.hk/appliances/refrigerators/,,,,
,,,,,,,,,Vacuum Cleaners,https://iprice.hk/appliances/vacuum-cleaners/,,,,
,,,,,,,,,Air Conditioners,https://iprice.hk/appliances/air-conditioners/,,,,
,,,,,,,,,Coffee Machines,https://iprice.hk/appliances/coffee-machines/,,,,
,,,,,,,,,Dishwashers,https://iprice.hk/appliances/dishwashers/,,,,
,,,,,,,,,Cookers,https://iprice.hk/appliances/cookers/,,,,
,,,,,,,,,Ovens,https://iprice.hk/appliances/ovens/,,,,
,,,,,,,,,Mixers,https://iprice.hk/appliances/mixers/,,,,
PDP-EL-Carousel,section1,product-carousel,,,,items,,,,,,,,
,,,,,,name,price,store-count,image-url,url,,,,
,,,,,,Apple iPhone 7 Plus,"HK$ 3,532.17",2,https://p.ipricegroup.com/uploaded_dee720e7e03b30a7d8f5a058d6c97cce.jpg,https://iprice.hk/compare/apple-iphone-7-plus/,,,,
,,,,,,Nintendo Switch,"HK$ 2,236.70",1,https://p.ipricegroup.com/uploaded_42745d47eb637d1baa994d74cd949ce3.jpg,https://iprice.hk/compare/nintendo-switch/,,,,
,,,,,,Samsung Galaxy S8,"HK$ 3,060.89",2,https://p.ipricegroup.com/uploaded_6500144d6ba42e670a1004d3dcb33a8d.jpg,https://iprice.hk/compare/samsung-galaxy-s8/,,,,
,,,,,,Apple iPhone X,"HK$ 5,887.01",1,https://p.ipricegroup.com/uploaded_149fd591353013eb0adad5ae2ac51dcf.jpg,https://iprice.hk/compare/apple-iphone-x/,,,,
,,,,,,LG V20,"HK$ 1,020.43",1,https://p.ipricegroup.com/uploaded_3dae98635b5054fcdb2c84d1f049ec15.jpg,https://iprice.hk/compare/lg-v20/,,,,
,,,,,,Apple iPhone 8 Plus,"HK$ 4,709.59",4,https://p.ipricegroup.com/uploaded_d5a811a2a5010fb1b5ea05c19a764300.jpg,https://iprice.hk/compare/apple-iphone-8-plus/,,,,
,,,,,,Sony Playstation 4 Slim,"HK$ 2,338.74",1,https://p.ipricegroup.com/uploaded_282dfe7400df3642df21cba604d311e3.jpg,https://iprice.hk/compare/sony-playstation-4-slim/,,,,
,,,,,,LG G6,"HK$ 4,627.45",1,https://p.ipricegroup.com/uploaded_08585ab8c99e5ea4d2397182800a2506.jpg,https://iprice.hk/compare/lg-g6/,,,,
,,,,,,Sony PlayStation 4 Pro,"HK$ 2,825.41",1,https://p.ipricegroup.com/uploaded_06ba7b53aaa63b6dccdc13ae90fb23c3.jpg,https://iprice.hk/compare/sony-playstation-4-pro/,,,,
,,,,,,Samsung Galaxy Note 8,"HK$ 6,431.56",1,https://p.ipricegroup.com/uploaded_f4decdb51f0ce925905c1ca15c3bf096.jpg,https://iprice.hk/compare/samsung-galaxy-note-8/,,,,
,,,,,,Apple iPhone 7,"HK$ 3,899.00",2,https://p.ipricegroup.com/uploaded_dea2a1a61d2e16e71fd0ef988a900d67.jpg,https://iprice.hk/compare/apple-iphone-7/,,,,
,,,,,,Google Pixel 2,"HK$ 2,456.49",2,https://p.ipricegroup.com/uploaded_bb7660fda0b5904baa78f580eebe5bda.jpg,https://iprice.hk/compare/google-pixel-2/,,,,
,,,,,,Apple iPhone 8,"HK$ 5,717.55",2,https://p.ipricegroup.com/uploaded_e5d7f7e0ad3ac2e36394a8ed955ee3bc.jpg,https://iprice.hk/compare/apple-iphone-8/,,,,
,,,,,,Nokia 8,"HK$ 2,582.47",1,https://p.ipricegroup.com/uploaded_bd2f6e5f30ec2dcc58c9a1fa4416bebf.jpg,https://iprice.hk/compare/nokia-8/,,,,
,,,,,,Nokia 6,"HK$ 1,405.05",1,https://p.ipricegroup.com/uploaded_ea1afd2609b2fe00330cfc8dadd05d95.jpg,https://iprice.hk/compare/nokia-6/,,,,
,,,,,,Acer Aspire VX5-591G,"HK$ 6,976.36",1,https://p.ipricegroup.com/uploaded_a022f105e7703e4470ee730d5253d78e.jpg,https://iprice.hk/compare/acer-aspire-vx5-591g/,,,,
,,,,,,,,,,https://iprice.hk/compare/samsung-galaxy-s8-plus/,,,,
,,,,,,,,,,https://iprice.hk/compare/huawei-nova-2i/,,,,
,,,,,,,,,,https://iprice.hk/compare/huawei-mate-10/,,,,
,,,,,,,,,,https://iprice.hk/compare/huawei-mate-10/,,,,
PDP-EL-SeeMore,section1_link,link,,,,items,,,,,,,,
,,,,,,name,image-url,url,,,,,,
,,,,,,Apple iPhone Xr,https://p.ipricegroup.com/uploaded_31ecdef0ef7fb7cd83a766426fbb7c8b.jpg,https://iprice.hk/compare/apple-iphone-xr/,,,,,,
,,,,,,Apple iPhone Xs,https://p.ipricegroup.com/uploaded_115eee91d2a015b327d715953d07ccda.jpg,https://iprice.hk/compare/apple-iphone-xs/,,,,,,
,,,,,,Apple iPad Pro,https://p.ipricegroup.com/uploaded_1b5fd9cee7bc495c16dc22c4642cf44f.jpg,https://iprice.hk/compare/apple-ipad-pro/,,,,,,
,,,,,,Apple iPhone Xs Max,https://p.ipricegroup.com/uploaded_4e9c388b8d01ee77525edb9c8c5c5fcf.jpg,https://iprice.hk/compare/apple-iphone-xs-max/,,,,,,
,,,,,,Nokia 9,https://p.ipricegroup.com/uploaded_abf8ddb42c36a9e6ec8b54520776a626.jpg,https://iprice.hk/compare/nokia-9/,,,,,,
,,,,,,Samsung Galaxy S10,https://p.ipricegroup.com/uploaded_23e307ef79dc1614c4b4ec2e042e6312.jpg,https://iprice.hk/compare/samsung-galaxy-s10/,,,,,,
,,,,,,Apple iPad Air,https://p.ipricegroup.com/uploaded_2efaf2c6e9c9cac93e013d12c73a0a86.jpg,https://iprice.hk/compare/apple-ipad-air/,,,,,,
,,,,,,Sony Xperia 1,https://p.ipricegroup.com/uploaded_1e77d9da961bd337021100e5f386c9eb.jpg,https://iprice.hk/compare/sony-xperia-1/,,,,,,
,,,,,,OnePlus 7,https://p.ipricegroup.com/placeholder.png,https://iprice.hk/compare/oneplus-7/,,,,,,
,,,,,,Nokia 9 PureView,https://p.ipricegroup.com/uploaded_a673dc1b8ce6c6bc6ecbc463ee04625d.jpg,https://iprice.hk/compare/nokia-9-pureview/,,,,,,
,,,,,,Nokia 8.1,https://a.ipricegroup.com/img/variant/img-not-found-large.png,https://iprice.hk/compare/nokia-81/,,,,,,
,,,,,,Huawei P30 Pro,https://p.ipricegroup.com/d2f05b5eb1d69a881d8c13e94e74440cb4a32bfe_0.jpg,https://iprice.hk/compare/huawei-p30-pro/,,,,,,
,,,,,,Huawei Mate 20,https://p.ipricegroup.com/uploaded_77aa32efddf5d41aba6aa58097b209c7.jpg,https://iprice.hk/compare/huawei-mate-20/,,,,,,
,,,,,,Microsoft Surface Pro,https://p.ipricegroup.com/uploaded_bb01873ec771da1f504f0cb97b1a7b76.jpg,https://iprice.hk/compare/microsoft-surface-pro/,,,,,,
,,,,,,Huawei Mate 20 Pro,https://p.ipricegroup.com/uploaded_1f19cab54ae9c7f0174e5aff16b5fd7d.jpg,https://iprice.hk/compare/huawei-mate-20-pro/,,,,,,
,,,,,,Sony Xperia 10,https://a.ipricegroup.com/img/variant/img-not-found-large.png,https://iprice.hk/compare/sony-xperia-10/,,,,,,
,,,,,,Vivo V15 Pro,https://a.ipricegroup.com/img/variant/img-not-found-large.png,https://iprice.hk/compare/vivo-v15-pro/,,,,,,
,,,,,,Sony Xperia 10 Plus,https://a.ipricegroup.com/img/variant/img-not-found-large.png,https://iprice.hk/compare/sony-xperia-10-plus/,,,,,,
,,,,,,Huawei Nova 4,https://a.ipricegroup.com/img/variant/img-not-found-large.png,https://iprice.hk/compare/huawei-nova-4/,,,,,,
,,,,,,Samsung Galaxy Watch,https://p.ipricegroup.com/uploaded_65fa4ed95ecdfd18ef0285c81d0950d7.jpg,https://iprice.hk/compare/samsung-galaxy-watch/,,,,,,
PLP-FA-BrandCategory-Men-Carousel,section4,fashion-panel,Shop Men's Fashion,https://iprice.hk/clothing/men/,,image-url,,label,type,,,,,
,,,,,,https://a.ipricegroup.com/media/homepage/SGHK_men-min.jpg,,1234,category-carousel,items,,,,
,,,,,,,,,,brand-name,name,url,image-url,main-url
,,,,,,,,,TRUE,Nike,Shoes,https://iprice.hk/nike/shoes/men/,https://p.ipricegroup.com/46c06e0fcad25c00753f357ad79281e30c07be2d_0.jpg,https://iprice.hk/nike/shoes/
,,,,,,,,,TRUE,Adidas,Shoes,https://iprice.hk/adidas/shoes/men/,https://p.ipricegroup.com/872409213683da6d5faa16c0855b8a84d0fa0e96_0.jpg,https://iprice.hk/adidas/shoes/
,,,,,,,,,TRUE,PUMA,Shoes,https://iprice.hk/puma/shoes/men/,https://p.ipricegroup.com/6e42b4596ffd1f6fd02f72f66aefd415474b9fbb_0.jpg,https://iprice.hk/puma/shoes/
,,,,,,,,,TRUE,Tudor,Watches,https://iprice.hk/tudor/watches/men/,https://p.ipricegroup.com/dc8c2092d7afd590aafdf236b0998bf1c3329df3_0.jpg,https://iprice.hk/tudor/watches/
,,,,,,,,,TRUE,Birkenstock,Shoes,https://iprice.hk/birkenstock/shoes/men/,https://p.ipricegroup.com/5929a9ab1d2b280816ecb1f54f6547a63e71d25d_0.jpg,https://iprice.hk/birkenstock/shoes/
,,,,,,,,,TRUE,Valentino,Shoes,https://iprice.hk/valentino/shoes/men/,https://p.ipricegroup.com/ffea6b7987166a68bbfe21edbf06059e957af06e_0.jpg,https://iprice.hk/valentino/shoes/
,,,,,,,,,TRUE,ORIS,Watches,https://iprice.hk/oris/watches/men/,https://p.ipricegroup.com/0904bc81f792e64676e37af544c5fa249c36b693_0.jpg,https://iprice.hk/oris/watches/
,,,,,,,,,TRUE,IWC,Watches,https://iprice.hk/iwc/watches/men/,https://p.ipricegroup.com/91b4374fe820463d56ba1bb2ce284806573f51a2_0.jpg,https://iprice.hk/iwc/watches/
,,,,,,,,,TRUE,Rado,Watches,https://iprice.hk/rado/watches/men/,https://p.ipricegroup.com/b41d5aa0b486db737c4dd13eb599cede256bdc14_0.jpg,https://iprice.hk/rado/watches/
,,,,,,,,,TRUE,Tissot,Watches,https://iprice.hk/tissot/watches/men/,https://p.ipricegroup.com/41edc0628ffd42de78273b51ad139d252d57c7f3_0.jpg,https://iprice.hk/tissot/watches/
,,,,,,,,,TRUE,TOMS,Shoes,https://iprice.hk/toms/shoes/men/,https://p.ipricegroup.com/974a18c57351b6d3e5ce2b7eeda9dad4fdfd66a0_0.jpg,https://iprice.hk/toms/shoes/
,,,,,,,,,TRUE,Cole Haan,Shoes,https://iprice.hk/cole-haan/shoes/men/,https://p.ipricegroup.com/725f10ee4766af8547f9d707f3b1105a4fea90ab_0.jpg,https://iprice.hk/cole-haan/shoes/
,,,,,,,,,TRUE,Gucci,Belts,https://iprice.hk/gucci/clothing/men/belts/,https://p.ipricegroup.com/b05091fde539f63b891b14d0396c3cad06f80566_0.jpg,https://iprice.hk/gucci/clothing/belts/
,,,,,,,,,TRUE,Armani,Watches,https://iprice.hk/armani/watches/men/,https://p.ipricegroup.com/f18c0ea0d4129d430474f1ab721aae8022145a6c_0.jpg,https://iprice.hk/armani/watches/
,,,,,,,,,TRUE,Furla,Bags,https://iprice.hk/furla/bags/men/,https://p.ipricegroup.com/ad2eca295716b4f57aeaaa385eb8d0415a6ae81c_0.jpg,https://iprice.hk/furla/bags/
,,,,,,,,,TRUE,Merrell,Shoes,https://iprice.hk/merrell/shoes/men/,https://p.ipricegroup.com/0e5c3abd392898181c1ec377da412245a8bf1fd0_0.jpg,https://iprice.hk/merrell/shoes/
,,,,,,,,,TRUE,ORIENT,Watches,https://iprice.hk/orient/watches/men/,https://p.ipricegroup.com/6d2491ffbe3be76c2b1001be5692d5ced1963571_0.jpg,https://iprice.hk/orient/watches/
,,,,,,,,,TRUE,Paul Smith,Wallets,https://iprice.hk/paul-smith/bags/men/wallets/,https://p.ipricegroup.com/1f8cfceebcd1dbcc931a3b8a09fede8daed41b8c_0.jpg,https://iprice.hk/paul-smith/bags/wallets/
,,,,,,,,,TRUE,Citizen,Watches,https://iprice.hk/citizen/watches/men/,https://p.ipricegroup.com/c8161f34b37e2f6a6a89a3db9fe1272478064cc8_0.jpg,https://iprice.hk/citizen/watches/
PLP-FA-BrandCategory-Women-Carousel,section5,fashion-panel,Shop Women's Fashion,https://iprice.hk/clothing/women/,,image-url,url,label,type,,,,,
,,,,,,https://a.ipricegroup.com/media/homepage/SGHK_women-min.jpg,,1234,category-carousel,items,,,,
,,,,,,,,,,brand-name,name,url,image-url,main-url
,,,,,,,,,TRUE,Nike,Shoes,https://iprice.hk/nike/shoes/women/,https://p.ipricegroup.com/e8f26db02a3c65be65f6d19a1d3d8a3d036bc9e2_0.jpg,https://iprice.hk/coach/bags/
,,,,,,,,,TRUE,Adidas,Shoes,https://iprice.hk/adidas/shoes/women/,https://p.ipricegroup.com/93f4ce1cc14d8db4a12b8503d9f0665e056c1e24_0.jpg,https://iprice.hk/kate-spade-new-york/bags/
,,,,,,,,,TRUE,PUMA,Shoes,https://iprice.hk/puma/shoes/women/,https://p.ipricegroup.com/8c65009ae506e99ad23d46744f336c64472e22da_0.jpg,https://iprice.hk/yves-saint-laurent/bags/
,,,,,,,,,TRUE,Tudor,Watches,https://iprice.hk/tudor/watches/women/,https://p.ipricegroup.com/ee54ee385adbd1127a4f7adf86b7623b1e4c0262_0.jpg,https://iprice.hk/zaful/clothing/
,,,,,,,,,TRUE,Birkenstock,Shoes,https://iprice.hk/birkenstock/shoes/women/,https://p.ipricegroup.com/3f90ee479a323873607b5c153e12c1635a91bc0e_0.jpg,https://iprice.hk/mango/clothing/
,,,,,,,,,TRUE,Valentino,Shoes,https://iprice.hk/valentino/shoes/women/,https://p.ipricegroup.com/84d9b3496d3dfc16ead7751e6f1026b0e470933d_0.jpg,https://iprice.hk/longchamp/bags/
,,,,,,,,,TRUE,ORIS,Watches,https://iprice.hk/oris/watches/women/,https://p.ipricegroup.com/9f0c4c2bcbf85b6e9130aefdc836f193f1087681_0.jpg,https://iprice.hk/shein/clothing/
,,,,,,,,,FALSE,IWC,Watches,,,https://iprice.hk/anello/bags/
,,,,,,,,,TRUE,Rado,Watches,https://iprice.hk/rado/watches/women/,https://p.ipricegroup.com/23b52c7371b884d9b7086c684e347a6f08aff19a_0.jpg,https://iprice.hk/prada/bags/
,,,,,,,,,TRUE,Tissot,Watches,https://iprice.hk/tissot/watches/women/,https://p.ipricegroup.com/66e5dedb5ac530793d8c68bf42d76e4406721719_0.jpg,https://iprice.hk/gucci/bags/
,,,,,,,,,TRUE,TOMS,Shoes,https://iprice.hk/toms/shoes/women/,https://p.ipricegroup.com/028976c047268dcdc7055ec6883a04b5d06a0451_0.jpg,https://iprice.hk/swatch/watches/
,,,,,,,,,TRUE,Cole Haan,Shoes,https://iprice.hk/cole-haan/shoes/women/,https://p.ipricegroup.com/3c7b719bc091312691e0eda4c489db5c72818e27_0.jpg,https://iprice.hk/loewe/bags/
,,,,,,,,,TRUE,Gucci,Belts,https://iprice.hk/gucci/clothing/women/belts/,https://p.ipricegroup.com/9ece11dddf5c38f202a3fda140dff08c5f3aaa99_0.jpg,https://iprice.hk/mcm/bags/
,,,,,,,,,TRUE,Armani,Watches,https://iprice.hk/armani/watches/women/,https://p.ipricegroup.com/03bf4de0a88058eb33fff8a30483c21c16248ba0_0.jpg,https://iprice.hk/celine/bags/
,,,,,,,,,TRUE,Furla,Bags,https://iprice.hk/furla/bags/women/,https://p.ipricegroup.com/0cd39777dac7b896331eae259a57c1488c730a21_0.jpg,https://iprice.hk/michael-kors/watches/
,,,,,,,,,TRUE,Merrell,Shoes,https://iprice.hk/merrell/shoes/women/,https://p.ipricegroup.com/76dabc9cbd7c2304ba6eb022712377951439dfae_0.jpg,https://iprice.hk/tory-burch/bags/
,,,,,,,,,TRUE,ORIENT,Watches,https://iprice.hk/orient/watches/women/,https://p.ipricegroup.com/c3857e238cfbbd0a2b496a2d13f3d799cadf1945_0.jpg,https://iprice.hk/bvlgari/watches/
,,,,,,,,,TRUE,Paul Smith,Wallets,https://iprice.hk/paul-smith/bags/women/wallets/,https://p.ipricegroup.com/fe4f08b56a50a6b1607fc8c4bafa8c5451f7457a_0.jpg,https://iprice.hk/chanel/bags/
,,,,,,,,,TRUE,Citizen,Watches,https://iprice.hk/citizen/watches/women/,https://p.ipricegroup.com/d265165aa99e17fc3c4753e78aa3ea0f1da32ec4_0.jpg,https://iprice.hk/louis-vuitton/bags/
PLP-FA-Brand-Carousel,section5_brand,link,Popular Fashion Brands,,,items,,,,,,,,
,,,,,,name,image-url,url,,,,,,
,,,,,,Adidas,https://a.ipricegroup.com/media/Zach__2_/adidas.png,https://iprice.hk/adidas/,,,,,,
,,,,,,ZALORA,https://a.ipricegroup.com/brand/zalora.jpg,https://iprice.hk/zalora/,,,,,,
,,,,,,GAP,https://a.ipricegroup.com/brand/gap.jpg,https://iprice.hk/gap/,,,,,,
,,,,,,The North Face,https://a.ipricegroup.com/brand/the-north-face.jpg,https://iprice.hk/the-north-face/,,,,,,
,,,,,,DELSEY,https://a.ipricegroup.com/brand/delsey.jpg,https://iprice.hk/delsey/,,,,,,
,,,,,,Kate Spade New York,https://a.ipricegroup.com/media/Zach__2_/kate-spade.png,https://iprice.hk/kate-spade-new-york/,,,,,,
,,,,,,Under Armour,https://a.ipricegroup.com/brand/under-armour.jpg,https://iprice.hk/under-armour/,,,,,,
,,,,,,Vans,https://a.ipricegroup.com/brand/vans.jpg,https://iprice.hk/vans/,,,,,,
,,,,,,ASICS,https://a.ipricegroup.com/brand/asics.jpg,https://iprice.hk/asics/,,,,,,
,,,,,,Chanel,https://a.ipricegroup.com/media/Zach__2_/chanel.png,https://iprice.hk/chanel/,,,,,,
,,,,,,Columbia,https://a.ipricegroup.com/brand/columbia.jpg,https://iprice.hk/columbia/,,,,,,
,,,,,,Louis Vuitton,https://a.ipricegroup.com/media/Zach__2_/louis-vuitton.png,https://iprice.hk/louis-vuitton/,,,,,,
,,,,,,PUMA,https://a.ipricegroup.com/media/Zach__2_/puma.png,https://iprice.hk/puma/,,,,,,
,,,,,,Hollister,https://a.ipricegroup.com/brand/hollister.jpg,https://iprice.hk/hollister/,,,,,,
,,,,,,Gucci,https://a.ipricegroup.com/media/Zach__2_/gucci.png,https://iprice.hk/gucci/,,,,,,
,,,,,,Patagonia,https://a.ipricegroup.com/brand/patagonia.jpg,https://iprice.hk/patagonia/,,,,,,
,,,,,,Coach,https://a.ipricegroup.com/brand/coach.jpg,https://iprice.hk/coach/,,,,,,
,,,,,,Reebok,https://a.ipricegroup.com/brand/reebok.jpg,https://iprice.hk/reebok/,,,,,,
,,,,,,New Balance,https://a.ipricegroup.com/brand/new-balance.jpg,https://iprice.hk/new-balance/,,,,,,
,,,,,,Timberland,https://a.ipricegroup.com/brand/timberland.jpg,https://iprice.hk/timberland/,,,,,,
,,,,,,Superdry,https://a.ipricegroup.com/brand/superdry.jpg,https://iprice.hk/superdry/,,,,,,
,,,,,,,https://a.ipricegroup.com/media/homepage/EN_allbrands.jpg,https://iprice.hk/brands/,,,,,,
PLP-FA-Category-Carousel,section12,product-carousel,,,,,,,,,,,,
,,,,,,items,,,,,,,,
,,,,,,name,image-url,url,,,,,,
,,,,,,Womens' Clothing,https://a.ipricegroup.com/media/homepage/Icon_v2/Womens_Clothing.png,https://iprice.hk/clothing/women/,items1,,,,,
,,,,,,,,,name,url,,,,
,,,,,,,,,Dresses,https://iprice.hk/clothing/women/dresses/,,,,
,,,,,,,,,Tops,https://iprice.hk/clothing/women/tops/,,,,
,,,,,,,,,Jeans,https://iprice.hk/clothing/women/jeans/,,,,
,,,,,,,,,Jumpsuits,https://iprice.hk/clothing/women/jumpsuits/,,,,
,,,,,,,,,Shirts,https://iprice.hk/clothing/women/shirts/,,,,
,,,,,,,,,Skirts,https://iprice.hk/clothing/women/skirts/,,,,
,,,,,,,,,Pants,https://iprice.hk/clothing/women/pants/,,,,
,,,,,,,,,Swimwear,https://iprice.hk/clothing/women/swimwear/,,,,
,,,,,,,,,Shorts,https://iprice.hk/clothing/women/shorts/,,,,
,,,,,,,,,Sportswear,https://iprice.hk/clothing/women/sportswear/,,,,
,,,,,,,,,T-Shirts,https://iprice.hk/clothing/women/t-shirts/,,,,
,,,,,,,,,Formal Wear,https://iprice.hk/clothing/women/formal-wear/,,,,
,,,,,,,,,Polo Shirts,https://iprice.hk/clothing/women/polo-shirts/,,,,
,,,,,,,,,Sunglasses,https://iprice.hk/clothing/women/sunglasses/,,,,
,,,,,,Womens' shoes,https://a.ipricegroup.com/media/homepage/Icon_v2/Womens_Shoes.png,https://iprice.hk/shoes/women,items1,,,,,
,,,,,,,,,name,url,,,,
,,,,,,,,,Boots,https://iprice.hk/shoes/women/boots/,,,,
,,,,,,,,,Flats,https://iprice.hk/shoes/women/flats/,,,,
,,,,,,,,,High Heels,https://iprice.hk/shoes/women/high-heels/,,,,
,,,,,,,,,Sneakers,https://iprice.hk/shoes/women/sneakers/,,,,
,,,,,,,,,Sports,https://iprice.hk/shoes/women/sports/,,,,
,,,,,,,,,Boat,https://iprice.hk/shoes/women/boat/,,,,
,,,,,,,,,Sandals,https://iprice.hk/shoes/women/sandals/,,,,
,,,,,,,,,Brogues,https://iprice.hk/shoes/women/brogues/,,,,
,,,,,,,,,Wedges,https://iprice.hk/shoes/women/wedges/,,,,
,,,,,,Mens' clothing,https://a.ipricegroup.com/media/homepage/Icon_v2/Mans_Clothing.png,https://iprice.hk/clothing/men/,items1,,,,,
,,,,,,,,,name,url,,,,
,,,,,,,,,Tops,https://iprice.hk/clothing/men/tops/,,,,
,,,,,,,,,Jeans,https://iprice.hk/clothing/men/jeans/,,,,
,,,,,,,,,Shirts,https://iprice.hk/clothing/men/shirts/,,,,
,,,,,,,,,Pants,https://iprice.hk/clothing/men/pants/,,,,
,,,,,,,,,Swimwear,https://iprice.hk/clothing/men/swimwear/,,,,
,,,,,,,,,Shorts,https://iprice.hk/clothing/men/shorts/,,,,
,,,,,,,,,Sportswear,https://iprice.hk/clothing/men/sportswear/,,,,
,,,,,,,,,T-Shirts,https://iprice.hk/clothing/men/t-shirts/,,,,
,,,,,,,,,Formal Wear,https://iprice.hk/clothing/men/formal-wear/,,,,
,,,,,,,,,Polo Shirts,https://iprice.hk/clothing/men/polo-shirts/,,,,
,,,,,,,,,Sunglasses,https://iprice.hk/clothing/men/sunglasses/,,,,
,,,,,,Mens' shoes,https://a.ipricegroup.com/media/homepage/Icon_v2/Mans_Shoes.png,https://iprice.hk/shoes/men/,items1,,,,,
,,,,,,,,,name,url,,,,
,,,,,,,,,Boots,https://iprice.hk/shoes/men/boots/,,,,
,,,,,,,,,Sneakers,https://iprice.hk/shoes/men/sneakers/,,,,
,,,,,,,,,Loafers,https://iprice.hk/shoes/men/loafers/,,,,
,,,,,,,,,Flip Flops,https://iprice.hk/shoes/men/flip-flops/,,,,
,,,,,,,,,Sports,https://iprice.hk/shoes/men/sports/,,,,
,,,,,,,,,Boat,https://iprice.hk/shoes/men/boat/,,,,
,,,,,,,,,Sandals,https://iprice.hk/shoes/men/sandals/,,,,
,,,,,,,,,Brogues,https://iprice.hk/shoes/men/brogues/,,,,
,,,,,,Bags,https://a.ipricegroup.com/media/homepage/Icon_v2/Bags.png,https://iprice.hk/bags/,items1,,,,,
,,,,,,,,,name,url,,,,
,,,,,,,,,Backpacks,https://iprice.hk/bags/backpacks/,,,,
,,,,,,,,,Wallets,https://iprice.hk/bags/wallets/,,,,
,,,,,,,,,Tote,https://iprice.hk/bags/handbags/tote/,,,,
,,,,,,,,,Clutches,https://iprice.hk/bags/handbags/clutches/,,,,
,,,,,,,,,Sling,https://iprice.hk/bags/sling/,,,,
,,,,,,,,,Handbags,https://iprice.hk/bags/women/handbags/,,,,
,,,,,,,,,Duffel,https://iprice.hk/bags/duffel/,,,,
,,,,,,,,,Briefcases,https://iprice.hk/bags/briefcases/,,,,
,,,,,,,,,Luggage,https://iprice.hk/bags/travel/luggage/,,,,
,,,,,,,,,Waist,https://iprice.hk/bags/waist/,,,,
,,,,,,Jewellery,https://a.ipricegroup.com/media/homepage/Icon_v2/Jewellery.png,https://iprice.hk/jewellery/,items1,,,,,
,,,,,,,,,name,url,,,,
,,,,,,,,,Rings,https://iprice.hk/jewellery/rings/,,,,
,,,,,,,,,Bracelets,https://iprice.hk/jewellery/bracelets/,,,,
,,,,,,,,,Charms,https://iprice.hk/jewellery/charms/,,,,
,,,,,,,,,Necklaces,https://iprice.hk/jewellery/necklaces/,,,,
,,,,,,,,,Earrings,https://iprice.hk/jewellery/earrings/,,,,
,,,,,,,,,Cufflinks,https://iprice.hk/jewellery/cufflinks/,,,,
,,,,,,,,,Beads,https://iprice.hk/jewellery/beads/,,,,
,,,,,,,,,Brooches,https://iprice.hk/jewellery/brooches/,,,,
,,,,,,,,,Sets,https://iprice.hk/jewellery/sets/,,,,
,,,,,,,,,Accessories,https://iprice.hk/jewellery/accessories/,,,,
,,,,,,Watches,https://a.ipricegroup.com/media/homepage/Icon_v2/Watches_v2.png,https://iprice.hk/watches/,items1,,,,,
,,,,,,,,,name,url,,,,
,,,,,,,,,Sports,https://iprice.hk/watches/sports/,,,,
,,,,,,,,,Digital,https://iprice.hk/watches/digital/,,,,
,,,,,,,,,Chronograph,https://iprice.hk/watches/chronograph/,,,,
,,,,,,,,,Analogue,https://iprice.hk/watches/analogue/,,,,
,,,,,,,,,Luxury Watches,https://iprice.hk/watches/luxury/,,,,
PLP-HB-BrandCategory-Carousel,section13,fashion-panel,Shop Health & Beauty,,,items,,,,,,,,
,,,,,,brand-name,name,image-url,url,,,,,
,,,,,,innisfree,Masks,https://p.ipricegroup.com/098bc67902e795b633dcbc48a072a331720b530e_0.jpg,https://iprice.hk/innisfree/skin-care/face/masks/,,,,,
,,,,,,Etude House,BB Creams,https://p.ipricegroup.com/fd6a842b5020f900b56d0c4ddd4d07182cf90da8_0.jpg,https://iprice.hk/etude-house/makeup/face/bb-creams/,,,,,
,,,,,,SOFINA,Face,https://p.ipricegroup.com/62c54232f9dffdead160ebfb0a7a1e942a252ee9_0.jpg,https://iprice.hk/sofina/skin-care/face/,,,,,
,,,,,,TONYMOLY,Masks,https://p.ipricegroup.com/7d63d3c941285581bb01d5559a41462afa4a8046_0.jpg,https://iprice.hk/tonymoly/skin-care/face/masks/,,,,,
,,,,,,Kiehl's,Face,https://p.ipricegroup.com/54a433574bc8769582866f7041ad16253a341644_0.jpg,https://iprice.hk/kiehls/skin-care/face/,,,,,
,,,,,,Aveeno,Bath & Body,https://p.ipricegroup.com/266c65ec6bd45af2ad5d291c174822b4d55d5c67_0.jpg,https://iprice.hk/aveeno/bath-body/,,,,,
,,,,,,Biotherm,Face,https://p.ipricegroup.com/d51126a91ebcfc9cf57d58bba17a3ca5dc29198f_0.jpg,https://iprice.hk/biotherm/skin-care/face/,,,,,
,,,,,,FOREO,Face,https://p.ipricegroup.com/uploaded_d04c225e7883604364f6e446e33928f9.jpg,https://iprice.hk/foreo/skin-care/face/,,,,,
,,,,,,Neutrogena,Masks,https://p.ipricegroup.com/0f1542d542a2d21927c6323ebb9955c2f4e9e65f_0.jpg,https://iprice.hk/neutrogena/skin-care/face/masks/,,,,,
,,,,,,Lancôme,Face,https://p.ipricegroup.com/aeaf9fc0b8e80a2eb347a505bc95db0ba1cc41a6_0.jpg,https://iprice.hk/lancome/skin-care/face/,,,,,
,,,,,,Bobbi Brown,Face,https://p.ipricegroup.com/221b55f65d7be397c6eb6c5b8b40a790fdbd9bbf_0.jpg,https://iprice.hk/bobbi-brown/makeup/face/,,,,,
,,,,,,LANEIGE,Face,https://p.ipricegroup.com/3b27b6e4210bd7f4d99b45784bbd12a1f5a5176d_0.jpg,https://iprice.hk/laneige/makeup/face/,,,,,
,,,,,,too cool for school,Makeup,https://p.ipricegroup.com/b5a4947bbc8f3f3eb0ee5fa2f5f3aac2a145f4bb_0.jpg,https://iprice.hk/too-cool-for-school/makeup/,,,,,
,,,,,,Shiseido,Sun Protection,https://p.ipricegroup.com/864f050376895466626097a5fcb7a9017a822dc2_0.jpg,https://iprice.hk/shiseido/skin-care/face/sun-protection/,,,,,
,,,,,,The History of Whoo,Face,https://p.ipricegroup.com/5f3a6aacdc2000393468691b836b0d06e295824e_0.jpg,https://iprice.hk/the-history-of-whoo/skin-care/face/,,,,,
,,,,,,Missha,Face,https://p.ipricegroup.com/ad1ddefd8d24a55e5f90346d6d899ce4325f1f25_0.jpg,https://iprice.hk/missha/skin-care/face/,,,,,
,,,,,,laura mercier,Face,https://p.ipricegroup.com/bf047219bd28cb6c80d499a179f710700c2382a7_0.jpg,https://iprice.hk/laura-mercier/makeup/face/,,,,,
,,,,,,3CE,Lip Makeups,https://p.ipricegroup.com/55495b75adddd51b0ebc8b10b89db8eee84e17e0_0.jpg,https://iprice.hk/3ce/makeup/lips/,,,,,
,,,,,,Clarins,Face,https://p.ipricegroup.com/9b233db1a0f140f5fe84fa2276be491ddd88c367_0.jpg,https://iprice.hk/clarins/skin-care/face/,,,,,
,,,,,,,,,https://iprice.hk/babyliss/hair-care/styling/,,,,,
PLP-HB-Brand-Carousel,section13_brand,link,,,,items,,,,,,,,
,,,,,,name,image-url,url,,,,,,
,,,,,,Innisfree,https://a.ipricegroup.com/brand/babyliss.jpg,https://iprice.hk/innisfree/,,,,,,
,,,,,,Philips,https://a.ipricegroup.com/brand/innisfree.jpg,https://iprice.hk/philips/,,,,,,
,,,,,,Nature Republic,https://a.ipricegroup.com/media/philips_2.png,https://iprice.hk/nature-republic/,,,,,,
,,,,,,Etude House,https://a.ipricegroup.com/brand/nature-republic.jpg,https://iprice.hk/etude-house/,,,,,,
,,,,,,Kiehl's,https://a.ipricegroup.com/brand/etude-house.jpg,https://iprice.hk/kiehls/,,,,,,
,,,,,,Sulwhasoo,https://a.ipricegroup.com/brand/kiehls.jpg,https://iprice.hk/sulwhasoo/,,,,,,
,,,,,,NARS,https://a.ipricegroup.com/brand/sulwhasoo.jpg,https://iprice.hk/nars/,,,,,,
,,,,,,Mac,https://a.ipricegroup.com/brand/nars.jpg,https://iprice.hk/mac/,,,,,,
,,,,,,Daiso,https://a.ipricegroup.com/brand/mac.jpg,https://iprice.hk/daiso/,,,,,,
,,,,,,MUJI,,https://iprice.hk/muji/,,,,,,
,,,,,,L'occitane,https://a.ipricegroup.com/brand/muji.jpg,https://iprice.hk/loccitane/,,,,,,
,,,,,,Origins,https://a.ipricegroup.com/brand/loccitane.jpg,https://iprice.hk/origins/,,,,,,
,,,,,,Dior,https://a.ipricegroup.com/brand/origins.jpg,https://iprice.hk/dior/,,,,,,
,,,,,,Estée Lauder,https://a.ipricegroup.com/media/Zach__2_/dior.png,https://iprice.hk/estee-lauder/,,,,,,
,,,,,,Jo Malone,https://a.ipricegroup.com/brand/estee-lauder.jpg,https://iprice.hk/jo-malone/,,,,,,
,,,,,,Clinique,https://a.ipricegroup.com/brand/jo-malone.jpg,https://iprice.hk/clinique/,,,,,,
,,,,,,HERMÈS,https://a.ipricegroup.com/brand/clinique.jpg,https://iprice.hk/hermes/,,,,,,
,,,,,,Orbis,https://a.ipricegroup.com/brand/hermes.jpg,https://iprice.hk/orbis/,,,,,,
,,,,,,SOFINA,,https://iprice.hk/sofina/,,,,,,
,,,,,,IOPE,https://a.ipricegroup.com/brand/sofina.jpg,https://iprice.hk/iope/,,,,,,
,,,,,,Benefit,https://a.ipricegroup.com/brand/iope.jpg,https://iprice.hk/benefit/,,,,,,
,,,,,,Bobbi Brown,https://a.ipricegroup.com/brand/benefit.jpg,https://iprice.hk/bobbi-brown/,,,,,,
,,,,,,IPSA,https://a.ipricegroup.com/brand/bobbi-brown.jpg,https://iprice.hk/ipsa/,,,,,,
,,,,,,Lancôme,,https://iprice.hk/lancome/,,,,,,
,,,,,,LANEIGE,https://a.ipricegroup.com/brand/lancome.jpg,https://iprice.hk/laneige/,,,,,,
,,,,,,Aveeno,https://a.ipricegroup.com/brand/laneige.jpg,https://iprice.hk/aveeno/,,,,,,
,,,,,,,https://a.ipricegroup.com/brand/aveeno.jpg,https://iprice.hk/brands/,,,,,,
PLP-HB-Category-Carousel,section14,product-carousel,,,,,,,,,,,,
,,,,,,items,,,,,,,,
,,,,,,name,image-url,url,,,,,,
,,,,,,Skin Care,https://a.ipricegroup.com/media/homepage/Icon_v2/Skin_Care.png,https://iprice.hk/skin-care/,items1,,,,,
,,,,,,,,,name,url,,,,
,,,,,,,,,Face,https://iprice.hk/skin-care/face/,,,,
,,,,,,,,,Hand,https://iprice.hk/skin-care/hand/,,,,
,,,,,,,,,Eyes,https://iprice.hk/skin-care/eyes/,,,,
,,,,,,,,,Foot,https://iprice.hk/skin-care/foot/,,,,
,,,,,,Eyecare,https://a.ipricegroup.com/media/homepage/Icon_v2/Eye_Care.png,https://iprice.hk/eyecare/,items1,,,,,
,,,,,,,,,name,url,,,,
,,,,,,,,,Glasses,https://iprice.hk/eyecare/glasses/,,,,
,,,,,,,,,Contact Lenses,https://iprice.hk/eyecare/contact-lenses/,,,,
,,,,,,,,,Eye Drops,https://iprice.hk/eyecare/eye-drops/,,,,
,,,,,,Dental Care,https://a.ipricegroup.com/media/homepage/Icon_v2/Dental_Care.png,https://iprice.hk/dental-care/,items1,,,,,
,,,,,,,,,name,url,,,,
,,,,,,,,,Toothbrushes,https://iprice.hk/dental-care/toothbrushes/,,,,
,,,,,,,,,Toothpastes,https://iprice.hk/dental-care/toothpastes/,,,,
,,,,,,,,,Flosses,https://iprice.hk/dental-care/flosses/,,,,
,,,,,,,,,Mouthwash,https://iprice.hk/dental-care/mouthwash/,,,,
,,,,,,,,,Accessories,https://iprice.hk/dental-care/accessories/,,,,
,,,,,,Makeup,https://a.ipricegroup.com/media/homepage/Icon_v2/Make_Up.png,https://iprice.hk/makeup/,items1,,,,,
,,,,,,,,,name,url,,,,
,,,,,,,,,Lip Makeups,https://iprice.hk/makeup/lips/,,,,
,,,,,,,,,Face,https://iprice.hk/makeup/face/,,,,
,,,,,,,,,Accessories,https://iprice.hk/makeup/accessories/,,,,
,,,,,,,,,Eye Makeups,https://iprice.hk/makeup/eyes/,,,,
,,,,,,,,,Wigs,https://iprice.hk/makeup/wigs/,,,,
,,,,,,,,,Set,https://iprice.hk/makeup/set/,,,,
,,,,,,,,,Setting Sprays,https://iprice.hk/makeup/setting-sprays/,,,,
,,,,,,,,,Removers,https://iprice.hk/makeup/removers/,,,,
,,,,,,,,,Makeup Sets,https://iprice.hk/makeup/sets/,,,,
,,,,,,Perfume,https://a.ipricegroup.com/media/homepage/Icon_v2/Perfume.png,https://iprice.hk/perfume/,items1,,,,,
,,,,,,,,,name,url,,,,
,,,,,,,,,Eau De Toilette,https://iprice.hk/perfume/eau-de-toilette/,,,,
,,,,,,,,,Eau De Parfum,https://iprice.hk/perfume/eau-de-parfum/,,,,
,,,,,,,,,Eau De Cologne,https://iprice.hk/perfume/eau-de-cologne/,,,,
,,,,,,Hair Care,https://a.ipricegroup.com/media/homepage/Icon_v2/Hair_Care.png,https://iprice.hk/hair-care/,items1,,,,,
,,,,,,,,,name,url,,,,
,,,,,,,,,Styling,https://iprice.hk/hair-care/styling/,,,,
,,,,,,,,,Hair Treatments,https://iprice.hk/hair-care/treatments/,,,,
,,,,,,,,,Colouring,https://iprice.hk/hair-care/colouring/,,,,
,,,,,,,,,Shampoos,https://iprice.hk/hair-care/shampoos/,,,,
,,,,,,,,,Conditioners,https://iprice.hk/hair-care/conditioners/,,,,
,,,,,,Bath & Body,https://a.ipricegroup.com/media/homepage/Icon_v2/Bath_and_Body_.png,https://iprice.hk/bath-body/,items1,,,,,
,,,,,,,,,name,url,,,,
,,,,,,,,,Oils,https://iprice.hk/bath-body/oils/,,,,
,,,,,,,,,Lotions,https://iprice.hk/bath-body/lotions/,,,,
,,,,,,,,,Shower,https://iprice.hk/bath-body/shower/,,,,
,,,,,,,,,Body Mists,https://iprice.hk/bath-body/mists/,,,,
,,,,,,,,,Hair Removal,https://iprice.hk/bath-body/hair-removal/,,,,
,,,,,,,,,Massagers,https://iprice.hk/bath-body/massagers/,,,,
,,,,,,,,,Deodorants,https://iprice.hk/bath-body/deodorants/,,,,
,,,,,,,,,Bath & Body Accessories,https://iprice.hk/bath-body/accessories/,,,,
,,,,,,,,,Slimming,https://iprice.hk/bath-body/slimming/,,,,
,,,,,,,,,Slimming,https://iprice.hk/bath-body/slimming/,,,,
,,,,,,,,,Feminine Hygiene,https://iprice.hk/bath-body/feminine-hygiene/,,,,
,,,,,,,,,Massage Chairs,https://iprice.hk/bath-body/massage-chairs/,,,,
,,,,,,Supplements,https://a.ipricegroup.com/media/homepage/Icon_v2/Supplement.png,https://iprice.hk/supplements/,items1,,,,,
,,,,,,,,,name,url,,,,
,,,,,,,,,Vitamins,https://iprice.hk/supplements/vitamins/,,,,
,,,,,,,,,Dietary,https://iprice.hk/supplements/dietary/,,,,
,,,,,,,,,Chia Seeds,https://iprice.hk/supplements/chia-seeds/,,,,
,,,,,,,,,Collagen,https://iprice.hk/supplements/collagen/,,,,
,,,,,,,,,Minerals,https://iprice.hk/supplements/minerals/,,,,
,,,,,,,,,Antioxidants,https://iprice.hk/supplements/antioxidants/,,,,
,,,,,,,,,Weight Loss,https://iprice.hk/supplements/weight-loss/,,,,
,,,,,,Shaving Supplies,https://a.ipricegroup.com/media/homepage/Icon_v2/Shaving_Supplies.png,https://iprice.hk/shaving-supplies/,items1,,,,,
,,,,,,,,,name,url,,,,
,,,,,,,,,Trimmers & Clippers,https://iprice.hk/shaving-supplies/trimmers-clippers/,,,,
,,,,,,,,,After Shave,https://iprice.hk/shaving-supplies/after-shave/,,,,
,,,,,,,,,Creams,https://iprice.hk/shaving-supplies/creams/,,,,
,,,,,,,,,Razor Blades,https://iprice.hk/shaving-supplies/razor-blades/,,,,
,,,,,,,,,Razors,https://iprice.hk/shaving-supplies/razors/,,,,
,,,,,,,,,Gels,https://iprice.hk/shaving-supplies/gels/,,,,
,,,,,,Medical Supplies,https://a.ipricegroup.com/media/homepage/Icon_v2/Medical_Supplies.png,https://iprice.hk/medical-supplies/,items1,,,,,
,,,,,,,,,name,url,,,,
,,,,,,,,,Scale,https://iprice.hk/medical-supplies/scale/,,,,
,,,,,,,,,Blood Pressure,https://iprice.hk/medical-supplies/blood-pressure/,,,,
,,,,,,,,,Lumbar Support,https://iprice.hk/medical-supplies/lumbar-support/,,,,
,,,,,,,,,First Aid,https://iprice.hk/medical-supplies/first-aid/,,,,
,,,,,,,,,Injury Support,https://iprice.hk/medical-supplies/injury-support/,,,,
,,,,,,,,,Personal Pleasure,https://iprice.hk/medical-supplies/personal-pleasure/,,,,
,,,,,,,,,Thermometers,https://iprice.hk/medical-supplies/thermometers/,,,,
,,,,,,,,,Blood Glucose,https://iprice.hk/medical-supplies/blood-glucose/,,,,
,,,,,,,,,Wheel Chairs,https://iprice.hk/medical-supplies/wheel-chairs/,,,,
,,,,,,,,,Body Fat Analyzers,https://iprice.hk/medical-supplies/body-fat-analyzers/,,,,
,,,,,,,,,Nebulizers & Aspirators,https://iprice.hk/medical-supplies/nebulizers-aspirators/,,,,
,,,,,,,,,Commode Chairs,https://iprice.hk/medical-supplies/commode-chairs/,,,,
,,,,,,,,,Fertility Tests,https://iprice.hk/medical-supplies/fertility-tests/,,,,
PDP-HB-Carousel,section2,product-carousel,,,,items,,,,,,,,
,,,,,,name,price,store-count,image-url,url,,,,
,,,,,,LANEIGE Balancing Emulsion Moisture,HK$ 25.75,2,https://p.ipricegroup.com/3da35fa838ab196778c36ab43f97fc8f6f2dfd45_0.jpg,https://iprice.hk/compare/laneige-balancing-emulsion-moisture/,,,,
,,,,,,3CE Lip Marker,HK$ 130.00,1,https://p.ipricegroup.com/55495b75adddd51b0ebc8b10b89db8eee84e17e0_0.jpg,https://iprice.hk/compare/3ce-lip-marker/,,,,
,,,,,,Innisfree Capsule Recipe Pack Aloe Vera,HK$ 21.19,2,https://p.ipricegroup.com/098bc67902e795b633dcbc48a072a331720b530e_0.jpg,https://iprice.hk/compare/innisfree-capsule-recipe-pack-aloe-vera/,,,,
,,,,,,Estée Lauder Advanced Night Repair Synchronized Recovery Complex II,HK$ 536.89,3,https://p.ipricegroup.com/f8e2536ff7a2ac979d763bd570cd8219d69bbdb2_0.jpg,https://iprice.hk/compare/estee-lauder-advanced-night-repair-synchronized-recovery-complex-ii/,,,,
,,,,,,Shiseido WHITE LUCENT Brightening Moisturizing Emulsion W,HK$ 431.72,2,https://p.ipricegroup.com/a54151b9eb2471964114872cab6f59e27803a636_0.jpg,https://iprice.hk/compare/shiseido-white-lucent-brightening-moisturizing-emulsion-w/,,,,
,,,,,,Shiseido WHITE LUCENT Brightening Protective Cream W,HK$ 400.32,1,https://p.ipricegroup.com/9a058387f51dc2c8cef2760a5026db0218315b57_0.jpg,https://iprice.hk/compare/shiseido-white-lucent-brightening-protective-cream-w/,,,,
,,,,,,LANEIGE BB Cushion,HK$ 209.34,1,https://p.ipricegroup.com/2aab4fec8ba613d962dad0492d3ab3ff023c2bc1_0.jpg,https://iprice.hk/compare/laneige-bb-cushion/,,,,
,,,,,,SK-II Facial Treatment Essence,HK$ 77.11,4,https://p.ipricegroup.com/7dc310dcdaca65df9329b83b9154e03e723f0be8_0.jpg,https://iprice.hk/compare/sk-ii-facial-treatment-essence/,,,,
,,,,,,IOPE Bio Essence Intensive Conditioning,HK$ 219.78,2,https://p.ipricegroup.com/c4fab23c71b15d0d8af5b55a3506cac0ce1da188_0.jpg,https://iprice.hk/compare/iope-bio-essence-intensive-conditioning/,,,,
,,,,,,Kiehl's Ultra Facial Toner,HK$ 132.72,3,https://p.ipricegroup.com/505353b1aec243362d1f39263854d32a0f736a72_0.jpg,https://iprice.hk/compare/kiehls-ultra-facial-toner/,,,,
,,,,,,Laura Mercier Foundation Primer,HK$ 196.24,3,https://p.ipricegroup.com/bf047219bd28cb6c80d499a179f710700c2382a7_0.jpg,https://iprice.hk/compare/laura-mercier-foundation-primer/,,,,
,,,,,,Estée Lauder Advanced Night Repair Eye,HK$ 455.85,5,https://p.ipricegroup.com/0b77a948920b2a5870cbdd6cfdf83c144465f294_0.jpg,https://iprice.hk/compare/estee-lauder-advanced-night-repair-eye/,,,,
,,,,,,IOPE Air Cushion Blusher,HK$ 68.05,1,https://p.ipricegroup.com/uploaded_d6f8b14d26af14384ddc41a52dd891dd.jpg,https://iprice.hk/compare/iope-air-cushion-blusher/,,,,
,,,,,,Foreo Luna Mini,HK$ 777.10,1,https://p.ipricegroup.com/uploaded_d04c225e7883604364f6e446e33928f9.jpg,https://iprice.hk/compare/foreo-luna-mini/,,,,
,,,,,,Shiseido WHITE LUCENT Brightening Protective Emulsion W,HK$ 86.34,2,https://p.ipricegroup.com/37bad3b39b61ff127739530d7c443c07d639ea15_0.jpg,https://iprice.hk/compare/shiseido-white-lucent-brightening-protective-emulsion-w/,,,,
,,,,,,Innisfree Jeju Volcanic Pore Clay Mask 100ml,HK$ 58.32,2,https://p.ipricegroup.com/3f48bd3dc4e52da960222135a069937766dccf6c_0.jpg,https://iprice.hk/compare/innisfree-jeju-volcanic-pore-clay-mask-100ml/,,,,
,,,,,,Etude House Moistfull Collagen Water Jelly Cream,HK$ 82.58,3,https://p.ipricegroup.com/393e872b27521d6c5d2b1aa5f7c1440f1e3456fc_0.jpg,https://iprice.hk/compare/etude-house-moistfull-collagen-water-jelly-cream/,,,,
,,,,,,,,,,https://iprice.hk/compare/innisfree-no-sebum-mineral-powder/,,,,
PDP-HB-SeeMore,section2,product-carousel,,,,items,,,,,,,,
,,,,,,name,image-url,url,,,,,,
,,,,,,Foreo Luna Mini 2,https://p.ipricegroup.com/uploaded_d04c225e7883604364f6e446e33928f9.jpg,https://iprice.hk/compare/foreo-luna-mini-2/,,,,,,
,,,,,,Lucas Papaw Ointment,https://p.ipricegroup.com/uploaded_2e39147bd3101b6396b7105d9e5d358f.jpg,https://iprice.hk/compare/lucas-papaw-ointment/,,,,,,
,,,,,,Kiehl's Ultra Facial Cream,https://p.ipricegroup.com/54a433574bc8769582866f7041ad16253a341644_0.jpg,https://iprice.hk/compare/kiehls-ultra-facial-cream/,,,,,,
,,,,,,LANEIGE Lip Sleeping Mask,https://p.ipricegroup.com/uploaded_35f0b52a9e2158029fb2dd07954857ab.jpg,https://iprice.hk/compare/laneige-lip-sleeping-mask/,,,,,,
,,,,,,LANEIGE Water Sleeping Mask,https://p.ipricegroup.com/uploaded_ce9a80bbc9c4fbca299292e483ca7ca8.jpg,https://iprice.hk/compare/laneige-water-sleeping-mask/,,,,,,
,,,,,,M.A.C Studio Fix Fluid,https://a.ipricegroup.com/img/variant/img-not-found-large.png,https://iprice.hk/compare/mac-studio-fix-fluid/,,,,,,
,,,,,,Kiehl's Clearly Corrective Dark Spot Solution,https://p.ipricegroup.com/ee7262bac511aa5d42f10e68ced9dce2071b7706_0.jpg,https://iprice.hk/compare/kiehls-clearly-corrective-dark-spot-solution/,,,,,,
,,,,,,banila co. Clean it Zero,https://p.ipricegroup.com/1e106462664257ac3918e483874b4cf1afb126bb_0.jpg,https://iprice.hk/compare/banila-co-clean-it-zero/,,,,,,
,,,,,,Pixi Glow Tonic,https://p.ipricegroup.com/uploaded_c957dca5355687f948c583713364ec2d.jpg,https://iprice.hk/compare/pixi-glow-tonic/,,,,,,
,,,,,,Innisfree Vivid Cotton Ink,https://p.ipricegroup.com/35d10667afafa9b67921ef5b03ebeafd151e2422_0.jpg,https://iprice.hk/compare/innisfree-vivid-cotton-ink/,,,,,,
PDP-PLP-SeeMore,section10,link,More Products,1234,1234,items,,,,,,,,
,,,,,,name,image-url,url,,,,,,
,,,,,,Sata,https://p.ipricegroup.com/ca47ebe86baf7948a4ed407fdf85b73d5fee27ca_0.jpg,https://iprice.hk/sata/,,,,,,
,,,,,,Tutu,https://p.ipricegroup.com/caead52894aaa8bebe24d8dc1a7919b5a3d48b18_0.jpg,https://iprice.hk/clothing/skirts/tutu/,,,,,,
,,,,,,Nike,https://p.ipricegroup.com/46c06e0fcad25c00753f357ad79281e30c07be2d_0.jpg,https://iprice.hk/nike/,,,,,,
,,,,,,Zara,https://p.ipricegroup.com/49cc8bed5a71171aac95c63ae35f9472c722d95a_0.jpg,https://iprice.hk/zara/,,,,,,
,,,,,,Google,https://p.ipricegroup.com/uploaded_e3266a6ea7d269c417a4255a9e8ebe26.jpg,https://iprice.hk/google/,,,,,,
,,,,,,TOME,https://p.ipricegroup.com/86e9df3ec036f77e5e414145999574ec6b6e436c_0.jpg,https://iprice.hk/tome/,,,,,,
,,,,,,Amazon,https://p.ipricegroup.com/3147265f1dc744f5e5a62b1e592f118012648858_0.jpg,https://iprice.hk/amazon/,,,,,,
,,,,,,Hasel,https://p.ipricegroup.com/b6c0f7576f27ee434d11848fee9c8c5000b15358_0.jpg,https://iprice.hk/hasel/,,,,,,
,,,,,,MI,https://p.ipricegroup.com/e7db68b0cfdeac7fb8e1fa71c9399ee17ceb4d9c_0.jpg,https://iprice.hk/mi/,,,,,,
,,,,,,Movies,https://p.ipricegroup.com/b20a272e862b4c6696493b1f94b7261f98886f3b_0.jpg,https://iprice.hk/hobbies/movies/,,,,,,
,,,,,,BMW,https://p.ipricegroup.com/601d6c78fb7267eff74ce8b54357082b596cc613_0.jpg,https://iprice.hk/bmw/,,,,,,
,,,,,,Lenovo,https://p.ipricegroup.com/uploaded_bda0c284d3b07d03c909458c8315f076.jpg,https://iprice.hk/lenovo/,,,,,,
,,,,,,WATSONS,https://p.ipricegroup.com/8f3d1db3d10b34e07ae84a086e556045df575c98_0.jpg,https://iprice.hk/watsons/,,,,,,
,,,,,,Canon,https://p.ipricegroup.com/uploaded_907600789702416f4ce5bf4b08189f4d.jpg,https://iprice.hk/canon/,,,,,,
,,,,,,KFC,https://a.ipricegroup.com/store/kfc-hk.jpg,https://iprice.hk/coupons/kfc/,,,,,,
,,,,,,Rolex,https://p.ipricegroup.com/5e008d55d90e893f9913a1891d664c0593cdb594_0.jpg,https://iprice.hk/rolex/,,,,,,
,,,,,,Jeans,https://p.ipricegroup.com/2656f5f9de42e28dda31344cdef5eb2f360aea0e_0.jpg,https://iprice.hk/clothing/jeans/,,,,,,
,,,,,,Sephora,https://p.ipricegroup.com/uploaded_5f9e53c66918c695c93ce84c465c31e6.jpg,https://iprice.hk/sephora/,,,,,,
,,,,,,Toyota,https://p.ipricegroup.com/579c9155bd2c97bd7abfb98430e72fb51ba9ae76_0.jpg,https://iprice.hk/toyota/,,,,,,
,,,,,,In-Ear Headphones,https://p.ipricegroup.com/uploaded_97beee046754c9b7adeb5a918ebbfb19.jpg,https://iprice.hk/compare/apple-airpods/,,,,,,
End,,,,,,,,,,,,,,