section,name,type,title,go-to-url,go-to-title,,,,,,,,,
Coupons-Store-Carousel,section6,catagory-carousel-no-text,Popular Coupon Stores,https://iprice.my/coupons/stores/,All Stores,items,,,,,,,,
,,,,,,name,image-url,url,,,,,,
,,,,,,Lazada,https://a.ipricegroup.com/store/lazada-my.jpg,https://iprice.my/coupons/lazada/,,,,,,
,,,,,,Zalora,https://a.ipricegroup.com/store/zalora-my.jpg,https://iprice.my/coupons/zalora,,,,,,
,,,,,,Shopee,https://a.ipricegroup.com/store/shopee-my.jpg,https://iprice.my/coupons/shopee,,,,,,
,,,,,,11street,https://a.ipricegroup.com/store/11street-my.jpg,https://iprice.my/coupons/11street,,,,,,
,,,,,,Kkday,https://a.ipricegroup.com/store/kkday-my.jpg,https://iprice.my/coupons/kkday,,,,,,
,,,,,,Klook,https://a.ipricegroup.com/store/klook-my.jpg,https://iprice.my/coupons/klook,,,,,,
,,,,,,Malaysia Airlines,https://a.ipricegroup.com/store/malaysia.jpg,https://iprice.my/coupons/malaysia-airlines/,,,,,,
,,,,,,Grabfood,https://a.ipricegroup.com/store/grabfood-my.jpg,https://iprice.my/coupons/grabfood,,,,,,
,,,,,,Expedia,https://a.ipricegroup.com/store/expedia-my.jpg,https://iprice.my/coupons/expedia,,,,,,
,,,,,,Agoda,https://a.ipricegroup.com/store/agoda-my.jpg,https://iprice.my/coupons/agoda,,,,,,
,,,,,,Fave,https://a.ipricegroup.com/store/fave-my.jpg,https://iprice.my/coupons/fave,,,,,,
,,,,,,Traveloka,https://a.ipricegroup.com/store/traveloka-my.jpg,https://iprice.my/coupons/traveloka,,,,,,
,,,,,,Socar,https://a.ipricegroup.com/store/socar-my.jpg,https://iprice.my/coupons/socar,,,,,,
,,,,,,OYO,https://a.ipricegroup.com/store/oyo-my.jpg,https://iprice.my/coupons/oyo/,,,,,,
,,,,,,Farfetch,https://a.ipricegroup.com/store/farfetch-my.jpg,https://iprice.my/coupons/farfetch/,,,,,,
,,,,,,Fashion Valet,https://a.ipricegroup.com/store/fashionvalet.jpg,https://iprice.my/coupons/fashionvalet/,,,,,,
PLP-EL-BrandCategory-Carousel,section3,catagory-carousel,You might like,,,items,,,,,,,,
,,,,,,brand-name,name,image-url,url,,,,,
,,,,,,Huawei,Mobile Phones,https://d1ry3pze7o2kc.cloudfront.net/uploaded_124a674d7622410fa7b072c2c666beed.jpg,/huawei/phones-tablets/smartphones/,,,,,
,,,,,,Samsung,Mobile Phones,https://d1ry3pze7o2kc.cloudfront.net/uploaded_5cbd5efd39e152d32f8b99a8bc861ae2.jpg,/samsung/phones-tablets/smartphones/,,,,,
,,,,,,ASUS,Mobile Phones,https://d1ry3pze7o2kc.cloudfront.net/uploaded_4d01eeabe8e744e837f7f22537dc73b5.jpg,/asus/phones-tablets/smartphones/,,,,,
,,,,,,Toshiba,Washing Machines,https://d1ry3pze7o2kc.cloudfront.net/67bdc7a9689d0b6b4057e42d41020251c42237ef_0.jpg,/toshiba/appliances/laundry-machines/washing/,,,,,
,,,,,,Toshiba,Refrigerators,https://d1ry3pze7o2kc.cloudfront.net/uploaded_f270c911d662851d6678048b8033d585.jpg,/toshiba/appliances/refrigerators/,,,,,
,,,,,,KDK,Fans,https://d1ry3pze7o2kc.cloudfront.net/c1b3714cecaead0a022b5f6d687a6909884c1673_0.jpg,/kdk/appliances/fans/,,,,,
,,,,,,Canon,Camera & Photo,https://d1ry3pze7o2kc.cloudfront.net/uploaded_55e4d81dd039bbe21a49a17db2a907ee.jpg,/canon/camera-photo/,,,,,
,,,,,,Xiaomi,Mobile Phones,https://d1ry3pze7o2kc.cloudfront.net/uploaded_e553892afe433bccd0c1e8a67d7444a0.jpg,/xiaomi/phones-tablets/smartphones/,,,,,
,,,,,,Dyson,Vacuum Cleaners,https://d1ry3pze7o2kc.cloudfront.net/66d4faf0178f8679b0a916d5da9ff4457e8672dd_0.jpg,/dyson/appliances/vacuum-cleaners/,,,,,
,,,,,,Daikin,Air Conditioners,https://d1ry3pze7o2kc.cloudfront.net/34521391_0.jpg,/daikin/appliances/air-conditioners/,,,,,
,,,,,,Canon,Printers,https://d1ry3pze7o2kc.cloudfront.net/uploaded_d4ac38951e996c1c102f19b342c5544b.jpg,/canon/computing/printers/,,,,,
,,,,,,Sharp,Refrigerators,https://d1ry3pze7o2kc.cloudfront.net/6e7fc21bafbdc127cb84ff8b1629b6fdb109bf31_0.jpg,/sharp/appliances/refrigerators/,,,,,
,,,,,,Panasonic,Fans,https://d1ry3pze7o2kc.cloudfront.net/e9b8ba20c23aeed218c4ffcbc71964672c18acbf_0.jpg,/panasonic/appliances/fans/,,,,,
,,,,,,York,Air Conditioners,https://d1ry3pze7o2kc.cloudfront.net/35630778_0.jpg,/york/appliances/air-conditioners/,,,,,
,,,,,,Sharp,Washing Machines,https://d1ry3pze7o2kc.cloudfront.net/051f7cd805dc77f377358e3121645978aaaaa2b2_0.jpg,/sharp/appliances/laundry-machines/washing/,,,,,
,,,,,,Brother,Printers,https://d1ry3pze7o2kc.cloudfront.net/uploaded_5e9e63df4211d85339a9b8f75a500ac8.jpg,/brother/computing/printers/,,,,,
,,,,,,Samsung,Smartwatches,https://d1ry3pze7o2kc.cloudfront.net/uploaded_f83c4abde5c69c6e6f477ff1f8f7a05f.jpg,/samsung/phones-tablets/smartwatches/,,,,,
,,,,,,Panasonic,Refrigerators,https://d1ry3pze7o2kc.cloudfront.net/uploaded_fe142e66cb3e45d78033cad8832a0802.jpg,/panasonic/appliances/refrigerators/,,,,,
,,,,,,Vivo,Mobile Phones,https://d1vfs9f7h1rfk4.cloudfront.net/brand/vivo.jpg,/vivo/phones-tablets/smartphones/,,,,,
PLP-EL-Brand-Carousel,section3_brand,catagory-carousel-no-text,,,,items,,,,,,,,
,,,,,,name,image-url,url,,,,,,
,,,,,,Apple,https://d1vfs9f7h1rfk4.cloudfront.net/media/apple_2.png,/apple/,,,,,,
,,,,,,Xiaomi,https://d1vfs9f7h1rfk4.cloudfront.net/brand/xiaomi.jpg,/xiaomi/,,,,,,
,,,,,,Huawei,https://d1vfs9f7h1rfk4.cloudfront.net/media/huawei.png,/huawei/,,,,,,
,,,,,,Vivo,https://d1vfs9f7h1rfk4.cloudfront.net/brand/vivo.jpg,/vivo/,,,,,,
,,,,,,KDK,https://d1vfs9f7h1rfk4.cloudfront.net/brand/kdk.jpg,/kdk/,,,,,,
,,,,,,OPPO,https://d1vfs9f7h1rfk4.cloudfront.net/brand/oppo.jpg,/oppo/,,,,,,
,,,,,,Samsung,https://iprice-production-assets.s3-ap-southeast-1.amazonaws.com/brand/samsung.jpg,/samsung/,,,,,,
,,,,,,Asus,https://d1vfs9f7h1rfk4.cloudfront.net/media/asus_2.png,/asus/,,,,,,
,,,,,,Dell,https://d1vfs9f7h1rfk4.cloudfront.net/media/dell.png,/dell/,,,,,,
,,,,,,Canon,https://iprice-production-assets.s3-ap-southeast-1.amazonaws.com/brand/canon.jpg,/canon/,,,,,,
PLP-EL-Brand-SeeMore,section3_link,link,,,,items,,,,,,,,
,,,,,,name,image-url,url,,,,,,
,,,,,,,,/lenovo/,,,,,,
,,,,,,,,/hp/,,,,,,
,,,,,,,,/garmin/,,,,,,
,,,,,,,,/nokia/,,,,,,
,,,,,,,,/singer/,,,,,,
,,,,,,,,/acson/,,,,,,
,,,,,,,,/dyson/,,,,,,
,,,,,,,,/acer/,,,,,,
,,,,,,,,/epson/,,,,,,
,,,,,,,,/suunto/,,,,,,
,,,,,,,,/dji/,,,,,,
PLP-EL-Category-Carousel,section11,product-carousel,Explore More Electronics Products,,,items,,,,,,,,
,,,,,,name,image-url,url,,,,,,
,,,,,,Computer,,https://iprice.my/computing,items1,,,,,
,,,,,,,,,name,url,,,,
,,,,,,,,,,https://iprice.my/computing/laptops/,,,,
,,,,,,,,,,https://iprice.my/computing/desktop-pcs/,,,,
,,,,,,,,,,https://iprice.my/computing/webcams/,,,,
,,,,,,,,,,https://iprice.my/computing/software/,,,,
,,,,,,,,,,https://iprice.my/computing/printers/,,,,
,,,,,,,,,,https://iprice.my/computing/hardware/,,,,
,,,,,,,,,,https://iprice.my/computing/accessories/,,,,
,,,,,,,,,,https://iprice.my/computing/external-storage/,,,,
,,,,,,,,,,https://iprice.my/computing/network-gear/,,,,
,,,,,,Phones & Tablets,,https://iprice.my/phones-tablets/,items1,,,,,
,,,,,,,,,name,url,,,,
,,,,,,,,,,https://iprice.my/phones-tablets/smartphones/,,,,
,,,,,,,,,,https://iprice.my/phones-tablets/tablets/,,,,
,,,,,,,,,,https://iprice.my/phones-tablets/smartwatches/,,,,
,,,,,,,,,,https://iprice.my/phones-tablets/bluetooth-headsets/,,,,
,,,,,,,,,,https://iprice.my/phones-tablets/basic-phones/,,,,
,,,,,,,,,,https://iprice.my/upcoming-products/smartphones/,,,,
,,,,,,Gaming,,https://iprice.my/gaming/,items1,,,,,
,,,,,,,,,name,url,,,,
,,,,,,,,,,https://iprice.my/gaming/playstation/,,,,
,,,,,,,,,,https://iprice.my/gaming/xbox/,,,,
,,,,,,,,,,https://iprice.my/gaming/games/,,,,
,,,,,,,,,,https://iprice.my/gaming/controllers/,,,,
,,,,,,,,,,https://iprice.my/gaming/nintendo/,,,,
,,,,,,,,,,https://iprice.my/gaming/accessories/,,,,
,,,,,,,,,,https://iprice.my/gaming/mobile/,,,,
,,,,,,,,,,https://iprice.my/gaming/other-consoles/,,,,
,,,,,,Camera & Photo,,https://iprice.my/camera-photo/,items1,,,,,
,,,,,,,,,name,url,,,,
,,,,,,,,,,https://iprice.my/camera-photo/dslrs/,,,,
,,,,,,,,,,https://iprice.my/camera-photo/camcorders/,,,,
,,,,,,,,,,https://iprice.my/camera-photo/polaroid/,,,,
,,,,,,,,,,https://iprice.my/camera-photo/drones/,,,,
,,,,,,,,,,https://iprice.my/camera-photo/cctv/,,,,
,,,,,,,,,,https://iprice.my/camera-photo/action/,,,,
,,,,,,,,,,https://iprice.my/camera-photo/mirrorless/,,,,
,,,,,,,,,,https://iprice.my/camera-photo/underwater/,,,,
,,,,,,,,,,https://iprice.my/camera-photo/compact/,,,,
,,,,,,"TV, Video & DVD",,https://iprice.my/tv-video-dvd/,items1,,,,,
,,,,,,,,,name,url,,,,
,,,,,,,,,,https://iprice.my/tv-video-dvd/media-players/,,,,
,,,,,,,,,,https://iprice.my/tv-video-dvd/blu-ray/,,,,
,,,,,,,,,,https://iprice.my/tv-video-dvd/dvd-players/,,,,
,,,,,,,,,,https://iprice.my/tv-video-dvd/led/,,,,
,,,,,,,,,,https://iprice.my/tv-video-dvd/oled/,,,,
,,,,,,,,,,https://iprice.my/tv-video-dvd/plasma/,,,,
,,,,,,,,,,https://iprice.my/tv-video-dvd/uhd/,,,,
,,,,,,,,,,https://iprice.my/tv-video-dvd/accessories/,,,,
,,,,,,,,,,https://iprice.my/tv-video-dvd/streaming-media-players/,,,,
,,,,,,,,,,https://iprice.my/tv-video-dvd/hdmi-media-players/,,,,
,,,,,,Appliances,,https://iprice.my/appliances/,items1,,,,,
,,,,,,,,,name,url,,,,
,,,,,,,,,,https://iprice.my/appliances/fans/,,,,
,,,,,,,,,,https://iprice.my/appliances/refrigerators/,,,,
,,,,,,,,,,https://iprice.my/appliances/vacuum-cleaners/,,,,
,,,,,,,,,,https://iprice.my/appliances/air-conditioners/,,,,
,,,,,,,,,,https://iprice.my/appliances/microwaves/,,,,
,,,,,,,,,,https://iprice.my/appliances/freezers/,,,,
,,,,,,,,,,https://iprice.my/appliances/dishwashers/,,,,
,,,,,,,,,,https://iprice.my/appliances/cookers/,,,,
,,,,,,,,,,https://iprice.my/appliances/ovens/,,,,
,,,,,,,,,,https://iprice.my/appliances/mixers/,,,,
PDP-EL-Carousel,section1,product-carousel,See Prices from Various Stores,,,items,,,,,,,,
,,,,,,name,price,store-count,image-url,url,,,,
,,,,,,,,,,/compare/oppo-f9/,,,,
,,,,,,,,,,/compare/huawei-nova-2i/,,,,
,,,,,,,,,,/compare/apple-iphone-xs/,,,,
,,,,,,,,,,/compare/vivo-v9/,,,,
,,,,,,,,,,/compare/huawei-nova-3i/,,,,
,,,,,,,,,,/compare/huawei-p20-pro/,,,,
,,,,,,,,,,/compare/huawei-p20/,,,,
,,,,,,,,,,/compare/apple-iphone-xr/,,,,
,,,,,,,,,,/compare/oppo-f7/,,,,
,,,,,,,,,,/compare/vivo-y53/,,,,
,,,,,,,,,,/compare/xiaomi-pocophone-f1/,,,,
,,,,,,,,,,/compare/huawei-nova-2-lite/,,,,
,,,,,,,,,,/compare/oppo-r9s/,,,,
,,,,,,,,,,/compare/vivo-v11-pro/,,,,
,,,,,,,,,,/compare/huawei-honor-9/,,,,
,,,,,,,,,,/compare/samsung-galaxy-a9-pro/,,,,
,,,,,,,,,,/compare/samsung-galaxy-j6/,,,,
,,,,,,,,,,/compare/apple-iphone-6/,,,,
,,,,,,,,,,/compare/samsung-galaxy-note-9/,,,,
,,,,,,,,,,/compare/vivo-y71/,,,,
PDP-EL-SeeMore,section1_link,link,,,,items,,,,,,,,
,,,,,,name,image-url,url,,,,,,
,,,,,,,,/compare/oppo-a37/,,,,,,
,,,,,,,,/compare/asus-rog-phone/,,,,,,
,,,,,,,,/compare/huawei-mate-20-pro/,,,,,,
,,,,,,,,/compare/vivo-y81/,,,,,,
,,,,,,,,/compare/oppo-a3s/,,,,,,
,,,,,,,,/compare/oppo-f5/,,,,,,
,,,,,,,,/compare/vivo-v5/,,,,,,
,,,,,,,,/compare/vivo-v7/,,,,,,
,,,,,,,,/compare/samsung-galaxy-a7/,,,,,,
,,,,,,,,/compare/samsung-galaxy-j4-2018/,,,,,,
,,,,,,,,/compare/huawei-mate-20-lite/,,,,,,
,,,,,,,,/compare/apple-iphone-7/,,,,,,
,,,,,,,,/compare/oneplus-6/,,,,,,
,,,,,,,,/compare/vivo-y81-black/,,,,,,
,,,,,,,,/compare/oppo-a77/,,,,,,
,,,,,,,,/compare/oppo-realme-2/,,,,,,
,,,,,,,,/compare/samsung-galaxy-j2-prime/,,,,,,
,,,,,,,,/compare/huawei-nova-3e/,,,,,,
,,,,,,,,/compare/xiaomi-redmi-note-5-ai/,,,,,,
,,,,,,,,/compare/xiaomi-black-shark/,,,,,,
PLP-FA-BrandCategory-Men-Carousel,section4,fashion-panel,Top Fashion for Men,,,image-url,url,label,type,,,,,
,,,,,,https://iprice-production-assets.s3-ap-southeast-1.amazonaws.com/trends-article/5-luxury-travel-bags-that-will-fulfill-your-wanderlust.jpg,1234,1234,category-carousel,items,,,,
,,,,,,,,,,brand-name,name,url,image-url,main-url
,,,,,,,,,TRUE,Louis Vuitton,Bags,https://iprice.my/louis-vuitton/bags/men/,https://d1ry3pze7o2kc.cloudfront.net/1645ecf26b83f6a35e4aa1c84dffd21935010663_0.jpg,/louis-vuitton/bags/
,,,,,,,,,TRUE,Coach,Bags,https://iprice.my/coach/bags/men/,https://d1ry3pze7o2kc.cloudfront.net/dd645c09428b3b849b2582c535106715c8ef9e1c_0.jpg,/coach/bags/
,,,,,,,,,TRUE,Swarovski,Jewellery,https://iprice.my/swarovski/jewellery/men/,https://d1ry3pze7o2kc.cloudfront.net/1dddd589ea838198b99e7cc8cd9d55b8dcd9ad07_0.jpg,/swarovski/jewellery/
,,,,,,,,,TRUE,BONIA,Bags,https://iprice.my/bonia/bags/men/,https://d1ry3pze7o2kc.cloudfront.net/4d25bcd9f94f3e48fb3e374e4ff33d8423c66080_0.jpg,/bonia/bags/
,,,,,,,,,FALSE,Vincci,Shoes,,,/vincci/shoes/
,,,,,,,,,FALSE,Poh Kong,Jewellery,,,/poh-kong/jewellery/
,,,,,,,,,FALSE,HLA,Clothing,,,/hla/clothing/
,,,,,,,,,TRUE,Alexandre Christie,Watches,https://iprice.my/alexandre-christie/watches/men/,https://d1ry3pze7o2kc.cloudfront.net/3037702e15707342b01732b476e2605b3200beb3_0.jpg,/alexandre-christie/watches/
,,,,,,,,,TRUE,FILA,Shoes,https://iprice.my/fila/shoes/men/,https://d1ry3pze7o2kc.cloudfront.net/7a1495886352604033e8774cf0ec7974799fd93c_0.jpg,/fila/shoes/
,,,,,,,,,FALSE,Charles & Keith,Bags,,,/charles-keith/bags/
,,,,,,,,,FALSE,Pandora,Jewellery,,,/pandora/jewellery/
,,,,,,,,,FALSE,Longchamp,Bags,,,/longchamp/bags/
,,,,,,,,,FALSE,Vincci,Bags,,,/vincci/bags/
,,,,,,,,,TRUE,BONIA,Watches,https://iprice.my/bonia/watches/men/,https://d1ry3pze7o2kc.cloudfront.net/aa843ae115e8f71d90358430745c55ca1c2222d8_0.jpg,/bonia/watches/
,,,,,,,,,TRUE,Furla,Bags,https://iprice.my/furla/bags/men/,https://d1ry3pze7o2kc.cloudfront.net/0c53933e6d473194c18e532594ae5b9036d9566d_0.jpg,/furla/bags/
,,,,,,,,,TRUE,Burberry,Bags,https://iprice.my/burberry/bags/men/,https://d1ry3pze7o2kc.cloudfront.net/c51eac6136026348f35d64ab62ae32d0d4bd8871_0.jpg,/burberry/bags/
,,,,,,,,,FALSE,Tiffany & Co.,Jewellery,,,/tiffany-co/jewellery/
,,,,,,,,,TRUE,Mcm,Bags,https://iprice.my/mcm/bags/men/,https://d1ry3pze7o2kc.cloudfront.net/adc8016ccb46ef09054dfcf7532f47eae0a4adbd_0.jpg,/mcm/bags/
,,,,,,,,,TRUE,Cerruti 1881,Watches,https://iprice.my/cerruti-1881/watches/men/,https://d1ry3pze7o2kc.cloudfront.net/a6ed8c02004d13b1c93b0bd0836a80ea11ef84f3_0.jpg,/cerruti-1881/watches/
,,,,,,,,,TRUE,Tomei,Jewellery,https://iprice.my/tomei/jewellery/men/,https://d1ry3pze7o2kc.cloudfront.net/1c0f87dbdaae4dd42aa6672b309ec5fab9215134_0.jpg,/tomei/jewellery/
,,,,,,,,,TRUE,Alba,Watches,https://iprice.my/alba/watches/men/,https://d1ry3pze7o2kc.cloudfront.net/8b2fdff377f09db679816cda9b2b374cbf25fa95_0.jpg,/alba/watches/
,,,,,,,,,TRUE,Nike,Shoes,https://iprice.my/nike/shoes/men/,https://d1ry3pze7o2kc.cloudfront.net/122f0fbeb772484dd639891d53d183df4cb822dd_0.jpg,/nike/shoes/
PLP-FA-BrandCategory-Women-Carousel,section5,fashion-panel,Top Fashion for Women,,,image-url,url,label,type,,,,,
,,,,,,https://iprice-production-assets.s3.ap-southeast-1.amazonaws.com/trends-article/heres-your-bruno-mars-live-in-kuala-lumpur-starter-pack.jpg,1234,1234,category-carousel,items,,,,
,,,,,,,,,,brand-name,name,url,image-url,main-url
,,,,,,,,,TRUE,Louis Vuitton,Bags,https://iprice.my/louis-vuitton/bags/women/,https://d1ry3pze7o2kc.cloudfront.net/2e7847e3a40e66a50aad132fb73950d5761faeb6_0.jpg,/louis-vuitton/bags/
,,,,,,,,,TRUE,Coach,Bags,https://iprice.my/coach/bags/women/,https://d1ry3pze7o2kc.cloudfront.net/03f0dbef150e9dabe20d671f9c7c54ac5f02d1ce_0.jpg,/coach/bags/
,,,,,,,,,TRUE,Swarovski,Jewellery,https://iprice.my/swarovski/jewellery/women/,https://d1ry3pze7o2kc.cloudfront.net/755ca779d3fdcd8fd415a6898931470b57c538f4_0.jpg,/swarovski/jewellery/
,,,,,,,,,TRUE,BONIA,Bags,https://iprice.my/bonia/bags/women/,https://d1ry3pze7o2kc.cloudfront.net/1f88355c3ffb1c0a2dc2296082401021aa809e56_0.jpg,/bonia/bags/
,,,,,,,,,TRUE,Vincci,Shoes,https://iprice.my/vincci/shoes/women/,https://d1ry3pze7o2kc.cloudfront.net/6323e5d18a28a72bf96ed109257c92442b154f1d_0.jpg,/vincci/shoes/
,,,,,,,,,FALSE,Poh Kong,Jewellery,,,/poh-kong/jewellery/
,,,,,,,,,FALSE,HLA,Clothing,,,/hla/clothing/
,,,,,,,,,TRUE,Alexandre Christie,Watches,https://iprice.my/alexandre-christie/watches/women/,https://d1ry3pze7o2kc.cloudfront.net/0ffd0fa1d4643ed5005f4f9009c0d86665f703bd_0.jpg,/alexandre-christie/watches/
,,,,,,,,,TRUE,FILA,Shoes,https://iprice.my/fila/shoes/women/,https://d1ry3pze7o2kc.cloudfront.net/1f1c2f0abc7f68176614aa9e17e27c02ec980d0c_0.jpg,/fila/shoes/
,,,,,,,,,FALSE,Charles & Keith,Bags,,,/charles-keith/bags/
,,,,,,,,,FALSE,Pandora,Jewellery,,,/pandora/jewellery/
,,,,,,,,,TRUE,Longchamp,Bags,https://iprice.my/longchamp/bags/women/,https://d1ry3pze7o2kc.cloudfront.net/b94e2ea1c13f605d967725dc49dd50fef7c4f218_0.jpg,/longchamp/bags/
,,,,,,,,,TRUE,Vincci,Bags,https://iprice.my/vincci/bags/women/,https://d1ry3pze7o2kc.cloudfront.net/92d13b31908cf777b17ae3edc670f4b27b189f5f_0.jpg,/vincci/bags/
,,,,,,,,,TRUE,BONIA,Watches,https://iprice.my/bonia/watches/women/,https://d1ry3pze7o2kc.cloudfront.net/c9173a1cdc465fdb96c55cab5fd5cf78c3350217_0.jpg,/bonia/watches/
,,,,,,,,,TRUE,Furla,Bags,https://iprice.my/furla/bags/women/,https://d1ry3pze7o2kc.cloudfront.net/2733161bb1281317fa49f351bf4cfd45630cea0e_0.jpg,/furla/bags/
,,,,,,,,,TRUE,Burberry,Bags,https://iprice.my/burberry/bags/women/,https://d1ry3pze7o2kc.cloudfront.net/4354b1c0e4b7cec2c836a69c05228b6baeeca57f_0.jpg,/burberry/bags/
,,,,,,,,,TRUE,Tiffany & Co.,Jewellery,https://iprice.my/tiffany-co/jewellery/women/,https://d1ry3pze7o2kc.cloudfront.net/773ae1fcdb381dd95d537e13f3c4470485fde7fd_0.jpg,/tiffany-co/jewellery/
,,,,,,,,,TRUE,Mcm,Bags,https://iprice.my/mcm/bags/women/,https://d1ry3pze7o2kc.cloudfront.net/a0f805ad1b908ffaa051e563305e9f67dd6a972c_0.jpg,/mcm/bags/
,,,,,,,,,TRUE,Cerruti 1881,Watches,https://iprice.my/cerruti-1881/watches/women/,https://d1ry3pze7o2kc.cloudfront.net/c0b471229cc097e410fd09b40de70421b6c9e48f_0.jpg,/cerruti-1881/watches/
,,,,,,,,,TRUE,Tomei,Jewellery,https://iprice.my/tomei/jewellery/women/,https://d1ry3pze7o2kc.cloudfront.net/46148c7070272f3684bcedb9622a24467b7fb6ee_0.jpg,/tomei/jewellery/
,,,,,,,,,TRUE,Alba,Watches,https://iprice.my/alba/watches/women/,https://d1ry3pze7o2kc.cloudfront.net/4d309bbaa0b47f2806194920232acc6e5604dc83_0.jpg,/alba/watches/
,,,,,,,,,TRUE,Nike,Shoes,https://iprice.my/nike/shoes/women/,https://d1ry3pze7o2kc.cloudfront.net/d55887bdfe3c063d0c9229c1a655dcec56778f7c_0.jpg,/nike/shoes/
PLP-FA-Brand-Carousel,section5_brand,link,,,,items,,,,,,,,
,,,,,,brand-name,image-url,url,,,,,,
,,,,,,Sephora,https://d1vfs9f7h1rfk4.cloudfront.net/brand/sephora.jpg,/sephora/,,,,,,
,,,,,,Charles & Keith,https://d1vfs9f7h1rfk4.cloudfront.net/brand/charles-keith.jpg,/charles-keith/,,,,,,
,,,,,,adidas,https://d1vfs9f7h1rfk4.cloudfront.net/media/Zach__2_/adidas.png,/adidas/,,,,,,
,,,,,,Uniqlo,https://iprice-production-assets.s3.ap-southeast-1.amazonaws.com/brand/uniqlo.jpg,/uniqlo/,,,,,,
,,,,,,Nike,https://iprice-production-assets.s3-ap-southeast-1.amazonaws.com/brand/nike.jpg,/nike/,,,,,,
,,,,,,Vincci,https://a.ipricegroup.com/media/Zach__2_/vincci.png,/vincci/,,,,,,
,,,,,,BONIA,https://iprice-production-assets.s3-ap-southeast-1.amazonaws.com/brand/bonia.jpg,/bonia/,,,,,,
,,,,,,Longchamp,https://iprice-production-assets.s3.ap-southeast-1.amazonaws.com/brand/longchamp.jpg,/longchamp/,,,,,,
,,,,,,FILA,https://d1vfs9f7h1rfk4.cloudfront.net/brand/fila.jpg,/fila/,,,,,,
,,,,,,H&M,https://iprice-production-assets.s3-ap-southeast-1.amazonaws.com/brand/h-m.jpg,/h-m/,,,,,,
PLP-FA-Brand-SeeMore,section5_link,link,,,,items,,,,,,,,
,,,,,,name ,image-url,url,,,,,,
,,,,,,spao,,/spao/,,,,,,
,,,,,,Coach,,/coach/,,,,,,
,,,,,,Carlo Rino,,/carlo-rino/,,,,,,
,,,,,,The Body Shop,,/the-body-shop/,,,,,,
,,,,,,Zara,,/zara/,,,,,,
,,,,,,Victoria's Secret,,/victorias-secret/,,,,,,
,,,,,,Swatch,,/swatch/,,,,,,
,,,,,,G2000,,/g2000/,,,,,,
,,,,,,Barry Smith,,/barry-smith/,,,,,,
,,,,,,Fossil,,/fossil/,,,,,,
PLP-FA-Category-Carousel,section12,product-carousel,Explore More Fashion Products,,,,,,,,,,,
,,,,,,items,,,,,,,,
,,,,,,name,image-url,url,,,,,,
,,,,,,Womens' Clothing,,https://iprice.my/clothing/women/,items1,,,,,
,,,,,,,,,name,url,,,,
,,,,,,,,,,https://iprice.my/clothing/women/dresses/,,,,
,,,,,,,,,,https://iprice.my/clothing/women/tops/,,,,
,,,,,,,,,,https://iprice.my/clothing/traditional/baju-kebaya/,,,,
,,,,,,,,,,https://iprice.my/clothing/traditional/baju-kurung/,,,,
,,,,,,,,,,https://iprice.my/clothing/traditional/baju-kurung/moderns/,,,,
,,,,,,,,,,https://iprice.my/clothing/women/jeans/,,,,
,,,,,,,,,,https://iprice.my/clothing/women/skirts/,,,,
,,,,,,,,,,https://iprice.my/clothing/women/pants/,,,,
,,,,,,,,,,https://iprice.my/clothing/women/dresses/evening-gown/,,,,
,,,,,,,,,,https://iprice.my/clothing/women/swimwear/,,,,
,,,,,,,,,,https://iprice.my/clothing/women/sportswear/,,,,
,,,,,,,,,,https://iprice.my/clothing/women/underwear/lingerie/,,,,
,,,,,,,,,,https://iprice.my/baju-raya/,,,,
,,,,,,Womens' shoes,,https://iprice.my/shoes/women,items1,,,,,
,,,,,,,,,name,url,,,,
,,,,,,,,,,https://iprice.my/shoes/women/boots/,,,,
,,,,,,,,,,https://iprice.my/shoes/women/flats/,,,,
,,,,,,,,,,https://iprice.my/shoes/women/high-heels/,,,,
,,,,,,,,,,https://iprice.my/shoes/women/sneakers/,,,,
,,,,,,,,,,https://iprice.my/shoes/women/sports/,,,,
,,,,,,,,,,https://iprice.my/shoes/women/boat/,,,,
,,,,,,,,,,https://iprice.my/shoes/women/sandals/,,,,
,,,,,,,,,,https://iprice.my/shoes/women/brogues/,,,,
,,,,,,,,,,https://iprice.my/shoes/women/wedges/,,,,
,,,,,,Mens' clothing,,https://iprice.my/clothing/men/,items1,,,,,
,,,,,,,,,name,url,,,,
,,,,,,,,,,https://iprice.my/clothing/men/jackets/,,,,
,,,,,,,,,,https://iprice.my/clothing/men/formal-wear/,,,,
,,,,,,,,,,https://iprice.my/clothing/men/jeans/,,,,
,,,,,,,,,,https://iprice.my/clothing/men/shirts/,,,,
,,,,,,,,,,https://iprice.my/clothing/men/pants/,,,,
,,,,,,,,,,https://iprice.my/clothing/traditional/baju-melayu/,,,,
,,,,,,,,,,https://iprice.my/clothing/men/shorts/,,,,
,,,,,,,,,,https://iprice.my/clothing/men/sportswear/,,,,
,,,,,,,,,,https://iprice.my/clothing/men/t-shirts/,,,,
,,,,,,,,,,https://iprice.my/clothing/men/polo-shirts/,,,,
,,,,,,,,,,https://iprice.my/clothing/men/sunglasses/,,,,
,,,,,,Mens' shoes,,https://iprice.my/shoes/men/,items1,,,,,
,,,,,,,,,name,url,,,,
,,,,,,,,,,https://iprice.my/shoes/men/boots/,,,,
,,,,,,,,,,https://iprice.my/shoes/men/sneakers/,,,,
,,,,,,,,,,https://iprice.my/shoes/men/loafers/,,,,
,,,,,,,,,,https://iprice.my/shoes/men/flip-flops/,,,,
,,,,,,,,,,https://iprice.my/shoes/men/sports/,,,,
,,,,,,,,,,https://iprice.my/shoes/men/sports/running,,,,
,,,,,,,,,,https://iprice.my/shoes/men/sandals/,,,,
,,,,,,Bags,,https://iprice.my/bags/,items1,,,,,
,,,,,,,,,name,url,,,,
,,,,,,,,,,https://iprice.my/bags/backpacks/,,,,
,,,,,,,,,,https://iprice.my/bags/wallets/,,,,
,,,,,,,,,,https://iprice.my/bags/handbags/tote/,,,,
,,,,,,,,,,https://iprice.my/bags/handbags/clutches/,,,,
,,,,,,,,,,https://iprice.my/bags/sling/,,,,
,,,,,,,,,,https://iprice.my/bags/women/handbags/,,,,
,,,,,,,,,,https://iprice.my/bags/duffel/,,,,
,,,,,,,,,,https://iprice.my/bags/briefcases/,,,,
,,,,,,,,,,https://iprice.my/bags/travel/luggage/,,,,
,,,,,,,,,,https://iprice.my/bags/waist/,,,,
,,,,,,Jewellery,,https://iprice.my/jewellery/,items1,,,,,
,,,,,,,,,name,url,,,,
,,,,,,,,,,https://iprice.my/jewellery/rings/,,,,
,,,,,,,,,,https://iprice.my/jewellery/bracelets/,,,,
,,,,,,,,,,https://iprice.my/jewellery/charms/,,,,
,,,,,,,,,,https://iprice.my/jewellery/necklaces/,,,,
,,,,,,,,,,https://iprice.my/jewellery/earrings/,,,,
,,,,,,,,,,https://iprice.my/jewellery/cufflinks/,,,,
,,,,,,,,,,https://iprice.my/jewellery/beads/,,,,
,,,,,,,,,,https://iprice.my/jewellery/brooches/,,,,
,,,,,,,,,,https://iprice.my/jewellery/sets/,,,,
,,,,,,,,,,https://iprice.my/jewellery/accessories/,,,,
,,,,,,Watches,,https://iprice.my/watches/,items1,,,,,
,,,,,,,,,name,url,,,,
,,,,,,,,,,https://iprice.my/watches/women/,,,,
,,,,,,,,,,https://iprice.my/watches/men/,,,,
,,,,,,,,,,https://iprice.my/watches/sports/,,,,
,,,,,,,,,,https://iprice.my/watches/digital/,,,,
,,,,,,,,,,https://iprice.my/watches/chronograph/,,,,
,,,,,,,,,,https://iprice.my/watches/analogue/,,,,
,,,,,,,,,,https://iprice.my/watches/luxury/,,,,
PLP-HB-BrandCategory-Carousel,section13,fashion-panel,Health & Beauty,,,image-url,url,label,type,,,,,
,,,,,,,1234,1234,category-carousel,items,,,,
,,,,,,,,,,brand-name,name,image-url,url,
,,,,,,,,,,,,,https://iprice.my/chanel/makeup/,
,,,,,,,,,,,,,https://iprice.my/appeton/supplements/weight-gains/,
,,,,,,,,,,,,,https://iprice.my/dior/perfume/,
,,,,,,,,,,,,,https://iprice.my/chanel/perfume/,
,,,,,,,,,,,,,https://iprice.my/chanel/makeup/,
,,,,,,,,,,,,,https://iprice.my/dior/makeup,
,,,,,,,,,,,,,https://iprice.my/chanel.makeup/lips/lipsticks,
,,,,,,,,,,,,,https://iprice.my/jo-malone/perfume,
,,,,,,,,,,,,,https://iprice.my/calvin-klein/perfume/,
,,,,,,,,,,,,,https://iprice.my/gucci/perfume/,
,,,,,,,,,,,,,https://iprice.my/bvlgari/perfume/,
,,,,,,,,,,,,,https://iprice.my/makeup/wigs,
,,,,,,,,,,,,,https://iprice.my/bath-body-works/perfume/,
,,,,,,,,,,,,,https://iprice.my/hugo-boss/perfume/,
,,,,,,,,,,,,,https://iprice.my/victoria-secret/makeup/lips/lipsticks/,
,,,,,,,,,,,,,https://iprice.my/dkny/perfume/,
,,,,,,,,,,,,,https://iprice.my/atomy/skin-care/,
,,,,,,,,,,,,,https://iprice.my/chanel/skin-care/,
,,,,,,,,,,,,,https://iprice.my/dior/skin-care/,
,,,,,,,,,,,,,https://iprice.my/tom-ford/perfume/,
PLP-HB-Brand-Carousel,section13_brand,link,,,,items,,,,,,,,
,,,,,,brand-name,image-url,url,,,,,,
,,,,,,,,https://iprice.my/bath-body-works/,,,,,,
,,,,,,,,https://iprice.my/jo-malone/,,,,,,
,,,,,,,,https://iprice.my/alha-alfa-cosmetic/,,,,,,
,,,,,,,,https://iprice.my/muji/,,,,,,
,,,,,,,,https://iprice.my/victorias-secret/,,,,,,
,,,,,,,,https://iprice.my/lush/,,,,,,
,,,,,,,,https://iprice.my/nars-cosmetics/,,,,,,
,,,,,,,,https://iprice.my/johnson-suisse/,,,,,,
,,,,,,,,https://iprice.my/yves-saint-laurent/,,,,,,
,,,,,,,,https://iprice.my/sk-ii/,,,,,,
PLP-HB-Brand-SeeMore,section13_link,link,,,,items,,,,,,,,
,,,,,,name ,url,,,,,,,
,,,,,,,https://iprice.my/montblanc/,,,,,,,
,,,,,,,https://iprice.my/colourpop/,,,,,,,
,,,,,,,https://iprice.my/dior/,,,,,,,
,,,,,,,https://iprice.my/atomy/,,,,,,,
,,,,,,,https://iprice.my/tiffany-co/,,,,,,,
,,,,,,,https://iprice.my/bobbi-brown/,,,,,,,
,,,,,,,https://iprice.my/bioaqua/,,,,,,,
,,,,,,,https://iprice.my/chanel/,,,,,,,
,,,,,,,https://iprice.my/watsons/,,,,,,,
,,,,,,,https://iprice.my/sephora/,,,,,,,
PLP-HB-Category-Carousel,section14,product-carousel,Explore More Health & Beauty Products,,,,,,,,,,,
,,,,,,items,,,,,,,,
,,,,,,name,image-url,url,,,,,,
,,,,,,Skin Care,,https://iprice.my/skin-care/,items1,,,,,
,,,,,,,,,name,url,,,,
,,,,,,,,,,https://iprice.my/skin-care/face/,,,,
,,,,,,,,,,https://iprice.my/skin-care/hand/,,,,
,,,,,,,,,,https://iprice.my/skin-care/eyes/,,,,
,,,,,,,,,,https://iprice.my/skin-care/foot/,,,,
,,,,,,Eyecare,,https://iprice.my/eyecare/,items1,,,,,
,,,,,,,,,name,url,,,,
,,,,,,,,,,https://iprice.my/eyecare/glasses/,,,,
,,,,,,,,,,https://iprice.my/eyecare/contact-lenses/,,,,
,,,,,,,,,,https://iprice.my/eyecare/eye-drops/,,,,
,,,,,,Dental Care,,https://iprice.my/clothing/women/,items1,,,,,
,,,,,,,,,name,url,,,,
,,,,,,,,,,https://iprice.my/clothing/women/dresses/,,,,
,,,,,,,,,,https://iprice.my/clothing/women/tops/,,,,
,,,,,,,,,,https://iprice.my/clothing/traditional/baju-kebaya/,,,,
,,,,,,,,,,https://iprice.my/clothing/women/dresses/,,,,
,,,,,,,,,,https://iprice.my/clothing/women/tops/,,,,
,,,,,,Makeup,,https://iprice.my/clothing/women/,items1,,,,,
,,,,,,,,,name,url,,,,
,,,,,,,,,,https://iprice.my/clothing/women/dresses/,,,,
,,,,,,,,,,https://iprice.my/clothing/women/tops/,,,,
,,,,,,,,,,https://iprice.my/clothing/traditional/baju-kebaya/,,,,
,,,,,,,,,,https://iprice.my/clothing/women/dresses/,,,,
,,,,,,,,,,https://iprice.my/clothing/women/tops/,,,,
,,,,,,Perfume,,https://iprice.my/clothing/women/,items1,,,,,
,,,,,,,,,name,url,,,,
,,,,,,,,,,https://iprice.my/clothing/women/dresses/,,,,
,,,,,,,,,,https://iprice.my/clothing/women/tops/,,,,
,,,,,,,,,,https://iprice.my/clothing/traditional/baju-kebaya/,,,,
,,,,,,,,,,https://iprice.my/clothing/women/dresses/,,,,
,,,,,,,,,,https://iprice.my/clothing/women/tops/,,,,
,,,,,,Hair Care,,,,,,,,
,,,,,,,,,,,,,,
,,,,,,,,,,,,,,
,,,,,,,,,,,,,,
,,,,,,,,,,,,,,
,,,,,,,,,,,,,,
,,,,,,,,,,,,,,
,,,,,,,,,,,,,,
,,,,,,Bath & Body,,,,,,,,
,,,,,,,,,,,,,,
,,,,,,,,,,,,,,
,,,,,,,,,,,,,,
,,,,,,,,,,,,,,
,,,,,,,,,,,,,,
,,,,,,,,,,,,,,
,,,,,,Supplements,,,,,,,,
,,,,,,,,,,,,,,
,,,,,,,,,,,,,,
,,,,,,,,,,,,,,
,,,,,,,,,,,,,,
,,,,,,,,,,,,,,
,,,,,,,,,,,,,,
,,,,,,Shaving Supplies,,,,,,,,
,,,,,,,,,,,,,,
,,,,,,,,,,,,,,
,,,,,,,,,,,,,,
,,,,,,,,,,,,,,
,,,,,,,,,,,,,,
,,,,,,Medical Supplies,,,,,,,,
,,,,,,,,,,,,,,
,,,,,,,,,,,,,,
,,,,,,,,,,,,,,
,,,,,,,,,,,,,,
,,,,,,,,,,,,,,
,,,,,,,,,,,,,,
,,,,,,,,,,,,,,
,,,,,,,,,,,,,,
,,,,,,,,,,,,,,
,,,,,,,,,,,,,,
,,,,,,,,,,,,,,
,,,,,,,,,,,,,,
,,,,,,,,,,,,,,
,,,,,,,,,,,,,,
PDP-HB-Carousel,section2,product-carousel,Top products H&B,,,items,,,,,,,,
,,,,,,name,price,store-count,image-url,url,,,,
,,,,,,,,,,/compare/maybelline-superstay-24hr-foundation/,,,,
,,,,,,,,,,/compare/bath-body-works-fine-fragrance-mist/,,,,
,,,,,,,,,,/compare/laneige-water-sleeping-mask/,,,,
,,,,,,,,,,/compare/innisfree-its-real-squeeze-mask/,,,,
,,,,,,,,,,/compare/kiehls-clearly-corrective-dark-spot-solution/,,,,
,,,,,,,,,,/compare/nature-republic-aloe-vera/,,,,
,,,,,,,,,,/compare/maybelline-fit-me-foundation-matte-poreless/,,,,
,,,,,,,,,,/compare/sk-ii-facial-treatment-essence/,,,,
,,,,,,,,,,/compare/bath-body-works-shower-gel/,,,,
,,,,,,,,,,/compare/laneige-lip-sleeping-mask/,,,,
,,,,,,,,,,/compare/colourpop-ultra-matte-lip/,,,,
,,,,,,,,,,/compare/versace-bright-crystal-absolu/,,,,
,,,,,,,,,,/compare/avon-simply-pretty-colour-magic-lipstick/,,,,
,,,,,,,,,,/compare/laura-mercier-loose-setting-powder/,,,,
,,,,,,,,,,/compare/mac-matte-lipstick/,,,,
,,,,,,,,,,/compare/amway-glister-mint-refresher-spray/,,,,
,,,,,,,,,,/compare/avon-simply-pretty-colour-magic-lipstick-chameleon-cherry/,,,,
,,,,,,,,,,/compare/colourpop-i-think-i-love-you/,,,,
,,,,,,,,,,/compare/pixi-glow-tonic/,,,,
,,,,,,,,,,/compare/colourpop-fem-rosa/,,,,
PDP-HB-SeeMore,section2,product-carousel,Top products H&B,See more,,items,,,,,,,,
,,,,,,name,image-url,url,,,,,,
,,,,,,,,/compare/laneige-skin-veil-base-ex/,,,,,,
,,,,,,,,/compare/laura-mercier-loose-setting-powder/,,,,,,
,,,,,,,,/compare/sk-ii-stempower-cream/,,,,,,
,,,,,,,,/compare/innisfree-the-green-tea-seed-serum/,,,,,,
,,,,,,,,/compare/3ce-lip-lacquer/,,,,,,
,,,,,,,,/compare/avon-glimmerstick-eye-liner/,,,,,,
,,,,,,,,/compare/avon-simply-pretty-metallic-liquid-eyeliner/,,,,,,
,,,,,,,,/compare/eversoft-skinz-uv-white/,,,,,,
,,,,,,,,/compare/innisfree-real-fit-velvet-lipstick/,,,,,,
,,,,,,,,/compare/innisfree-super-volcanic-pore-clay-mask/,,,,,,
PDP-PLP-SeeMore,section10,link,Explore More,1234,1234,items,,,,,,,,
,,,,,,name,url,,,,,,,
,,,,,,Huawei Nova 2i,https://iprice.my/compare/huawei-nova-2i/,,,,,,,
,,,,,,iPhone XS malaysia,https://iprice.my/compare/apple-iphone-xs/,,,,,,,
,,,,,,Vivo v9,https://iprice.my/compare/vivo-v9/,,,,,,,
,,,,,,Oppo Malaysia,https://iprice.my/oppo/phones-tablets/smartphones/,,,,,,,
,,,,,,Mobile price in Malaysia,https://iprice.my/phones-tablets/smartphones/,,,,,,,
,,,,,,Huawei Mate 20 pro price in Malaysia,https://iprice.my/compare/huawei-p20-pro/,,,,,,,
,,,,,,iPhone price in Malaysia,https://iprice.my/apple/iphone/,,,,,,,
,,,,,,Huawei Nova 2 lite,https://iprice.my/compare/huawei-nova-2-lite/,,,,,,,
,,,,,,iPhone X price,https://iprice.my/compare/apple-iphone-x/,,,,,,,
,,,,,,Oppo F9 price in Malaysia,https://iprice.my/compare/oppo-f9/,,,,,,,
,,,,,,Coach bags,https://iprice.my/coach/bags/,,,,,,,
,,,,,,Huawei Malaysia,https://iprice.my/huawei/phones-tablets/smartphones/,,,,,,,
,,,,,,lv bags,https://iprice.my/louis-vuitton/bags/,,,,,,,
,,,,,,Apple iPhone 7 price,https://iprice.my/compare/apple-iphone-7/,,,,,,,
,,,,,,Gshock Malaysia,https://iprice.my/casio/g-shock/,,,,,,,
,,,,,,Gucci bags,https://iprice.my/gucci/bags/,,,,,,,
,,,,,,Chanel bags,https://iprice.my/chanel/bags/,,,,,,,
,,,,,,Pocophone F1 Malaysia,https://iprice.my/compare/xiaomi-pocophone-f1/,,,,,,,
,,,,,,Note 9 Malaysia,https://iprice.my/compare/samsung-galaxy-note-9/,,,,,,,
,,,,,,Acer Malaysia,https://iprice.my/acer/computing/laptops/,,,,,,,
,,,,,,Watsons Malaysia,https://iprice.my/watsons/,,,,,,,
,,,,,,Atomy Malaysia,https://iprice.my/atomy/,,,,,,,
,,,,,,Ikea Malaysia,https://iprice.my/ikea/,,,,,,,
,,,,,,Alha Alfa Cosmetic Malaysia,https://iprice.my/alha-alfa-cosmetic/,,,,,,,
,,,,,,Appeton Supplements,https://iprice.my/appeton/supplements/weight-gains/,,,,,,,
,,,,,,Smiggle Malaysia,https://iprice.my/smiggle/,,,,,,,
,,,,,,Robin May Malaysia,https://iprice.my/robin-may/,,,,,,,
,,,,,,Toyota Estima price Malaysia,https://iprice.my/toyota/estima/,,,,,,,
,,,,,,Samsung Galaxy phones,https://iprice.my/samsung/galaxy/,,,,,,,
,,,,,,Evening gowns,https://iprice.my/clothing/dresses/evening-gown/,,,,,,,
,,,,,,Lush Malaysia,https://iprice.my/lush/,,,,,,,
,,,,,,Vapes,https://iprice.my/gadgets/vapes/,,,,,,,
,,,,,,Anmum Malaysia,https://iprice.my/anmum/,,,,,,,
,,,,,,Drypers pampers,https://iprice.my/drypers/,,,,,,,
,,,,,,Perodua Axia price Malaysia,https://iprice.my/perodua/axia/,,,,,,,
,,,,,,Huawei Honor phones,https://iprice.my/huawei/honor/,,,,,,,
,,,,,,Tupperware Malaysia,https://iprice.my/tupperware/,,,,,,,